motor_temperature_c,vibration_mm_s,belt_speed_m_min,load_kg,hours_since_service,failed_inspection
80.5,1.36,49.8,200.2,567,0
75.8,3.26,56.5,268.2,448,0
77.6,1.25,42.3,225.5,882,1
57.2,1.31,47.1,377.1,65,0
76.7,0.5,44.4,219.0,228,0
66.3,2.29,42.8,400.0,739,0
66.1,3.26,45.6,300.0,782,1
79.2,2.5,48.8,170.5,682,0
63.6,3.26,43.6,313.8,410,0
55.2,2.52,37.0,281.8,272,0
63.3,5.87,47.6,308.4,737,1
56.0,0.27,37.0,254.9,42,0
49.6,4.28,42.8,409.3,130,0
66.5,0.52,44.0,323.8,898,0
72.0,2.58,50.6,356.8,687,0
46.4,7.61,47.2,230.7,709,0
68.1,1.15,44.0,329.4,524,0
70.6,2.4,50.6,262.9,96,0
69.7,2.65,44.6,308.4,78,0
55.3,0.97,48.4,237.5,113,0
64.9,6.09,40.1,379.4,711,1
66.1,2.02,52.1,310.8,309,0
72.3,3.11,41.2,349.3,365,0
55.1,3.42,38.8,273.4,184,0
71.8,4.32,51.8,244.2,848,1
77.9,3.66,42.1,318.2,185,0
45.1,6.04,43.8,470.0,93,0
70.2,2.83,57.1,220.6,691,0
52.7,0.67,55.4,274.8,318,0
66.3,2.36,35.4,402.6,167,0
61.2,1.83,51.7,397.6,256,0
80.7,3.0,42.3,200.2,211,0
68.6,9.5,49.6,296.4,661,1
76.0,4.24,39.7,294.1,686,0
57.5,8.38,51.4,297.3,263,0
72.6,1.53,29.5,466.5,338,0
82.2,0.59,58.2,289.5,77,0
60.9,0.44,30.3,402.4,539,0
74.7,7.11,30.9,347.6,666,1
72.8,1.85,53.6,346.6,133,0
67.4,1.04,39.4,299.6,807,0
55.5,5.19,47.0,441.4,424,0
70.8,1.47,43.7,424.7,334,0
65.3,2.54,55.6,216.6,249,0
74.0,2.55,40.1,264.2,467,0
75.8,0.99,48.1,417.1,567,0
83.3,1.16,46.8,162.9,74,0
59.6,4.49,39.4,175.3,250,0
76.7,4.29,38.6,387.6,714,1
75.0,1.81,43.5,537.2,348,0
68.8,1.54,40.5,560.0,746,0
74.1,0.53,39.2,217.1,688,1
69.3,2.87,40.5,433.6,524,0
74.7,3.16,43.7,297.8,557,0
71.9,2.57,41.1,326.0,63,0
62.4,1.96,55.2,250.3,807,0
69.1,2.51,40.7,497.4,110,0
74.6,5.18,42.2,279.7,237,0
59.5,0.44,26.1,151.7,321,0
64.0,1.29,50.8,219.8,57,0
81.1,0.76,40.5,328.0,744,0
71.2,2.02,48.2,334.2,478,0
61.8,2.39,34.5,276.1,205,0
62.4,2.58,32.5,426.9,25,0
82.2,2.09,34.7,200.3,895,1
72.7,2.14,44.5,347.8,27,0
49.1,5.64,41.6,105.3,505,0
73.3,2.47,42.1,258.7,665,0
59.2,9.03,49.7,382.4,208,0
67.0,0.88,41.0,341.4,78,0
52.2,2.04,51.9,476.7,231,0
65.3,2.92,39.5,387.0,626,0
60.4,3.17,47.3,414.3,486,0
56.0,2.12,36.8,332.5,829,1
77.2,5.25,56.1,344.8,603,1
92.8,2.24,36.7,271.7,90,0
73.7,2.27,43.5,323.6,750,1
70.0,1.48,41.8,353.3,232,0
55.7,4.46,48.5,506.4,680,1
65.5,2.02,39.7,244.2,101,0
61.3,1.27,38.0,339.9,233,0
49.3,1.91,46.5,148.6,634,0
73.5,3.25,36.9,175.9,828,0
67.4,3.24,43.5,400.0,793,1
60.7,2.96,51.3,344.6,153,0
53.0,1.85,39.1,407.6,608,0
72.4,2.17,30.7,316.2,814,0
81.5,2.75,36.6,265.0,473,0
69.0,1.31,48.3,271.5,305,0
62.9,2.8,35.9,238.2,598,0
74.1,1.2,26.3,342.0,449,0
58.2,1.74,50.3,432.6,411,0
46.2,2.25,42.2,353.1,152,0
85.1,2.68,41.3,326.7,232,0
84.9,2.91,51.5,127.1,291,0
65.0,4.19,38.3,385.7,598,0
68.7,1.28,55.4,356.1,761,0
84.7,3.74,47.4,192.7,530,1
57.0,0.94,41.3,340.4,361,0
69.2,2.46,47.4,231.1,400,0
76.7,3.59,47.2,276.5,526,0
85.4,1.44,45.4,301.0,604,0
60.0,3.03,36.7,373.0,825,0
59.8,1.68,47.3,279.7,198,0
69.9,4.77,43.3,323.9,57,0
62.2,2.49,50.6,268.5,511,0
83.5,4.19,47.4,272.3,399,0
60.5,2.64,43.1,373.3,541,0
69.9,1.12,52.8,363.4,807,0
69.7,2.76,40.4,220.6,577,0
65.3,0.56,49.5,219.9,597,0
51.2,4.39,54.2,285.0,503,0
81.2,2.92,51.1,302.1,234,0
70.0,2.31,35.8,392.6,181,0
74.8,3.08,44.5,172.0,606,0
73.9,2.66,37.9,246.8,446,0
62.4,1.22,40.9,155.7,323,0
63.6,0.57,48.6,223.9,394,0
63.6,4.21,36.6,239.4,723,0
79.6,1.96,51.4,322.4,879,1
62.8,3.31,56.1,398.1,34,0
45.5,2.12,46.2,207.7,318,0
64.8,3.68,48.9,207.6,741,1
58.8,3.62,42.5,399.6,760,0
77.3,1.32,54.7,262.9,148,0
61.4,2.11,29.1,286.2,276,0
72.0,7.56,36.0,216.4,821,1
67.4,1.66,65.0,396.7,92,0
69.7,0.92,50.7,376.6,470,0
59.0,0.67,43.5,200.2,394,0
63.3,3.08,41.0,237.9,409,0
67.2,1.02,47.6,287.0,757,0
72.4,5.13,54.4,211.0,540,0
71.8,3.19,42.6,305.2,856,0
56.1,4.33,52.4,308.7,517,0
64.7,2.48,31.7,326.8,695,0
77.5,2.01,48.5,205.3,561,0
74.8,2.27,45.6,221.9,336,0
62.3,0.44,44.7,374.2,773,0
62.8,2.48,58.1,191.2,202,0
83.4,3.4,39.9,352.4,813,1
75.0,1.74,50.7,284.8,625,0
50.8,2.58,58.8,427.4,298,0
88.8,0.8,53.0,221.4,590,0
74.8,0.56,40.5,248.3,425,0
70.6,5.41,50.5,316.1,57,0
63.0,0.42,33.9,360.8,667,0
57.0,5.71,49.8,348.5,106,0
61.5,1.49,52.0,209.2,555,0
60.0,1.9,44.2,230.4,560,0
56.3,5.05,38.7,217.6,44,0
47.5,1.27,43.8,258.5,743,0
81.8,2.01,40.7,192.7,316,0
81.2,2.72,39.2,211.5,564,0
73.7,3.55,46.6,370.3,320,0
69.2,2.88,44.5,283.9,775,1
61.6,4.59,45.5,373.1,841,1
63.2,1.23,44.2,226.8,519,0
67.4,3.16,51.4,218.8,346,0
59.0,1.33,46.0,258.1,331,0
70.8,3.06,51.4,433.7,761,0
67.4,2.54,43.7,392.6,118,0
64.6,0.75,25.7,250.8,309,0
69.7,2.49,50.7,492.3,549,0
68.6,4.67,41.2,328.8,704,0
77.6,0.79,48.8,328.9,718,1
65.4,2.37,42.2,275.7,619,0
58.1,2.18,45.6,224.5,245,0
71.1,2.98,49.8,375.0,51,0
80.9,3.65,36.2,184.8,153,0
86.4,2.29,65.0,413.6,181,0
77.2,2.29,39.9,372.0,381,0
55.5,1.93,48.7,283.2,605,0
60.8,3.62,53.4,276.7,833,0
52.9,1.73,46.2,317.8,265,0
69.3,0.77,56.2,345.9,402,0
66.5,1.91,53.0,304.9,231,0
58.1,2.09,44.8,294.5,850,1
84.0,1.82,47.8,318.7,420,0
77.3,4.43,41.7,281.2,470,0
64.5,4.92,34.5,187.8,387,0
77.2,1.23,36.9,280.4,374,0
48.1,2.75,51.8,320.8,504,0
73.2,2.42,42.2,320.8,820,0
70.3,0.45,42.8,226.6,697,1
91.1,0.64,45.4,336.5,526,0
82.1,2.63,44.4,310.1,85,0
75.3,5.08,33.7,435.3,334,0
65.9,3.12,42.9,279.4,793,1
64.8,2.63,40.7,290.7,815,1
72.5,2.23,43.7,365.8,860,1
67.2,1.07,36.1,367.8,896,0
62.3,4.39,46.7,391.9,819,0
82.0,7.23,57.5,244.0,591,1
64.4,6.11,58.0,434.3,84,0
51.6,3.5,39.2,313.2,814,0
72.6,1.13,35.7,282.5,191,0
63.5,2.17,55.0,321.4,119,0
70.6,1.9,44.8,441.8,541,0
77.5,1.49,41.3,221.1,355,0
56.2,3.08,49.8,358.5,206,0
50.2,5.04,38.5,318.8,90,0
58.3,6.15,40.8,178.2,583,0
76.1,5.16,35.8,322.4,793,0
86.0,3.6,28.3,274.8,41,0
84.0,1.28,48.7,317.9,101,0
64.1,4.67,40.2,222.1,307,0
67.9,1.08,46.0,192.3,498,0
72.3,0.27,30.0,483.9,801,0
60.5,3.26,48.5,286.3,876,0
68.2,1.23,45.0,163.5,768,0
66.3,3.69,48.3,431.5,771,1
79.4,0.96,57.5,423.2,564,1
63.7,1.44,37.0,226.3,274,0
86.9,3.27,36.6,249.4,147,0
76.6,3.14,39.7,390.0,555,0
69.7,4.16,44.9,239.3,156,0
51.8,3.89,41.5,320.4,161,0
70.2,2.19,35.6,358.6,111,0
69.0,6.4,41.8,238.0,645,0
82.1,0.95,33.6,285.5,76,0
71.9,3.64,41.1,413.6,867,0
90.2,2.82,34.5,345.2,623,0
67.3,1.97,43.2,223.5,110,0
51.7,1.2,48.0,220.0,809,0
73.9,1.06,49.2,340.3,797,1
54.7,3.52,47.4,194.6,656,0
69.3,1.72,49.8,235.0,121,0
61.2,3.97,49.0,253.6,835,0
79.9,1.14,35.6,261.1,262,0
59.5,1.29,47.7,79.8,453,0
76.2,0.89,41.6,219.1,96,0
51.0,2.88,36.6,269.6,595,0
78.4,4.16,40.4,412.2,218,0
56.9,2.19,43.1,275.4,515,0
71.3,4.76,42.7,290.6,834,1
79.3,2.39,46.3,422.2,76,0
63.6,2.4,45.9,390.0,605,0
67.2,1.12,40.3,328.2,588,0
81.3,0.72,51.1,322.1,734,0
69.8,2.52,27.2,325.1,118,0
69.3,1.6,42.0,242.6,684,0
81.5,2.54,39.9,370.7,251,0
73.5,5.27,42.9,276.1,585,1
67.6,1.99,46.5,157.1,77,0
72.1,2.24,36.8,333.3,203,0
46.8,4.4,31.2,235.9,550,0
41.9,1.73,34.4,268.6,129,0
58.4,0.8,52.8,376.1,460,0
73.4,0.56,35.8,216.2,418,0
59.1,2.52,42.6,492.8,156,0
62.5,0.53,35.0,366.2,704,0
71.0,6.6,52.9,162.8,212,0
75.2,3.87,32.7,271.4,585,1
74.6,1.27,56.6,404.1,600,0
62.5,1.17,53.2,281.2,565,0
73.4,1.67,45.3,252.9,29,0
66.4,7.34,36.6,393.5,449,0
69.6,1.33,54.7,130.0,138,0
80.2,3.37,45.1,351.0,491,0
93.8,6.91,27.3,323.4,680,1
50.4,8.14,42.1,136.8,142,0
61.7,0.52,44.4,498.3,684,0
52.4,3.61,51.0,559.0,90,0
57.1,1.55,37.4,243.5,354,0
81.4,2.05,44.8,290.5,373,0
95.1,4.82,38.3,193.9,39,0
78.6,1.78,47.3,276.3,492,0
62.6,0.24,47.3,346.3,402,0
52.0,2.67,58.9,337.0,193,0
48.7,1.11,46.0,308.7,506,0
80.3,2.81,35.7,305.1,857,1
77.8,1.57,56.3,360.3,198,0
65.3,0.68,38.2,314.6,114,0
81.1,3.62,43.0,416.3,638,1
75.0,2.0,40.8,251.8,820,0
79.7,3.58,43.1,326.2,360,0
64.8,2.44,48.4,525.9,379,0
82.6,1.22,42.5,273.9,152,0
54.1,2.92,48.5,290.2,524,0
72.3,1.09,38.2,454.6,517,0
83.4,1.86,44.2,448.6,497,0
64.8,1.17,44.7,327.7,264,0
72.5,0.23,48.4,259.8,876,1
70.9,1.3,51.7,413.0,417,0
65.8,4.32,39.5,328.3,23,0
61.1,0.6,57.3,392.2,297,0
58.4,4.23,46.3,254.4,59,0
67.2,1.02,56.4,414.3,523,0
92.9,6.09,38.5,310.3,6,0
64.5,2.56,53.3,378.6,196,0
64.6,0.82,42.0,243.1,687,0
80.1,6.42,41.7,461.4,428,0
42.5,2.13,49.1,196.8,392,0
57.8,1.09,42.5,303.2,492,0
62.8,1.37,49.3,362.1,335,0
69.6,3.39,45.1,302.1,33,0
62.4,1.51,38.2,384.5,650,0
65.2,2.52,36.2,331.2,291,0
61.1,2.61,41.4,289.2,556,0
63.2,1.53,47.4,320.3,186,0
68.4,3.12,34.1,143.8,141,0
55.7,4.26,29.6,246.2,598,0
85.7,1.69,41.2,370.4,371,0
47.8,2.08,38.4,253.5,847,0
76.8,1.39,51.8,245.8,888,1
76.4,2.38,33.9,361.0,774,0
68.8,1.56,50.5,327.1,445,0
74.9,3.17,35.7,221.7,740,0
53.2,2.82,56.4,303.4,548,0
77.8,5.13,49.5,190.3,757,0
69.4,4.53,45.9,392.9,103,0
73.5,0.17,41.5,354.4,710,0
77.4,1.6,47.8,196.2,617,0
75.5,3.93,60.1,363.2,491,0
82.6,2.6,47.8,457.9,104,0
72.9,4.22,41.2,427.9,63,0
82.0,3.99,49.6,369.0,638,0
58.2,0.98,49.8,363.0,756,0
78.7,0.98,57.2,355.6,608,0
50.7,4.71,35.5,289.1,707,0
62.4,2.6,34.0,211.2,770,0
38.0,2.92,43.3,408.1,234,0
67.7,2.44,36.6,241.1,131,0
84.6,3.37,48.2,241.9,48,0
49.2,5.6,37.5,257.0,415,0
60.0,1.84,36.6,274.7,659,0
63.2,2.16,53.8,310.4,354,0
59.0,2.51,43.4,350.3,193,0
83.2,2.53,42.6,384.1,587,0
55.1,3.31,48.0,257.6,74,0
90.9,2.04,48.1,267.5,153,0
81.2,0.98,38.6,258.0,814,1
65.0,2.83,38.3,403.2,139,0
84.8,2.14,33.3,258.7,811,1
71.1,4.76,41.6,329.5,624,0
63.3,1.37,46.5,101.8,368,0
68.8,5.93,36.4,303.4,397,0
79.1,1.77,39.9,265.0,260,0
67.9,5.05,42.9,343.5,632,0
66.1,2.89,50.4,283.2,803,1
66.0,1.59,47.3,338.9,669,0
59.7,2.38,44.4,212.2,396,0
73.5,2.63,43.5,323.6,74,0
69.3,1.98,47.7,366.9,789,1
58.2,0.36,44.6,406.6,152,0
64.0,0.95,45.5,460.2,707,0
66.8,6.73,52.1,276.0,843,1
53.2,6.15,40.0,530.6,420,0
70.5,1.58,53.0,467.8,222,0
61.0,2.05,51.7,371.1,695,0
73.9,2.76,47.4,387.4,261,0
61.1,4.28,36.4,171.2,115,0
70.7,4.69,33.9,293.0,838,1
67.1,1.93,48.6,268.4,752,1
68.6,1.58,39.7,376.7,776,0
71.0,1.61,59.5,424.0,277,0
79.4,7.24,36.7,356.5,10,0
74.8,2.21,30.6,533.3,37,0
64.4,0.82,35.6,299.8,465,0
59.1,2.04,42.0,175.5,107,0
87.7,3.2,46.6,304.6,671,1
65.0,4.7,42.5,240.9,130,0
63.9,0.78,32.5,325.3,679,0
54.7,3.43,34.3,118.1,498,0
64.4,1.8,37.0,232.6,794,1
48.9,4.6,42.2,94.6,54,0
63.8,6.86,61.5,328.9,789,0
72.4,4.96,51.3,202.4,130,0
64.6,1.13,36.5,361.2,184,0
89.2,3.06,48.2,429.2,746,1
74.4,2.66,37.6,476.4,520,0
84.7,7.31,47.3,350.7,638,1
57.6,4.17,43.7,355.2,886,1
55.3,1.48,41.9,304.0,837,0
56.8,1.52,56.7,284.1,142,0
73.7,1.0,48.4,388.8,8,0
53.2,5.34,61.8,314.7,294,0
70.7,6.74,44.6,196.3,281,0
64.6,1.89,60.6,435.5,582,0
78.5,0.33,49.9,442.8,635,0
61.1,3.01,36.5,276.7,776,0
63.3,1.94,44.5,413.4,203,0
77.5,2.43,41.4,153.2,818,1
49.7,0.5,41.3,241.9,732,0
72.3,2.73,46.7,320.9,32,0
69.5,2.02,54.8,247.0,342,0
64.4,1.92,42.6,276.8,883,1
66.0,2.83,50.1,394.7,159,0
78.9,2.01,50.8,272.5,710,1
78.8,4.64,49.5,239.4,851,1
80.3,2.65,37.4,362.3,25,0
80.2,3.59,46.0,363.8,845,1
62.1,4.67,53.1,442.8,513,0
75.7,1.51,35.2,337.8,43,0
69.3,0.85,42.3,320.3,614,0
90.2,3.24,26.8,331.3,582,1
76.3,8.54,38.1,273.6,403,0
71.5,1.85,47.3,292.9,741,0
57.5,2.03,45.6,351.6,668,0
73.9,1.24,40.0,367.5,789,0
72.5,2.12,35.7,361.2,742,0
66.5,3.99,48.8,380.1,590,0
50.3,6.57,49.5,264.2,622,1
68.9,1.14,46.7,317.0,103,0
84.8,2.34,50.1,306.5,352,0
68.1,3.98,54.7,331.2,511,0
68.9,2.58,37.3,325.0,82,0
71.8,1.52,48.4,224.3,193,0
78.4,4.79,46.4,268.4,882,1
68.1,5.23,44.5,311.8,23,0
71.5,1.2,50.5,297.3,791,1
45.2,0.86,37.4,224.7,518,0
59.1,1.86,45.6,325.0,494,0
53.6,3.13,42.3,228.1,651,0
76.1,5.22,40.6,165.2,244,0
65.3,0.83,52.8,251.6,65,0
72.8,2.98,46.3,372.5,895,0
42.7,0.22,39.6,282.8,154,0
51.4,1.45,49.8,158.4,845,0
65.9,6.05,53.4,338.7,645,0
71.3,1.94,44.2,440.5,20,0
84.9,2.87,40.0,447.4,363,0
78.3,5.45,49.5,286.1,625,1
58.7,1.31,42.7,311.3,584,0
55.1,2.73,54.3,290.6,52,0
50.3,0.94,49.1,275.2,284,0
83.3,1.51,44.5,153.4,897,1
75.5,0.79,48.9,117.4,499,0
66.7,3.85,51.8,370.7,608,0
79.5,1.65,41.4,311.4,215,0
70.4,2.95,48.9,261.8,756,0
57.9,1.78,51.4,274.9,705,0
85.2,5.73,42.4,312.9,256,0
47.5,0.8,47.2,396.9,649,0
75.9,5.12,49.5,362.7,642,0
68.1,4.06,47.6,225.2,498,0
60.9,2.38,46.1,198.8,235,0
74.0,2.27,41.5,342.7,53,0
56.3,3.95,42.4,320.7,830,1
85.9,4.34,51.1,288.8,567,1
67.5,1.55,53.8,136.0,871,1
46.1,1.81,38.1,309.6,520,0
63.1,2.06,48.7,360.2,384,0
70.5,3.3,36.9,312.3,507,0
61.8,4.99,47.3,136.0,611,0
59.4,1.24,38.4,210.3,274,0
64.8,0.34,41.9,343.3,111,0
70.3,0.96,52.1,342.1,418,0
78.2,3.2,34.6,334.0,832,1
73.7,3.16,46.5,368.1,55,0
73.0,0.93,34.5,225.4,193,0
69.7,1.07,42.4,197.9,115,0
79.9,0.85,49.5,327.6,779,1
71.6,1.39,39.5,266.4,391,0
58.5,1.26,35.9,140.3,745,0
82.8,4.07,50.4,330.6,845,1
71.3,2.21,33.7,453.2,798,1
63.5,4.36,35.2,280.0,638,0
77.3,2.37,43.6,195.6,380,0
74.2,4.09,39.0,226.5,14,0
66.3,7.53,40.7,249.0,15,0
55.0,0.9,35.8,445.5,84,0
69.7,3.42,52.8,409.8,357,0
67.3,2.81,42.7,268.3,482,0
62.9,1.46,56.6,172.6,635,0
62.3,1.75,45.7,359.0,842,0
67.6,3.85,40.2,272.1,503,0
70.1,3.07,58.8,376.0,742,0
76.2,4.84,47.1,286.6,628,1
67.2,2.3,28.5,278.2,877,1
55.0,2.09,50.0,234.7,811,1
63.6,1.79,44.5,265.8,620,0
66.4,1.6,37.0,384.7,739,0
65.6,2.23,46.3,197.8,455,0
59.8,3.79,50.2,371.1,583,0
85.2,0.94,49.7,455.7,366,0
61.1,2.07,47.9,303.0,854,1
51.9,0.15,49.3,560.0,584,0
53.2,2.42,39.0,220.3,313,0
70.6,0.65,36.5,356.5,587,0
54.0,3.52,30.9,290.8,422,0
69.1,3.57,40.8,335.6,391,0
68.1,1.63,43.3,229.5,46,0
61.7,1.02,48.1,283.7,191,0
64.5,2.65,58.7,319.6,770,0
73.3,2.12,32.9,265.0,399,0
64.9,3.63,42.2,367.0,8,0
70.5,2.34,45.6,233.8,640,0
50.3,0.58,42.9,282.3,259,0
80.7,1.08,48.0,276.9,337,0
44.5,0.93,47.4,173.9,273,0
82.8,2.6,44.7,270.8,621,1
78.1,1.77,50.4,311.7,415,0
80.2,2.06,41.1,208.2,500,0
64.4,1.42,51.2,273.1,30,0
69.4,3.24,51.0,182.9,874,1
55.2,1.52,60.3,258.0,39,0
67.2,0.39,48.4,350.5,543,0
63.1,1.97,43.3,402.3,244,0
69.4,1.98,46.4,372.7,516,0
67.1,0.49,33.2,220.6,711,0
73.0,0.69,35.9,325.1,884,1
67.7,0.61,60.0,366.0,530,0
76.9,2.37,38.8,308.0,890,1
59.8,5.53,46.1,257.2,133,0
73.6,1.03,49.3,250.8,712,0
80.6,2.36,44.8,369.4,399,0
78.1,2.35,44.6,343.4,227,0
65.3,2.85,39.4,263.5,634,0
72.6,2.68,35.5,417.6,678,0
61.2,2.14,49.4,471.1,496,0
70.3,5.32,45.2,115.0,752,1
63.2,2.37,44.7,288.5,49,0
63.6,0.63,47.9,369.1,45,0
77.1,1.04,54.5,329.7,553,0
64.3,1.34,26.8,342.2,587,0
84.6,3.48,38.8,278.4,277,0
76.4,2.38,50.8,346.6,84,0
55.1,3.66,45.6,310.9,743,0
91.9,5.31,46.7,329.5,36,0
65.5,0.41,42.9,372.4,366,0
58.8,1.72,43.5,298.6,574,0
63.1,0.65,54.5,417.1,290,0
63.8,3.2,51.9,286.8,87,0
66.7,1.37,35.6,291.4,638,0
66.4,4.0,47.0,285.6,264,0
75.0,2.87,35.7,250.6,547,0
71.5,0.33,49.1,325.4,723,0
57.0,1.39,41.0,384.7,738,0
57.2,0.65,46.2,272.6,744,0
48.8,4.41,29.7,310.3,182,0
76.8,7.2,49.3,300.4,617,0
57.6,1.45,37.0,352.9,28,0
68.9,1.16,33.3,282.9,178,0
66.9,3.85,26.3,360.8,457,0
59.0,2.63,45.2,261.6,417,0
69.3,4.51,42.7,230.4,20,0
64.7,2.39,38.7,123.8,897,1
59.4,1.19,43.3,398.8,384,0
72.9,1.14,35.5,331.8,431,0
60.2,1.01,38.9,230.5,22,0
68.4,2.07,44.7,274.4,663,0
72.2,2.27,41.8,287.7,27,0
84.0,1.83,43.5,181.0,798,1
66.1,1.45,36.5,85.0,865,0
64.8,0.83,52.9,143.6,242,0
69.4,0.89,47.4,364.8,898,1
56.8,0.27,41.4,494.1,108,0
78.8,0.18,32.3,243.0,463,0
64.2,0.62,46.2,417.3,248,0
63.7,0.59,42.9,346.6,216,0
72.4,1.2,35.2,287.8,283,0
53.9,1.88,47.8,403.9,752,1
56.9,1.64,56.8,345.4,62,0
73.3,9.5,41.0,338.3,569,1
84.6,6.64,44.8,222.4,302,0
47.9,5.84,40.0,324.1,82,0
68.5,1.78,45.4,338.2,387,0
79.3,3.88,44.2,483.9,11,0
65.6,1.59,59.7,484.0,781,1
66.3,0.15,46.3,357.2,421,0
78.1,3.91,43.8,383.1,880,1
73.8,2.73,53.2,306.7,717,1
70.6,0.54,41.2,235.3,637,0
53.7,0.31,37.2,120.5,636,0
68.1,4.24,41.8,327.1,696,0
74.6,1.68,36.2,312.0,133,0
64.6,1.36,40.2,344.3,562,0
66.0,0.6,35.5,335.3,433,0
62.7,0.2,47.0,249.6,803,0
67.7,0.92,53.5,387.4,786,0
61.4,2.36,39.5,417.5,792,0
73.4,1.07,35.8,204.9,160,0
71.6,4.97,40.8,257.5,785,0
73.4,3.64,54.1,197.4,129,0
58.2,4.91,54.9,268.2,561,0
49.8,4.71,47.7,366.9,463,0
74.4,3.56,40.8,456.5,733,0
58.1,0.32,51.5,504.2,872,0
75.0,1.46,46.2,371.6,384,0
72.9,1.6,57.0,328.8,157,0
67.9,1.37,42.1,402.2,308,0
48.1,1.87,45.3,214.1,258,0
71.2,1.26,39.9,250.8,198,0
70.1,3.86,44.3,250.7,321,0
87.6,2.43,38.2,337.9,111,0
74.7,2.24,43.2,435.7,291,0
65.4,0.15,38.6,131.6,867,0
52.0,5.13,55.5,303.8,209,0
80.3,1.23,48.4,505.9,410,0
57.6,2.64,45.0,506.5,205,0
62.1,3.74,42.5,135.4,778,0
71.5,2.8,54.0,271.8,661,0
66.5,2.19,42.7,303.4,109,0
77.2,2.13,50.9,314.0,797,1
65.7,4.23,43.5,157.9,697,1
77.6,3.75,37.2,324.0,493,0
74.4,2.61,48.0,356.7,788,1
55.8,6.2,36.0,448.7,386,0
55.0,2.02,51.3,404.9,684,0
69.4,5.54,40.4,292.3,15,0
75.4,0.15,43.0,336.3,736,0
83.9,3.67,40.8,218.9,500,0
59.7,3.39,38.4,326.6,216,0
57.4,2.19,44.4,261.9,252,0
78.9,4.63,46.7,336.7,554,1
66.6,1.42,53.3,267.6,887,0
75.8,0.58,31.5,284.6,782,0
57.7,0.45,47.5,91.6,538,0
80.6,1.33,46.1,255.6,714,0
61.6,1.07,46.0,244.1,307,0
72.2,0.61,53.7,94.5,103,0
64.1,1.52,54.3,363.0,356,0
66.0,3.6,41.4,239.5,411,0
84.5,3.85,39.9,438.3,117,0
66.5,2.72,48.3,372.6,182,0
85.7,6.44,54.3,363.1,713,1
84.3,2.94,51.4,397.1,296,0
76.9,1.1,49.0,350.6,769,0
65.7,4.09,33.6,70.0,300,0
47.2,5.73,46.2,422.2,855,0
45.6,3.06,42.6,224.2,449,0
74.8,1.98,42.5,158.7,873,1
52.9,0.73,33.1,356.7,686,0
63.1,2.36,34.5,189.3,597,0
61.1,1.2,51.2,283.9,256,0
73.8,1.98,33.7,294.2,107,0
58.5,0.9,38.0,289.4,589,0
76.0,4.14,49.4,252.3,450,0
85.1,2.09,54.4,361.2,454,0
85.1,2.0,45.7,232.4,222,0
67.1,3.31,46.2,333.3,557,1
60.2,1.25,36.7,555.4,668,0
64.9,4.9,41.2,206.3,225,0
85.6,2.6,38.0,151.5,173,0
52.9,1.4,48.4,329.4,339,0
51.7,4.04,51.0,354.7,854,0
56.8,2.51,44.6,209.2,833,0
95.7,8.98,53.2,373.4,739,1
72.7,4.81,44.0,344.1,776,0
63.1,3.14,51.4,304.2,73,0
63.6,7.56,51.1,377.6,623,0
79.0,1.59,42.7,392.6,336,0
59.1,2.27,49.4,295.6,116,0
56.4,4.7,44.0,318.4,897,0
62.3,1.23,41.2,313.6,780,0
65.0,0.41,48.7,213.0,884,0
63.4,8.92,45.7,306.3,528,0
80.3,1.72,50.3,262.2,336,0
89.6,1.34,45.0,172.2,21,0
73.5,2.32,37.5,294.9,793,1
59.6,3.17,44.0,204.0,841,1
53.2,3.43,44.6,273.9,428,0
71.5,3.17,41.3,429.8,831,1
64.3,3.41,44.9,314.1,580,0
61.1,3.6,36.1,348.3,163,0
75.4,0.6,37.6,332.9,159,0
51.5,0.72,37.7,359.6,370,0
64.4,0.95,39.4,248.1,767,0
53.6,6.54,39.2,251.4,345,0
67.0,1.86,51.0,114.1,346,0
64.3,1.93,39.5,360.8,152,0
79.3,0.65,39.4,339.3,224,0
79.8,1.5,43.5,257.4,148,0
83.9,1.79,48.8,218.9,420,0
78.9,1.65,40.9,508.6,586,0
64.4,2.78,39.7,305.5,822,0
72.9,2.63,56.4,345.5,267,0
65.8,2.64,48.5,216.6,592,0
84.2,2.69,58.4,399.6,252,0
53.9,0.15,54.1,385.1,483,0
95.7,2.28,59.8,375.5,618,1
82.2,2.54,48.6,402.9,190,0
75.3,3.0,42.1,249.5,543,0
78.1,1.79,36.6,323.5,323,0
57.9,0.39,42.9,310.5,372,0
84.9,1.17,50.2,394.7,499,0
60.4,2.87,39.9,468.6,30,0
77.8,2.01,51.6,198.2,679,0
75.5,3.58,44.0,387.1,571,0
69.9,1.8,44.2,159.7,115,0
61.1,1.87,42.2,412.5,349,0
79.4,1.48,42.1,393.6,620,0
61.5,0.65,48.2,290.3,741,0
70.2,2.42,39.6,170.3,205,0
76.1,1.82,45.9,304.5,591,0
72.2,3.39,41.5,322.8,131,0
80.1,2.49,45.7,448.4,793,1
70.8,7.11,37.1,255.3,214,0
78.7,0.63,44.4,446.0,55,0
71.3,2.47,44.2,406.9,846,0
57.3,3.13,41.6,453.3,581,0
52.8,3.75,58.8,256.4,551,0
87.4,1.37,23.9,332.7,634,0
77.9,1.91,42.0,351.3,859,1
49.6,1.39,48.8,293.3,530,0
72.9,1.24,45.0,243.1,417,0
69.2,1.84,50.9,507.4,313,0
61.5,5.7,38.1,252.5,24,0
77.5,0.51,36.1,336.4,736,1
83.3,0.8,40.0,448.8,880,0
77.2,3.21,28.0,299.1,847,1
79.4,3.9,43.2,282.0,734,1
55.3,2.18,40.4,318.1,213,0
69.5,0.44,39.1,217.1,582,0
62.4,0.64,42.1,348.9,572,0
56.8,3.86,50.5,242.9,553,0
70.3,4.38,40.3,222.4,29,0
78.1,3.57,44.4,137.9,658,1
45.9,3.13,38.9,237.0,272,0
95.2,3.88,56.4,421.0,419,1
59.7,1.3,32.4,410.4,49,0
70.3,3.75,65.0,335.0,30,0
74.8,2.16,45.1,269.1,646,0
55.0,3.03,43.8,381.1,318,0
56.2,4.38,45.8,409.4,768,1
76.7,1.9,54.7,340.5,12,0
70.1,2.54,47.3,317.4,877,0
82.3,3.3,48.3,312.9,31,0
69.3,0.58,39.3,474.7,70,0
69.6,1.65,56.6,181.9,855,1
89.5,7.07,43.2,393.3,619,1
60.4,0.22,46.3,131.2,578,0
57.5,1.3,28.6,366.2,672,0
75.8,6.36,42.5,375.3,431,0
74.7,0.87,38.8,237.4,830,0
61.0,0.62,38.8,388.0,576,0
75.3,9.5,40.1,152.3,111,0
72.3,4.24,59.1,442.7,693,0
79.2,2.66,42.9,276.4,184,0
73.0,4.1,53.3,245.6,487,0
83.5,1.05,57.6,362.7,695,1
77.0,1.99,53.3,329.9,484,0
82.5,4.06,51.8,70.0,460,0
77.0,1.84,48.6,156.4,307,0
69.3,2.66,44.4,292.5,207,0
75.6,7.53,53.7,324.7,65,0
63.1,1.71,63.1,208.9,236,0
68.7,0.68,40.4,398.7,349,0
67.0,3.35,55.6,383.4,808,1
72.6,2.08,50.2,406.0,553,0
59.0,3.62,35.8,268.6,259,0
56.3,3.1,49.4,332.9,698,0
74.2,2.64,52.8,260.1,60,0
46.0,2.22,37.8,250.2,593,0
80.2,8.62,44.4,428.4,365,1
74.5,3.41,50.8,259.9,301,0
66.9,1.94,53.5,312.5,314,0
68.5,9.08,41.1,485.0,698,1
69.1,4.49,37.0,317.8,753,1
65.4,3.64,57.1,404.3,646,0
63.6,3.53,42.2,282.8,578,0
65.9,2.09,41.6,317.8,498,0
71.9,0.79,49.2,239.6,298,0
59.4,0.63,56.9,474.5,78,0
61.0,3.86,31.5,332.1,730,0
70.7,1.75,43.1,385.2,80,0
52.6,2.53,43.3,289.0,524,0
64.4,2.38,57.5,363.8,776,1
76.7,1.08,54.3,381.0,555,0
55.5,1.96,41.3,342.6,226,0
68.6,0.68,44.9,338.7,108,0
67.4,1.53,43.5,392.0,561,0
75.1,2.73,37.2,273.6,745,1
54.6,3.63,50.9,264.0,455,0
69.0,2.49,38.8,400.1,876,1
71.0,2.85,42.9,309.6,477,0
52.9,2.34,38.5,212.0,683,0
66.3,4.42,54.8,216.0,41,0
67.5,2.64,45.9,294.4,141,0
59.0,0.51,47.4,251.3,509,0
61.7,1.6,30.4,348.0,547,0
61.9,2.0,42.6,370.6,445,0
72.4,1.91,51.7,522.5,184,0
54.4,3.17,43.8,353.5,215,0
76.4,2.34,50.2,117.6,706,0
76.0,1.86,56.2,430.6,842,1
66.0,3.19,36.9,306.2,131,0
87.0,2.48,39.6,405.9,686,1
68.5,1.89,39.9,225.2,677,0
83.6,2.3,41.3,309.2,708,1
68.9,1.12,38.6,194.4,702,0
69.2,2.5,44.3,374.1,822,1
71.2,0.99,38.5,228.8,48,0
84.1,2.14,37.7,332.7,393,0
71.9,4.42,31.7,281.6,692,1
72.2,1.35,55.6,231.5,97,0
65.9,4.07,49.6,334.0,79,0
66.9,3.06,32.6,236.1,583,0
57.1,4.06,45.5,270.6,333,0
70.8,1.24,47.4,162.4,234,0
63.2,2.2,54.9,407.3,541,0
82.3,1.68,44.7,400.7,884,1
62.4,2.92,31.3,313.5,474,0
78.6,2.17,47.7,383.6,650,0
81.6,2.75,40.4,170.2,40,0
66.3,1.56,39.4,257.7,483,0
77.1,3.48,50.4,199.1,442,0
67.1,2.18,53.2,201.4,738,0
63.1,1.73,50.1,283.0,379,0
66.2,4.06,48.0,337.9,234,0
65.9,1.43,44.0,437.6,242,0
76.6,6.87,31.6,213.1,439,0
77.3,0.21,49.5,448.9,677,0
61.4,1.07,41.9,370.7,267,0
66.1,1.95,38.1,366.4,792,0
78.7,1.5,49.1,302.3,216,0
71.6,0.83,39.1,296.9,456,0
66.7,5.94,50.3,345.3,250,0
51.6,2.24,47.1,278.5,733,0
80.0,1.47,48.4,391.0,32,0
57.0,0.94,52.0,336.7,462,0
69.3,1.15,43.1,285.0,821,0
72.1,5.11,43.2,289.6,135,0
72.7,1.19,45.6,217.3,203,0
69.8,0.98,38.3,317.6,856,0
67.6,2.03,39.0,319.3,415,0
75.9,2.28,50.2,185.4,820,0
66.7,1.4,56.1,385.0,860,1
71.1,2.24,47.8,471.2,223,0
69.1,2.97,31.8,387.0,870,0
79.6,1.22,46.5,265.1,577,0
67.6,2.28,37.1,294.6,725,0
53.6,0.8,50.3,242.1,196,0
63.0,3.58,48.7,304.7,311,0
71.6,3.37,40.3,226.9,400,0
56.4,0.9,37.9,290.3,161,0
88.7,2.0,49.1,391.9,443,0
70.5,2.5,44.9,249.2,340,0
61.9,3.35,31.2,354.4,534,0
81.5,1.82,58.5,318.1,695,0
78.2,1.58,41.2,408.0,341,0
60.1,2.25,43.6,131.0,723,0
59.5,2.36,45.9,216.4,407,0
72.6,3.4,59.3,187.5,533,0
63.4,2.57,43.3,310.7,571,0
55.2,2.76,42.7,261.6,186,0
79.8,2.77,43.5,235.7,322,0
68.0,0.7,43.4,362.1,702,0
81.2,1.54,42.3,308.6,892,1
73.3,1.38,46.8,168.4,458,0
65.7,1.18,55.6,275.4,24,0
61.5,2.12,45.7,362.2,683,0
72.9,1.03,45.6,284.5,831,1
84.1,1.92,37.4,470.3,730,1
74.1,0.7,45.9,348.2,543,0
72.1,2.29,38.1,305.1,26,0
52.8,2.1,38.6,150.8,336,0
71.6,1.09,41.7,498.6,810,0
73.6,4.0,42.2,237.1,377,0
79.5,0.77,37.9,435.4,146,0
73.1,3.24,50.7,324.5,270,0
63.4,1.23,36.5,347.9,674,0
76.2,3.66,33.9,330.9,430,0
92.1,1.58,40.5,295.8,424,0
65.4,2.09,36.1,296.2,329,0
66.7,0.8,29.8,463.8,199,0
57.7,6.82,43.1,297.1,228,0
78.0,2.17,44.0,297.1,340,0
69.9,2.22,47.5,376.6,800,0
63.8,6.28,51.4,238.6,214,0
83.3,2.43,62.5,202.5,60,0
65.6,0.48,51.6,181.6,533,0
57.4,2.36,43.8,422.5,764,0
77.6,2.02,41.7,329.3,814,0
61.4,0.52,49.8,263.1,207,0
57.7,2.29,39.1,282.8,54,0
83.7,2.61,49.0,369.2,37,0
41.8,2.35,54.4,446.3,877,1
52.1,2.6,46.6,482.4,380,0
69.3,2.82,39.1,273.0,703,0
89.1,1.69,47.2,137.6,723,1
65.4,0.92,42.4,326.3,44,0
74.0,1.95,50.4,419.0,251,0
63.3,4.91,51.6,224.5,680,0
55.5,1.75,48.0,297.5,103,0
42.1,2.91,47.3,217.4,710,0
74.5,2.58,42.8,327.3,332,0
77.0,2.52,35.7,323.1,554,0
68.2,0.69,44.2,253.2,615,0
70.3,0.95,45.0,248.2,154,0
82.9,3.68,34.2,318.2,476,0
62.1,1.15,44.3,228.4,442,0
77.1,1.1,37.5,223.9,879,1
73.2,2.04,37.2,404.3,531,0
55.1,2.16,29.7,404.0,557,0
57.2,1.79,39.5,387.2,285,0
86.5,3.59,28.7,297.1,279,0
73.1,1.14,50.2,320.5,502,0
67.5,2.93,42.1,291.4,382,0
69.6,5.18,45.3,319.2,371,0
53.3,1.8,39.4,297.0,270,0
88.1,1.26,44.8,302.0,259,0
79.6,3.53,44.0,361.5,258,0
51.2,2.09,58.0,234.7,378,0
74.8,2.81,48.6,193.2,345,0
53.1,0.64,50.9,343.3,701,0
80.4,2.95,49.5,245.0,570,0
70.4,1.77,42.1,285.8,231,0
54.0,1.5,44.8,361.2,149,0
55.0,1.09,48.7,345.2,421,0
70.0,2.16,39.8,220.0,358,0
61.4,1.53,44.2,406.0,660,0
89.8,4.34,45.9,308.2,67,0
66.2,4.1,30.5,315.8,146,0
57.3,0.89,47.3,291.3,664,0
72.1,3.53,47.2,255.3,807,1
78.5,7.03,47.5,381.5,77,0
65.6,4.09,38.5,231.9,788,0
71.2,0.79,38.6,421.9,476,0
62.5,1.37,33.1,354.5,823,0
54.3,3.55,53.6,206.6,812,0
62.8,6.49,32.4,239.1,576,0
77.5,1.51,34.0,454.8,363,0
68.8,7.14,38.8,329.1,505,0
73.2,4.46,34.5,144.5,27,0
64.0,2.26,38.5,184.3,330,0
69.6,1.17,45.3,429.3,765,1
74.1,1.64,34.0,508.9,427,0
82.9,4.39,37.4,408.8,234,0
72.2,3.46,51.1,434.8,243,0
48.7,5.32,43.3,368.7,747,1
59.5,2.2,38.6,285.5,863,0
72.8,4.29,42.5,367.1,110,0
74.8,1.16,45.9,236.9,42,0
54.6,3.05,54.7,365.3,143,0
61.7,3.28,33.4,342.6,431,0
53.2,1.13,49.0,198.9,595,0
60.5,2.71,49.0,313.9,321,0
66.5,1.82,38.8,236.3,536,0
69.2,0.75,47.6,184.0,672,0
74.1,3.89,36.7,443.6,12,0
64.6,0.62,41.3,385.4,151,0
78.1,2.84,43.0,405.4,326,0
86.2,1.44,42.7,289.7,66,0
81.2,5.54,42.7,401.7,819,1
81.4,2.16,33.0,143.4,541,0
67.2,0.5,52.6,285.5,602,0
56.8,4.53,49.8,163.9,895,1
61.9,2.12,45.3,367.0,685,0
62.3,3.34,42.8,229.1,695,0
48.4,2.24,40.0,315.6,639,0
60.0,1.0,38.9,98.5,162,0
85.8,1.78,53.9,271.2,318,0
81.1,0.58,30.7,322.6,451,0
66.0,2.06,39.2,270.3,811,0
84.6,2.28,42.2,293.8,59,0
70.1,1.44,38.0,470.6,399,0
89.2,3.36,48.0,275.0,41,0
69.5,4.79,36.0,419.2,457,0
69.7,1.49,34.5,188.6,517,0
69.7,3.27,42.6,227.7,747,0
66.7,1.37,46.2,346.4,616,0
84.7,5.63,28.3,406.7,70,0
53.2,2.66,47.1,105.9,767,0
65.0,3.29,49.6,205.6,42,0
71.4,1.52,51.0,269.4,614,0
78.5,2.06,40.3,243.1,884,1
70.7,3.14,42.0,368.2,153,0
65.6,1.32,43.6,184.3,712,0
40.6,1.26,40.5,308.8,274,0
60.3,1.9,48.7,266.4,223,0
74.6,3.5,39.4,292.0,487,0
56.9,0.6,51.8,230.2,566,0
65.6,1.85,31.2,224.9,881,0
82.8,2.58,38.1,466.1,886,1
56.9,1.44,31.7,433.3,316,0
80.3,0.34,36.1,146.3,725,0
76.7,1.95,43.0,267.4,147,0
68.3,1.32,43.8,282.4,854,0
78.1,1.24,45.2,347.8,10,0
95.2,2.8,40.0,354.1,135,0
68.6,2.1,49.6,157.3,589,0
64.1,2.68,43.6,259.0,589,0
68.9,0.96,39.7,419.4,680,0
50.6,0.58,38.0,243.8,288,0
74.9,2.08,43.3,333.0,493,0
78.4,1.25,56.0,228.0,525,0
57.1,2.25,48.3,303.2,485,0
69.5,2.48,33.5,337.1,177,0
67.8,4.61,37.8,129.6,32,0
68.2,2.08,42.6,272.5,230,0
62.3,4.66,53.0,374.0,183,0
64.9,2.75,49.3,494.1,340,0
78.8,5.62,35.1,202.9,517,0
65.6,0.8,56.8,460.4,206,0
68.2,0.77,52.9,238.5,576,0
72.1,1.65,50.4,307.5,105,0
77.6,1.79,42.4,297.4,690,0
72.4,4.83,42.9,133.2,369,0
82.7,3.59,48.9,414.0,797,1
74.3,2.37,49.8,368.4,177,0
75.5,1.39,39.8,450.1,200,0
60.8,1.63,31.2,275.7,609,0
74.3,3.12,47.6,294.8,539,0
58.3,4.49,35.7,273.2,417,0
74.9,2.11,39.5,261.3,403,0
61.2,4.16,41.7,296.5,238,0
73.1,1.25,44.2,419.3,544,0
59.0,1.81,42.0,302.3,326,0
70.2,4.61,42.5,278.1,524,0
57.1,4.31,53.1,296.7,858,0
75.7,0.34,50.5,336.9,504,0
53.4,2.08,50.1,387.6,412,0
79.5,0.6,44.9,286.8,65,0
73.0,1.98,35.7,306.2,125,0
94.0,3.77,42.7,299.8,598,1
89.4,2.14,47.8,337.7,280,0
58.0,0.8,38.8,290.6,122,0
93.8,3.92,51.1,286.1,420,1
75.1,0.7,41.3,228.6,111,0
70.8,1.79,44.4,145.5,390,0
52.2,1.99,45.6,208.4,187,0
55.5,1.11,40.3,191.2,687,0
74.5,2.71,42.2,318.3,168,0
63.0,0.99,47.5,386.7,572,0
68.4,1.96,37.8,305.8,650,0
69.5,4.18,50.2,187.2,188,0
55.6,1.52,35.6,222.8,293,0
76.9,0.79,44.8,271.0,342,0
50.0,2.05,37.5,328.2,89,0
74.5,9.5,43.1,220.7,371,0
74.8,3.1,30.9,288.1,335,0
89.1,1.56,37.0,144.5,337,0
64.6,0.72,39.6,354.7,374,0
65.1,8.39,32.1,245.0,181,0
52.6,3.03,38.8,289.1,272,0
57.2,1.56,55.0,209.2,630,0
69.8,0.18,48.7,194.0,262,0
75.2,9.5,43.1,331.4,528,0
69.4,5.93,43.0,306.3,12,0
83.6,0.92,47.3,336.7,496,0
71.5,2.22,54.8,257.8,403,0
56.7,1.09,37.3,369.1,405,0
65.8,1.12,48.7,301.2,529,0
66.4,2.94,43.6,450.0,281,0
59.3,2.72,43.9,198.3,179,0
54.0,1.28,44.6,347.6,140,0
74.1,5.13,50.9,214.1,709,1
82.2,3.78,40.7,425.7,400,0
69.2,3.1,46.4,261.3,39,0
64.9,2.06,31.8,392.9,894,1
59.7,3.86,38.7,297.5,287,0
71.0,2.15,36.6,314.8,270,0
69.6,0.95,34.8,376.8,354,0
74.4,0.51,29.7,310.4,531,0
66.8,1.19,45.6,203.4,149,0
81.6,3.03,49.2,247.4,412,0
66.4,1.73,48.5,408.1,746,0
70.5,2.25,39.7,345.2,284,0
61.7,1.12,39.1,205.6,270,0
81.1,1.42,37.1,359.9,369,0
63.8,1.53,54.7,338.2,832,0
83.1,2.5,41.0,426.7,48,0
55.9,3.59,41.3,371.2,723,0
67.0,2.94,42.8,364.1,90,0
77.2,2.64,43.7,379.9,98,0
80.2,2.57,46.6,487.3,792,1
71.3,3.33,48.0,266.7,458,0
73.8,3.52,35.6,319.8,199,0
59.7,0.68,53.1,349.7,182,0
66.3,6.17,55.7,278.6,806,0
58.5,0.78,51.5,233.6,113,0
76.0,2.86,46.5,207.7,796,1
61.7,1.45,40.0,323.2,846,1
65.2,2.45,48.7,222.3,366,0
54.8,3.06,43.2,319.0,7,0
68.5,2.14,41.4,400.7,381,0
66.6,2.39,44.3,360.9,621,0
59.1,5.98,33.1,367.8,447,0
71.7,0.36,43.3,227.3,397,0
69.7,0.75,35.8,275.6,149,0
60.2,3.03,55.2,283.6,526,0
62.3,5.82,36.6,430.4,895,1
63.3,1.3,42.3,266.1,639,0
68.3,1.98,41.0,367.9,860,0
65.1,1.9,47.0,361.2,765,0
60.9,1.95,43.2,369.3,469,0
67.8,2.27,65.0,399.3,834,1
70.6,2.62,40.3,395.7,852,1
70.2,2.34,38.6,308.6,561,0
55.2,2.41,37.8,300.7,455,0
58.6,1.15,38.7,290.1,463,0
68.0,0.42,51.2,259.8,645,0
73.3,1.32,37.0,347.6,705,0
84.8,5.96,48.4,270.9,418,0
71.1,6.17,46.7,460.1,206,0
51.7,2.6,52.2,190.6,591,0
72.6,1.79,48.3,355.3,166,0
88.2,1.04,49.4,239.2,271,0
73.7,1.75,43.8,394.0,899,0
49.3,2.09,46.4,365.4,857,0
64.2,4.32,58.0,450.6,404,0
66.6,2.13,30.3,367.9,134,0
71.7,0.21,40.3,244.7,771,0
55.4,1.16,40.6,328.3,18,0
64.1,0.3,42.6,397.1,61,0
69.4,3.29,45.2,284.3,396,0
57.8,1.6,42.4,256.8,889,0
63.6,3.14,40.6,222.3,111,0
76.7,3.78,44.4,212.4,820,1
53.4,0.49,39.2,339.1,317,0
74.7,1.43,40.9,366.4,499,0
78.2,0.36,43.2,390.5,867,1
60.3,0.96,37.3,187.0,131,0
64.7,1.81,46.2,215.4,378,0
63.7,1.47,37.8,286.1,8,0
72.1,0.49,45.8,288.0,629,0
65.5,4.12,44.2,385.8,154,0
69.4,1.57,32.0,387.3,724,0
56.1,2.2,41.1,251.3,717,0
68.1,0.9,40.8,217.5,815,0
68.1,1.4,53.5,411.9,879,0
90.3,2.6,37.2,308.7,212,0
64.1,2.94,38.1,391.8,196,0
63.4,0.63,48.1,369.0,338,0
57.5,0.61,54.5,477.8,161,0
75.5,4.6,32.3,342.0,307,0
63.5,1.55,47.0,347.2,374,0
65.0,0.27,49.7,293.4,551,0
76.1,1.85,49.4,379.0,675,0
66.2,2.02,41.6,334.9,582,0
87.7,1.86,33.7,96.4,453,0
76.8,1.88,40.7,299.3,421,0
57.2,2.24,45.3,245.4,688,0
47.4,3.84,48.3,137.9,668,0
70.0,0.15,37.7,381.6,581,0
69.8,6.5,43.9,266.3,774,0
63.1,1.91,58.5,262.2,841,0
65.5,1.89,39.2,380.9,91,0
75.1,7.01,44.3,276.0,745,1
79.4,1.92,37.7,210.3,226,0
85.4,0.74,45.3,416.8,619,0
87.3,2.84,43.7,364.3,23,0
75.5,3.18,37.7,159.5,315,0
80.3,0.97,65.0,243.2,639,0
82.9,2.83,44.4,304.7,411,0
65.2,1.06,52.1,419.4,595,0
66.0,1.27,60.1,231.6,605,0
74.6,7.72,49.0,259.1,126,0
55.6,1.06,41.8,316.4,310,0
72.9,2.77,40.0,414.0,69,0
72.8,2.71,52.2,332.5,598,0
70.2,1.03,50.8,299.1,251,0
65.9,4.9,57.3,420.8,175,0
77.5,7.67,34.8,351.6,21,0
63.0,0.43,45.8,216.6,878,0
80.2,3.88,30.8,294.5,474,0
75.8,0.96,51.6,278.7,23,0
72.5,3.31,41.6,261.4,335,0
67.2,3.18,47.0,272.5,573,0
71.2,1.64,47.3,255.0,819,1
69.9,3.8,31.2,430.8,43,0
84.8,4.74,48.3,293.2,13,0
57.6,2.42,39.8,382.4,794,0
70.2,2.05,36.0,500.9,310,0
63.7,3.56,49.5,447.3,172,0
94.7,1.47,52.7,389.1,299,0
75.9,1.89,65.0,216.1,304,0
73.5,0.44,43.1,256.7,250,0
65.3,1.14,37.8,289.4,427,0
77.9,0.97,40.5,384.8,196,0
57.4,2.37,41.8,233.7,552,0
78.0,3.78,45.1,364.5,336,0
67.2,2.01,50.6,418.2,172,0
82.0,1.8,30.5,198.9,811,1
89.5,1.59,50.6,326.5,104,0
66.9,3.29,41.1,358.6,845,1
67.3,0.92,50.4,355.0,98,0
67.7,1.24,37.2,184.2,312,0
60.8,1.88,45.5,334.3,437,0
64.6,6.24,32.8,191.5,260,0
76.5,2.27,56.6,377.2,12,0
69.0,0.54,45.9,335.1,648,0
61.9,1.27,54.1,325.6,262,0
67.3,1.01,33.7,186.0,590,0
57.0,0.42,32.8,388.3,488,0
72.9,0.68,50.6,231.1,419,0
53.4,8.48,46.6,208.3,867,1
71.2,3.91,48.4,389.7,188,0
74.9,1.1,29.8,375.1,22,0
69.2,3.39,46.3,333.9,535,0
60.3,0.75,37.6,217.1,197,0
56.4,1.32,39.6,414.8,617,0
73.2,2.07,49.2,426.6,837,1
75.1,4.37,39.2,248.4,502,0
74.7,1.79,51.2,323.1,200,0
69.7,3.18,50.6,370.0,433,0
61.3,1.19,57.0,394.7,669,0
80.6,0.78,47.1,438.7,13,0
79.1,4.18,46.7,378.9,208,0
67.7,3.4,29.6,249.6,689,0
81.2,2.9,37.2,291.3,467,0
66.5,2.01,43.9,249.1,751,0
69.2,2.04,47.1,386.1,239,0
64.5,1.29,48.8,230.8,792,0
75.6,4.61,37.0,164.9,611,0
75.7,1.05,51.1,227.3,896,1
64.4,1.98,43.6,327.1,415,0
