reading_id,outside_temp_c,solar_w_m2,inside_temp_c,inside_humidity_pct,heater_pct,vent_pct,mister_pct,temp_30min_c,humidity_30min_pct
GH-0001,15.2,0.0,23.3,60.5,0.0,25.5,0.0,22.3,59.1
GH-0002,12.2,0.0,23.2,56.1,0.0,0.0,0.0,21.5,58.7
GH-0003,12.7,70.4,20.8,59.5,17.3,0.0,10.1,20.8,59.9
GH-0004,22.7,576.1,31.1,41.0,0.0,75.9,53.7,21.6,47.3
GH-0005,9.9,0.0,22.7,58.9,0.0,4.3,0.0,22.1,62.0
GH-0006,14.9,0.0,22.0,52.8,1.4,0.0,0.0,22.2,55.4
GH-0007,20.5,577.5,27.3,45.7,0.0,58.6,53.2,21.5,52.8
GH-0008,10.5,18.3,20.1,55.9,45.0,0.0,0.0,21.0,56.2
GH-0009,22.8,773.1,31.2,33.6,0.0,53.0,85.7,24.5,46.8
GH-0010,14.9,43.2,23.2,60.1,0.0,27.9,0.0,20.3,58.5
GH-0011,10.3,0.0,21.8,48.5,0.0,0.0,17.5,20.0,51.3
GH-0012,20.7,821.9,29.8,39.7,0.0,68.6,58.4,21.5,46.3
GH-0013,12.1,22.0,20.0,62.0,4.7,0.0,0.0,20.2,64.8
GH-0014,11.9,0.0,21.9,64.2,0.0,12.7,0.0,21.0,58.0
GH-0015,14.3,0.0,22.4,52.6,0.0,0.0,27.1,21.2,58.6
GH-0016,14.7,88.9,23.7,59.2,0.0,15.6,0.0,22.6,55.1
GH-0017,13.8,0.0,26.4,45.0,0.0,22.9,50.6,25.0,53.6
GH-0018,12.4,41.4,24.2,55.6,0.0,11.9,0.0,23.8,55.2
GH-0019,20.9,682.6,28.0,46.4,0.0,38.0,28.3,23.3,50.8
GH-0020,15.2,396.0,25.1,50.1,0.0,12.6,17.0,24.6,54.7
GH-0021,11.5,4.4,23.6,48.8,0.0,0.0,9.5,23.1,52.9
GH-0022,15.1,5.8,24.0,50.4,0.0,17.4,11.9,23.9,54.1
GH-0023,11.8,0.0,24.2,53.8,0.0,23.0,0.0,24.1,52.1
GH-0024,11.9,0.0,22.5,58.2,0.0,12.1,0.0,20.4,57.5
GH-0025,20.9,519.9,28.0,45.8,0.0,82.4,27.6,20.6,45.6
GH-0026,26.2,864.1,28.9,33.4,0.0,49.5,60.8,22.3,42.1
GH-0027,22.0,826.1,33.2,45.7,0.0,100.0,44.9,18.3,46.5
GH-0028,15.6,437.2,26.8,45.7,0.0,56.9,19.2,21.1,48.6
GH-0029,15.1,11.1,24.0,61.0,0.0,39.0,0.0,23.0,58.1
GH-0030,14.8,29.0,20.5,60.0,37.0,0.0,0.0,21.5,60.5
GH-0031,16.2,504.8,26.8,54.2,0.0,63.2,8.4,19.8,50.1
GH-0032,14.1,64.6,26.0,59.2,0.0,57.0,0.0,23.4,55.4
GH-0033,22.7,688.3,31.7,40.7,0.0,89.0,48.8,20.4,47.1
GH-0034,10.2,0.0,19.7,62.9,35.8,0.0,0.0,20.1,64.6
GH-0035,21.5,770.7,28.8,39.8,0.0,64.7,43.3,19.8,42.7
GH-0036,12.4,193.0,24.0,52.6,0.0,2.1,18.0,22.4,58.9
GH-0037,16.2,0.4,27.8,64.7,0.0,81.2,0.0,25.2,57.3
GH-0038,17.1,149.0,24.5,41.0,0.0,19.0,43.3,23.9,49.5
GH-0039,10.6,48.6,22.5,60.2,0.0,26.8,5.1,20.7,58.8
GH-0040,19.5,695.4,25.4,45.8,0.0,33.8,28.6,21.8,49.6
GH-0041,21.0,804.1,32.7,34.9,0.0,100.0,70.8,17.5,42.0
GH-0042,13.2,0.0,20.6,59.0,3.0,0.0,4.9,21.3,59.1
GH-0043,23.2,779.1,32.9,34.6,0.0,99.3,58.7,18.4,37.7
GH-0044,12.8,21.8,24.9,57.2,0.0,70.2,19.3,21.6,57.2
GH-0045,24.9,766.5,29.3,45.7,0.0,71.7,45.7,19.6,49.5
GH-0046,11.7,66.2,23.1,53.1,0.0,0.0,10.9,22.0,55.4
GH-0047,25.6,835.5,30.1,40.2,0.0,72.2,54.2,20.2,46.7
GH-0048,21.1,700.6,28.4,45.9,0.0,62.3,31.1,21.6,47.4
GH-0049,23.8,920.0,28.6,37.2,0.0,48.6,58.9,21.7,48.0
GH-0050,15.0,0.0,22.9,58.7,0.0,27.4,2.0,20.8,57.6
GH-0051,21.5,695.6,26.6,52.0,0.0,53.3,28.8,20.1,57.1
GH-0052,17.8,0.0,23.7,55.5,0.0,0.0,6.8,23.4,54.4
GH-0053,12.7,43.2,24.4,56.0,0.0,25.2,3.5,22.6,54.9
GH-0054,23.8,872.2,30.2,38.3,0.0,75.5,62.6,18.4,45.6
GH-0055,13.7,36.3,22.9,48.3,1.0,0.0,39.4,22.7,54.4
GH-0056,16.6,353.8,27.0,53.1,0.0,60.9,0.0,22.0,48.9
GH-0057,19.7,608.1,28.9,40.8,0.0,79.4,55.2,19.6,43.0
GH-0058,21.1,899.7,33.6,36.6,0.0,99.2,55.5,18.0,43.2
GH-0059,17.0,59.5,22.8,60.7,0.0,2.4,0.0,22.8,60.5
GH-0060,20.4,679.3,26.0,48.6,0.0,27.5,29.6,22.3,54.7
GH-0061,11.7,0.0,23.0,61.5,0.0,7.2,0.0,22.2,62.2
GH-0062,17.6,252.3,27.0,51.6,0.0,33.6,21.9,24.7,55.0
GH-0063,13.7,23.2,19.8,66.1,20.6,0.0,0.0,20.2,63.5
GH-0064,14.3,0.0,21.7,58.2,0.2,1.4,0.0,21.8,58.3
GH-0065,16.6,19.6,23.4,58.7,0.0,17.0,4.9,22.9,56.1
GH-0066,20.1,531.0,25.8,40.5,0.0,18.9,45.8,23.9,47.5
GH-0067,18.2,601.5,26.6,43.1,0.0,36.1,50.3,23.4,49.8
GH-0068,21.0,555.5,28.7,43.9,0.0,55.7,35.9,23.7,45.6
GH-0069,12.3,25.3,23.5,57.0,0.0,16.7,4.5,21.6,58.6
GH-0070,11.6,53.5,22.6,49.6,0.0,0.0,19.2,21.2,54.4
GH-0071,11.3,171.2,25.3,56.1,0.0,11.7,15.4,23.1,58.1
GH-0072,24.3,848.5,30.7,37.0,0.0,94.9,73.3,17.3,42.5
GH-0073,15.5,0.0,24.1,62.1,0.0,33.4,0.0,22.4,56.1
GH-0074,22.6,490.1,26.3,53.3,0.0,38.3,14.7,23.5,55.4
GH-0075,14.6,0.0,19.8,48.6,18.7,0.0,27.8,20.9,50.9
GH-0076,12.8,0.0,26.7,43.3,0.0,33.2,49.2,25.6,50.9
GH-0077,20.0,787.3,27.7,42.2,0.0,24.2,43.6,24.6,49.4
GH-0078,16.3,446.5,28.8,49.0,0.0,94.0,31.1,19.2,49.6
GH-0079,20.5,439.5,28.1,57.3,0.0,88.2,0.5,20.9,51.5
GH-0080,24.1,862.4,33.1,36.2,0.0,85.6,70.7,21.5,43.1
GH-0081,11.3,37.7,20.6,60.1,21.4,0.0,0.0,20.5,60.7
GH-0082,24.7,585.2,29.7,48.4,0.0,88.8,8.9,20.3,44.8
GH-0083,23.1,827.3,28.5,40.8,0.0,47.9,46.0,22.3,44.4
GH-0084,15.1,18.8,19.5,60.3,22.6,0.0,0.0,19.4,60.1
GH-0085,18.0,700.2,27.7,49.6,0.0,64.1,22.8,19.1,48.2
GH-0086,20.7,828.0,32.3,37.9,0.0,100.0,37.7,16.8,41.4
GH-0087,21.8,646.1,33.8,36.5,0.0,99.1,60.7,21.6,38.3
GH-0088,14.9,236.5,25.2,48.3,0.0,25.8,26.9,23.9,52.5
GH-0089,15.9,443.8,24.8,46.8,0.0,39.8,30.2,21.2,50.1
GH-0090,18.1,576.8,25.9,45.0,0.0,34.2,44.7,22.9,49.4
GH-0091,13.5,120.9,23.2,53.2,0.0,0.0,16.5,21.8,60.0
GH-0092,14.2,14.5,26.0,58.0,0.0,53.9,0.0,23.8,51.5
GH-0093,14.0,0.0,22.4,67.1,0.0,0.0,0.0,21.0,68.0
GH-0094,13.4,0.0,21.7,59.5,0.0,0.0,0.0,21.7,57.7
GH-0095,17.0,426.8,27.4,51.4,0.0,51.6,20.9,23.6,51.2
GH-0096,10.3,0.0,27.9,56.4,0.0,82.2,0.0,24.9,49.9
GH-0097,25.0,846.9,31.6,37.6,0.0,100.0,52.1,16.2,39.1
GH-0098,21.5,803.1,30.9,42.4,0.0,88.4,54.1,17.4,46.9
GH-0099,22.2,777.0,30.9,46.2,0.0,85.5,21.4,18.7,46.2
GH-0100,20.0,551.4,27.7,42.6,0.0,49.6,43.0,21.1,49.9
GH-0101,10.5,62.4,23.8,44.1,0.0,0.0,21.5,23.3,50.1
GH-0102,15.5,319.0,24.1,46.8,0.0,28.6,41.8,21.1,52.1
GH-0103,23.7,830.5,30.5,40.5,0.0,73.6,56.4,19.7,46.6
GH-0104,11.3,0.0,19.1,64.8,46.2,0.0,0.0,20.9,62.4
GH-0105,11.8,29.9,18.8,53.2,24.2,0.0,23.6,19.2,60.1
GH-0106,19.8,528.0,30.9,37.9,0.0,78.7,65.4,22.2,45.7
GH-0107,11.3,0.0,22.4,48.4,0.0,0.0,18.2,22.2,51.2
GH-0108,21.4,687.8,29.1,47.9,0.0,57.7,47.3,22.7,52.8
GH-0109,18.4,314.8,27.4,49.6,0.0,38.9,25.9,23.3,50.7
GH-0110,22.9,713.8,29.5,52.3,0.0,91.3,25.9,17.7,51.8
GH-0111,20.4,675.2,33.2,46.8,0.0,100.0,32.8,19.9,47.6
GH-0112,12.3,0.0,20.1,53.7,20.3,0.0,16.1,20.1,56.3
GH-0113,11.5,0.0,23.5,62.5,0.0,20.8,0.0,21.9,60.8
GH-0114,13.1,7.5,24.1,54.7,0.0,34.7,4.0,22.8,57.0
GH-0115,12.0,7.9,21.0,46.7,14.4,0.0,32.9,20.6,53.0
GH-0116,12.8,0.0,20.7,68.3,20.6,5.4,0.0,21.3,66.3
GH-0117,16.4,0.0,22.5,61.8,0.0,21.0,0.0,22.3,58.0
GH-0118,21.3,726.4,31.0,44.2,0.0,93.0,45.3,19.3,45.7
GH-0119,20.4,768.8,27.8,45.2,0.0,61.9,32.2,20.1,44.0
GH-0120,23.2,857.8,30.0,48.2,0.0,99.0,29.7,16.2,46.7
GH-0121,23.0,732.0,30.7,36.1,0.0,99.5,69.8,18.1,42.5
GH-0122,14.6,22.2,23.5,62.5,0.0,7.1,0.0,22.3,62.8
GH-0123,13.0,0.0,21.3,57.0,8.6,0.0,0.0,20.6,58.9
GH-0124,21.1,725.1,30.4,39.0,0.0,69.8,57.7,20.2,46.8
GH-0125,22.8,919.7,30.1,35.7,0.0,44.0,59.0,24.3,44.1
GH-0126,19.4,248.7,24.0,53.5,0.0,0.4,0.0,23.5,58.3
GH-0127,17.5,337.7,24.8,46.7,0.0,6.5,26.9,24.0,52.7
GH-0128,14.7,35.5,24.0,63.3,0.0,30.2,0.0,22.9,62.0
GH-0129,13.7,150.7,22.9,57.7,0.0,8.9,0.0,21.6,57.2
GH-0130,15.4,91.2,23.2,55.2,0.0,2.2,12.5,22.3,58.4
GH-0131,12.6,0.0,22.6,56.8,0.0,3.0,3.2,21.7,57.9
GH-0132,19.7,540.9,27.0,52.0,0.0,48.4,15.8,22.5,49.8
GH-0133,13.4,64.9,23.7,55.8,0.0,9.8,0.0,22.6,55.0
GH-0134,11.4,0.0,21.8,55.6,0.0,6.5,10.7,21.2,59.6
GH-0135,21.0,685.2,28.1,42.4,0.0,43.4,41.4,23.0,48.7
GH-0136,14.4,34.4,22.0,60.5,5.4,6.9,0.0,20.8,60.3
GH-0137,22.5,719.0,29.1,50.2,0.0,85.0,37.6,17.7,51.6
GH-0138,11.8,19.6,20.7,62.3,16.9,0.5,0.0,20.2,58.8
GH-0139,13.5,0.0,19.7,52.7,16.8,0.0,0.0,19.4,52.0
GH-0140,24.7,849.8,32.7,33.1,0.0,86.8,71.1,19.0,39.6
GH-0141,9.9,135.5,23.3,46.7,0.0,0.0,19.6,21.7,53.3
GH-0142,12.0,0.0,25.7,56.8,0.0,35.3,5.5,23.8,52.8
GH-0143,12.5,95.9,23.2,63.8,0.0,50.3,0.0,20.3,57.1
GH-0144,16.8,470.9,26.6,51.2,0.0,61.9,4.1,19.7,50.2
GH-0145,11.6,0.0,17.3,63.4,61.0,0.0,0.0,19.1,62.0
GH-0146,16.5,358.6,23.2,51.2,0.0,0.0,18.7,23.5,55.7
GH-0147,13.9,42.6,24.1,62.6,0.0,29.8,0.9,22.7,61.3
GH-0148,11.3,52.0,22.1,57.7,0.0,12.7,0.0,21.9,56.6
GH-0149,13.4,48.9,23.5,62.2,0.0,1.6,0.8,22.8,60.9
GH-0150,9.1,12.4,20.0,62.2,21.3,0.0,0.4,19.7,60.8
GH-0151,10.1,0.0,19.8,66.8,37.2,0.0,0.0,20.5,64.8
GH-0152,12.9,120.0,20.2,56.4,18.0,0.0,0.0,21.3,57.5
GH-0153,11.4,50.9,23.5,54.4,0.0,0.1,0.2,23.7,57.7
GH-0154,10.9,0.0,20.0,65.6,32.6,0.0,0.0,21.0,65.4
GH-0155,13.7,0.0,22.7,50.2,0.0,0.0,24.1,21.5,58.3
GH-0156,12.2,164.7,23.1,54.4,0.0,0.0,4.2,21.3,55.4
GH-0157,19.9,334.2,27.2,47.5,0.0,68.8,20.2,21.7,48.7
GH-0158,13.2,30.7,24.5,53.4,0.0,24.9,14.3,22.8,53.6
GH-0159,9.7,30.3,22.9,54.7,0.0,0.0,0.0,21.1,58.0
GH-0160,16.4,39.7,26.9,48.1,0.0,39.1,48.9,25.4,54.6
GH-0161,21.5,702.8,28.9,49.7,0.0,71.4,30.8,19.4,52.3
GH-0162,12.6,3.7,22.2,59.3,0.0,0.0,0.0,22.4,63.1
GH-0163,12.0,0.0,22.4,59.9,0.0,9.0,10.6,22.0,58.1
GH-0164,25.4,888.4,31.3,35.6,0.0,63.6,75.6,21.6,43.0
GH-0165,15.0,8.6,24.3,61.3,0.0,30.0,0.0,21.9,60.4
GH-0166,18.4,490.3,26.3,42.0,0.0,22.0,47.5,24.7,50.8
GH-0167,17.2,286.0,25.0,48.6,0.0,13.7,22.2,23.4,51.8
GH-0168,14.2,78.0,21.5,60.7,0.0,0.8,0.0,21.5,62.3
GH-0169,13.0,10.3,23.1,57.8,0.0,6.5,0.6,21.7,59.1
GH-0170,12.8,1.2,22.8,60.3,0.0,16.0,0.0,21.2,56.8
GH-0171,14.3,50.3,27.9,52.0,0.0,73.2,0.2,23.9,45.5
GH-0172,21.2,776.6,30.2,38.9,0.0,50.9,55.1,23.2,45.4
GH-0173,10.4,3.7,23.2,47.9,0.0,0.8,37.2,22.3,60.3
GH-0174,16.3,342.6,26.0,48.4,0.0,22.8,37.7,23.9,56.4
GH-0175,9.2,10.6,24.3,49.3,0.0,19.8,11.4,22.2,51.2
GH-0176,16.7,235.9,26.2,49.7,0.0,38.3,35.4,23.2,52.8
GH-0177,12.4,115.2,22.1,59.2,0.0,0.0,0.0,21.3,58.9
GH-0178,19.7,610.6,29.7,49.5,0.0,88.6,8.5,19.3,44.0
GH-0179,20.7,805.6,25.6,41.1,0.0,24.5,40.5,22.9,47.0
GH-0180,17.4,659.3,26.6,54.4,0.0,37.1,7.0,21.7,52.9
GH-0181,24.0,599.2,30.2,45.0,0.0,74.9,38.6,22.5,44.0
GH-0182,21.0,799.8,28.6,51.7,0.0,51.7,0.4,21.5,53.9
GH-0183,17.2,11.7,21.7,65.1,0.0,11.6,0.0,21.4,63.0
GH-0184,26.6,840.0,31.1,46.7,0.0,96.4,52.1,17.1,50.5
GH-0185,19.6,158.3,25.9,52.2,0.0,19.2,8.6,24.7,53.6
GH-0186,20.5,849.8,31.5,43.2,0.0,100.0,41.4,16.2,43.9
GH-0187,20.9,545.6,26.2,62.5,0.0,58.3,0.0,19.8,58.5
GH-0188,18.6,258.2,26.7,56.7,0.0,45.0,19.5,24.0,54.1
GH-0189,14.0,39.8,21.8,55.5,0.0,0.0,8.5,20.6,60.0
GH-0190,20.6,484.3,28.1,49.3,0.0,69.0,22.2,20.9,50.1
GH-0191,17.5,18.9,24.4,65.8,0.0,35.6,0.0,22.7,59.3
GH-0192,20.1,626.4,30.1,39.8,0.0,64.4,59.7,22.1,47.9
GH-0193,10.4,0.0,19.9,61.0,12.6,0.0,0.0,19.7,63.2
GH-0194,16.3,468.7,27.4,46.5,0.0,48.9,9.8,22.4,47.8
GH-0195,10.6,0.0,24.2,54.6,0.0,24.5,1.6,22.6,55.0
GH-0196,21.8,648.6,31.1,41.6,0.0,88.3,35.6,21.1,41.8
GH-0197,13.9,0.0,25.4,53.8,0.0,38.4,0.0,23.7,55.7
GH-0198,16.2,0.0,24.8,58.6,0.0,36.8,0.0,23.2,59.7
GH-0199,11.6,3.0,19.2,62.6,43.4,0.0,0.0,20.3,62.3
GH-0200,19.8,536.5,29.5,47.6,0.0,80.4,35.6,20.1,49.5
GH-0201,15.4,0.0,23.0,58.5,0.0,40.9,0.0,21.9,58.5
GH-0202,13.4,103.5,23.3,55.8,0.0,0.0,0.0,23.0,56.5
GH-0203,15.0,53.6,21.4,56.0,0.0,8.4,0.0,21.0,57.2
GH-0204,15.9,0.0,25.9,55.4,0.0,37.2,16.7,24.5,53.6
GH-0205,15.8,462.4,29.7,46.0,0.0,98.3,24.9,19.1,45.2
GH-0206,15.1,0.0,21.1,56.3,4.0,0.0,0.0,20.8,61.3
GH-0207,13.2,0.0,24.6,64.3,0.0,39.7,0.0,23.2,63.6
GH-0208,20.8,888.1,26.8,34.4,0.0,13.5,80.9,25.7,49.0
GH-0209,13.9,355.3,23.8,47.3,0.0,10.5,32.7,22.8,50.1
GH-0210,21.4,736.8,31.7,27.6,0.0,62.4,96.9,23.1,41.2
GH-0211,12.2,0.0,20.4,55.8,26.0,0.0,0.0,20.8,55.7
GH-0212,12.6,0.0,21.7,57.6,3.1,8.5,7.5,20.8,57.6
GH-0213,14.5,15.4,25.4,55.0,0.0,30.2,6.5,23.1,54.0
GH-0214,20.6,567.3,28.5,40.3,0.0,73.1,57.6,20.2,43.8
GH-0215,15.8,198.7,22.0,60.4,0.0,15.1,0.0,20.2,60.6
GH-0216,13.5,119.4,23.4,51.3,0.0,27.9,10.8,21.9,52.4
GH-0217,17.4,453.4,25.7,52.2,0.0,21.0,34.0,23.4,55.5
GH-0218,22.2,874.1,28.7,44.2,0.0,41.2,47.4,22.2,52.8
GH-0219,13.6,159.8,26.6,52.9,0.0,31.8,22.5,24.3,53.0
GH-0220,14.4,85.7,23.1,50.4,0.0,0.0,18.4,21.5,55.6
GH-0221,15.3,21.9,22.7,54.4,0.0,1.7,8.5,22.7,56.6
GH-0222,11.8,0.0,22.3,46.6,0.0,0.0,42.3,22.1,57.3
GH-0223,21.4,556.6,25.7,48.3,0.0,27.5,18.0,23.0,51.8
GH-0224,13.6,0.0,26.1,61.2,0.0,75.3,0.0,23.7,52.9
GH-0225,8.8,39.1,22.5,60.7,0.0,6.2,0.4,21.2,62.5
GH-0226,11.7,0.0,24.5,54.9,0.0,13.8,0.0,21.9,55.4
GH-0227,14.6,755.2,27.8,48.9,0.0,60.4,25.0,19.4,52.3
GH-0228,13.5,0.0,23.6,63.4,0.0,14.1,0.0,22.1,59.5
GH-0229,24.7,782.1,31.6,34.8,0.0,91.2,71.6,18.7,40.7
GH-0230,14.2,63.7,21.6,52.6,0.0,0.0,13.3,21.6,56.7
GH-0231,14.9,147.5,26.9,47.7,0.0,48.3,40.6,23.9,53.2
GH-0232,18.3,461.1,24.8,51.1,0.0,37.9,7.7,21.5,51.7
GH-0233,13.5,0.0,25.4,51.7,0.0,39.4,0.0,23.6,52.0
GH-0234,13.4,81.7,19.6,57.3,10.5,0.0,0.0,19.3,57.7
GH-0235,16.8,223.5,25.7,58.3,0.0,66.2,0.0,22.7,51.6
GH-0236,11.6,0.0,22.9,53.8,0.0,14.2,0.0,21.5,53.8
GH-0237,23.3,819.1,26.3,40.9,0.0,29.4,49.6,22.9,51.0
GH-0238,12.5,0.0,23.1,62.7,0.0,18.6,0.0,21.6,60.3
GH-0239,14.5,0.0,24.6,57.6,0.0,36.6,0.0,22.5,57.9
GH-0240,22.1,760.5,31.6,27.8,0.0,83.5,81.7,19.8,37.2
GH-0241,9.7,42.9,22.0,61.5,0.0,8.3,0.0,21.1,62.9
GH-0242,15.8,12.1,23.5,64.2,0.0,6.6,0.0,21.9,59.8
GH-0243,24.3,819.7,29.9,36.4,0.0,56.8,59.4,22.7,44.0
GH-0244,10.6,0.0,21.4,55.5,0.0,0.0,0.0,19.7,59.9
GH-0245,25.9,729.7,33.1,44.7,0.0,100.0,28.3,20.3,41.1
GH-0246,14.9,237.0,24.8,58.8,0.0,24.4,2.5,23.5,54.9
GH-0247,11.1,0.0,23.2,67.4,0.0,55.5,0.0,20.6,60.5
GH-0248,12.3,0.0,22.8,56.3,0.0,0.0,22.3,21.3,58.4
GH-0249,15.3,77.4,24.2,52.1,0.0,9.6,16.3,23.3,57.0
GH-0250,18.4,440.0,27.7,50.3,0.0,54.1,27.3,22.9,50.1
GH-0251,10.7,9.0,19.7,58.4,25.9,0.0,0.0,19.4,63.6
GH-0252,19.6,556.7,28.4,33.0,0.0,35.6,70.2,25.7,45.2
GH-0253,16.6,236.9,25.2,60.5,0.0,31.4,0.0,24.0,59.0
GH-0254,11.0,12.4,20.7,51.3,6.0,0.0,21.1,21.0,56.5
GH-0255,19.2,464.5,27.7,42.5,0.0,40.0,45.6,24.6,49.5
GH-0256,16.7,401.6,28.6,47.9,0.0,69.0,35.4,23.4,45.4
GH-0257,14.3,49.5,24.4,46.1,0.0,13.8,34.2,23.2,57.4
GH-0258,11.5,18.4,20.8,62.8,24.4,0.9,0.0,20.3,62.1
GH-0259,14.6,618.5,24.4,49.3,0.0,0.0,16.2,25.3,51.8
GH-0260,23.1,703.6,28.4,41.4,0.0,57.5,39.2,21.6,46.1
GH-0261,21.4,888.9,31.2,47.7,0.0,91.6,30.7,17.1,51.0
GH-0262,19.1,567.1,27.0,47.4,0.0,46.2,46.4,23.5,52.3
GH-0263,14.7,0.0,27.4,57.2,0.0,64.0,6.0,24.3,54.2
GH-0264,11.3,0.0,22.2,51.9,0.0,0.0,10.3,21.2,58.7
GH-0265,23.8,627.1,29.1,42.0,0.0,72.3,66.5,20.3,46.2
GH-0266,11.2,24.7,21.3,60.6,24.3,0.0,0.0,21.2,59.9
GH-0267,14.7,0.0,22.2,62.6,0.0,25.0,0.0,21.4,64.2
GH-0268,17.4,299.6,28.7,52.2,0.0,53.5,9.9,23.4,51.6
GH-0269,22.4,547.4,29.8,39.9,0.0,62.6,41.7,23.1,47.0
GH-0270,16.7,273.8,22.1,61.7,0.0,10.4,2.9,21.4,59.3
GH-0271,10.2,0.0,22.4,60.7,0.0,10.7,0.0,22.1,59.2
GH-0272,14.1,0.0,22.8,60.2,0.0,16.1,3.5,21.9,56.0
GH-0273,14.2,0.0,22.0,67.5,0.0,1.9,0.0,21.2,68.2
GH-0274,22.3,779.5,30.3,47.2,0.0,93.4,17.8,16.9,44.5
GH-0275,17.7,292.7,23.7,55.6,0.0,15.9,5.7,22.3,55.7
GH-0276,9.2,90.2,21.7,46.3,0.0,0.0,29.8,22.1,51.9
GH-0277,10.7,59.1,23.6,55.8,0.0,13.1,0.0,22.6,57.7
GH-0278,21.3,654.0,28.8,39.5,0.0,55.6,66.1,22.1,47.2
GH-0279,15.2,0.0,19.9,62.3,24.3,0.0,0.0,20.1,61.1
GH-0280,10.3,7.8,17.4,61.4,68.8,0.0,0.0,18.1,63.6
GH-0281,9.7,162.6,22.3,50.3,0.0,0.0,24.9,21.5,54.5
GH-0282,14.8,0.0,21.5,63.8,0.0,16.1,0.0,19.8,61.5
GH-0283,18.0,47.5,27.3,51.2,0.0,56.3,22.5,24.2,49.3
GH-0284,25.5,770.0,35.4,36.2,0.0,100.0,60.1,19.9,43.1
GH-0285,10.3,41.9,22.6,54.2,0.0,0.0,1.5,21.9,57.5
GH-0286,15.3,0.0,23.4,63.8,0.0,43.6,0.0,21.4,60.6
GH-0287,14.7,170.9,24.5,51.9,0.0,2.4,18.3,23.9,55.5
GH-0288,25.5,888.5,34.3,37.8,0.0,100.0,50.2,19.1,41.4
GH-0289,19.8,210.3,25.4,52.1,0.0,34.8,17.1,24.1,50.8
GH-0290,18.3,63.5,22.8,57.2,0.0,0.0,13.9,21.9,61.0
GH-0291,22.1,687.3,31.0,38.1,0.0,68.1,53.1,21.2,44.4
GH-0292,19.3,614.3,29.2,47.9,0.0,90.5,30.5,18.9,47.5
GH-0293,18.8,568.8,26.7,41.8,0.0,15.5,52.4,25.4,52.4
GH-0294,12.6,38.0,22.8,61.6,0.0,24.1,0.0,21.5,59.7
GH-0295,20.0,867.4,30.7,42.3,0.0,80.5,42.8,18.1,46.9
GH-0296,17.3,304.4,25.8,50.8,0.0,22.2,14.6,25.1,54.8
GH-0297,22.9,758.7,30.3,44.9,0.0,87.2,23.8,19.3,44.5
GH-0298,13.0,85.6,18.7,55.5,57.5,0.0,0.0,20.1,56.1
GH-0299,13.2,0.0,25.1,56.8,0.0,28.0,0.0,22.8,55.6
GH-0300,20.5,443.6,28.7,59.0,0.0,86.6,0.0,21.1,51.8
GH-0301,20.9,691.1,26.8,44.7,0.0,44.1,31.7,20.9,50.9
GH-0302,15.9,0.0,25.4,50.0,0.0,9.3,16.6,23.8,53.2
GH-0303,11.4,0.0,22.3,49.0,0.0,0.0,37.4,21.0,57.0
GH-0304,19.9,901.3,30.0,32.4,0.0,59.8,84.8,20.4,45.5
GH-0305,26.3,863.4,30.0,39.0,0.0,96.3,54.3,16.1,43.5
GH-0306,10.9,27.1,22.6,55.1,0.0,0.0,2.2,22.1,57.4
GH-0307,12.6,0.0,19.2,57.2,60.9,0.0,0.0,21.1,57.0
GH-0308,15.3,0.0,26.3,56.3,0.0,61.5,11.2,24.4,52.9
GH-0309,20.6,439.9,28.4,40.3,0.0,56.8,45.0,22.1,46.4
GH-0310,16.2,75.1,24.8,48.4,0.0,30.2,22.0,23.0,50.3
GH-0311,11.8,38.7,21.4,50.1,0.0,0.0,21.6,21.1,57.7
GH-0312,14.7,0.0,21.2,61.3,0.0,0.0,0.0,20.1,64.5
GH-0313,21.9,680.4,25.6,55.1,0.0,24.0,0.0,22.1,57.5
GH-0314,16.4,370.8,26.0,51.3,0.0,22.0,26.5,24.4,52.1
GH-0315,22.3,614.8,27.7,42.1,0.0,49.5,40.7,22.2,47.3
GH-0316,11.3,0.0,24.5,54.0,0.0,15.6,0.0,22.8,55.1
GH-0317,14.1,164.1,25.8,54.1,0.0,28.7,1.3,24.0,54.2
GH-0318,15.0,49.0,22.7,54.5,0.0,6.9,4.4,21.4,56.4
GH-0319,14.1,164.8,23.2,56.5,0.0,0.0,0.0,22.3,56.0
GH-0320,14.3,25.9,24.6,52.4,0.0,6.0,5.2,24.2,57.3
GH-0321,16.4,465.4,24.8,48.3,0.0,10.0,25.2,24.0,53.7
GH-0322,11.4,0.0,22.5,61.0,0.0,5.9,0.0,21.1,61.2
GH-0323,21.2,820.8,29.3,39.4,0.0,50.1,51.5,22.5,48.6
GH-0324,10.8,0.0,22.0,58.0,0.0,3.1,0.0,20.4,57.6
GH-0325,12.0,49.3,20.8,67.8,13.1,1.5,0.0,20.7,67.6
GH-0326,9.7,28.1,20.0,66.5,26.1,0.0,0.0,20.0,64.7
GH-0327,14.2,5.6,23.6,45.6,0.0,0.0,38.2,22.3,55.4
GH-0328,15.5,0.0,22.9,51.8,0.0,18.8,7.2,21.7,54.8
GH-0329,14.8,109.7,23.8,55.0,0.0,31.1,0.0,23.0,51.0
GH-0330,17.1,251.4,28.9,55.0,0.0,94.0,4.6,22.2,46.8
GH-0331,11.5,0.0,24.7,59.7,0.0,9.4,0.0,23.4,59.5
GH-0332,16.2,69.8,19.7,53.8,19.3,0.0,3.4,19.9,55.4
GH-0333,11.8,11.7,24.0,55.8,0.0,15.6,6.6,22.4,58.6
GH-0334,25.5,841.0,30.9,39.6,0.0,81.5,34.8,18.7,40.5
GH-0335,21.8,823.3,28.6,37.8,0.0,45.7,57.4,22.6,47.8
GH-0336,12.2,58.0,21.8,55.6,0.0,0.0,4.2,22.0,58.9
GH-0337,12.3,36.4,22.4,54.3,0.0,0.0,21.7,21.8,58.9
GH-0338,21.2,669.3,29.8,38.9,0.0,64.6,60.2,22.1,46.5
GH-0339,19.3,635.9,27.8,44.4,0.0,49.2,47.4,22.1,51.4
GH-0340,13.9,81.5,22.7,59.0,0.0,0.0,10.7,22.3,62.8
GH-0341,12.7,114.6,25.9,56.3,0.0,37.2,0.0,22.6,53.1
GH-0342,20.5,856.7,29.1,40.2,0.0,58.6,33.7,20.4,47.1
GH-0343,10.8,0.0,22.4,71.8,0.0,41.8,0.0,20.8,66.0
GH-0344,25.4,728.4,27.0,42.4,0.0,40.8,41.3,22.5,44.1
GH-0345,23.5,610.4,28.6,46.2,0.0,44.2,39.1,24.1,47.9
GH-0346,17.8,31.7,24.9,54.8,0.0,39.5,0.0,23.2,52.7
GH-0347,12.7,0.0,24.9,62.2,0.0,47.1,0.0,22.6,57.2
GH-0348,22.3,759.7,30.2,40.8,0.0,70.4,52.8,21.2,42.4
GH-0349,9.8,58.2,19.3,61.1,33.3,0.0,0.0,19.5,62.1
GH-0350,9.6,5.2,22.9,57.0,0.0,22.1,0.0,20.3,54.3
GH-0351,12.4,13.4,21.2,57.9,0.0,0.0,2.4,19.8,59.6
GH-0352,16.0,0.0,26.3,57.0,0.0,62.1,0.0,24.5,49.2
GH-0353,18.3,454.3,27.1,52.1,0.0,51.5,20.9,22.2,55.1
GH-0354,17.5,375.4,27.9,34.2,0.0,32.6,72.1,25.0,45.7
GH-0355,13.9,28.9,19.3,61.3,52.9,0.0,0.6,20.8,61.7
GH-0356,20.6,735.9,26.4,52.1,0.0,39.9,15.4,20.9,50.7
GH-0357,8.9,59.9,22.1,54.4,0.0,0.0,7.8,19.9,58.9
GH-0358,11.3,0.0,21.6,52.5,0.0,0.0,9.7,21.4,48.9
GH-0359,19.0,615.0,28.9,49.3,0.0,59.9,9.2,22.8,52.1
GH-0360,15.8,462.8,24.7,49.2,0.0,14.5,27.2,24.2,53.1
GH-0361,12.2,0.0,22.7,52.4,0.0,1.5,20.3,21.8,54.3
GH-0362,13.1,0.0,21.8,58.2,0.0,6.2,9.5,22.6,59.5
GH-0363,24.0,530.2,29.5,45.6,0.0,65.5,49.9,23.8,51.3
GH-0364,10.9,12.3,21.6,62.6,13.1,0.0,0.0,21.5,61.5
GH-0365,11.1,0.0,25.2,52.3,0.0,51.0,11.6,23.2,50.6
GH-0366,20.7,757.1,28.2,46.5,0.0,56.0,22.1,21.0,48.5
GH-0367,15.8,145.4,28.0,42.2,0.0,70.4,26.7,23.6,45.5
GH-0368,13.7,42.2,22.0,57.4,0.0,0.0,0.0,20.8,59.3
GH-0369,11.9,59.6,18.1,64.1,50.8,0.0,0.0,18.5,63.6
GH-0370,13.2,0.0,22.9,61.9,0.0,21.4,0.0,21.1,61.4
GH-0371,18.3,389.6,26.5,49.7,0.0,29.3,14.4,23.5,54.4
GH-0372,20.9,677.7,32.8,37.8,0.0,100.0,50.8,19.8,42.7
GH-0373,11.4,0.0,23.9,60.3,0.0,33.9,0.0,21.9,54.3
GH-0374,24.0,686.1,29.7,48.7,0.0,66.8,17.5,21.4,47.3
GH-0375,12.3,62.6,22.2,62.4,1.6,13.7,0.0,20.8,62.7
GH-0376,12.5,0.0,19.2,59.2,34.7,0.0,0.0,19.5,59.9
GH-0377,13.7,0.0,23.6,53.4,0.0,8.3,0.0,22.5,53.6
GH-0378,11.2,0.0,21.6,62.7,0.0,0.0,0.0,20.5,62.8
GH-0379,14.1,0.0,20.6,61.4,17.0,0.0,0.0,21.0,61.4
GH-0380,13.8,311.5,29.9,43.5,0.0,100.0,36.7,21.9,44.6
GH-0381,25.0,781.5,28.4,30.2,0.0,48.2,90.5,22.0,43.3
GH-0382,12.1,0.0,24.9,45.7,0.0,15.2,32.6,23.3,50.5
GH-0383,16.3,210.9,25.2,57.5,0.0,38.3,0.0,22.7,55.9
GH-0384,12.8,0.0,25.6,61.2,0.0,43.8,0.0,23.1,59.5
GH-0385,17.4,587.3,27.4,54.5,0.0,63.8,0.0,19.2,50.4
GH-0386,14.4,0.0,21.1,67.2,10.1,0.0,0.0,21.3,69.8
GH-0387,18.1,413.7,27.3,48.3,0.0,64.0,29.5,21.5,50.7
GH-0388,24.6,791.1,31.5,41.4,0.0,95.5,62.3,17.8,46.4
GH-0389,14.7,0.0,21.9,55.0,0.0,0.0,0.0,21.6,53.8
GH-0390,24.3,724.0,31.0,39.6,0.0,77.1,46.9,21.6,43.6
GH-0391,13.3,0.0,20.5,59.0,14.1,0.0,0.0,19.4,59.1
GH-0392,13.1,84.4,22.3,53.6,0.0,0.0,24.2,21.4,57.1
GH-0393,16.0,89.5,22.6,59.2,0.0,0.0,0.3,21.0,59.8
GH-0394,13.1,0.0,25.7,53.3,0.0,43.1,10.8,22.7,50.3
GH-0395,14.9,0.0,22.7,51.3,0.0,0.0,18.9,22.1,55.4
GH-0396,23.2,812.7,30.0,35.7,0.0,54.7,77.1,22.2,48.1
GH-0397,10.9,0.0,22.4,59.9,0.0,12.6,0.0,21.0,60.6
GH-0398,11.7,372.9,26.3,46.8,0.0,36.3,32.6,22.3,51.8
GH-0399,18.4,453.6,28.3,47.6,0.0,68.1,20.4,21.5,43.5
GH-0400,10.9,121.8,21.7,60.6,0.0,0.0,0.0,20.8,63.9
GH-0401,12.9,62.0,22.5,65.2,0.0,14.9,0.0,21.0,65.5
GH-0402,15.0,57.4,25.2,54.4,0.0,16.9,14.7,23.1,58.3
GH-0403,16.6,0.0,25.7,52.3,0.0,35.5,20.2,24.8,54.1
GH-0404,8.1,17.1,21.6,59.1,14.1,0.0,0.0,20.7,56.7
GH-0405,10.0,22.6,19.4,61.0,36.7,0.0,0.0,19.8,60.3
GH-0406,16.6,48.0,23.7,50.8,0.0,6.6,27.5,23.1,54.8
GH-0407,24.4,610.1,32.9,40.1,0.0,94.6,61.1,21.6,45.3
GH-0408,21.3,833.3,31.6,49.9,0.0,99.9,18.6,16.8,46.9
GH-0409,12.9,79.4,22.7,67.7,2.7,23.7,0.0,20.9,63.5
GH-0410,24.2,873.6,30.5,45.5,0.0,79.4,40.1,18.6,47.2
GH-0411,18.7,813.1,29.2,37.8,0.0,53.9,73.0,21.6,47.6
GH-0412,20.1,469.8,30.0,45.7,0.0,95.4,19.5,20.3,43.9
GH-0413,14.9,0.0,26.3,57.0,0.0,41.5,3.1,25.2,55.6
GH-0414,15.7,74.2,21.7,65.3,0.1,0.0,0.0,22.3,64.1
GH-0415,13.3,28.7,24.2,54.5,0.0,11.0,1.0,22.8,52.4
GH-0416,16.0,0.0,23.8,61.8,0.0,27.3,0.0,21.3,58.0
GH-0417,24.7,862.6,30.8,40.9,0.0,73.1,42.8,20.0,44.6
GH-0418,16.2,405.2,26.5,54.6,0.0,64.8,12.8,20.6,50.0
GH-0419,19.2,687.2,28.5,44.3,0.0,60.4,45.4,21.3,52.6
GH-0420,10.6,0.0,22.1,55.5,0.0,0.0,6.7,21.2,57.3
GH-0421,14.0,63.7,19.6,63.3,49.9,0.0,0.0,21.4,61.8
GH-0422,13.0,8.5,22.7,62.4,0.0,0.0,0.0,22.1,61.0
GH-0423,8.3,0.0,20.9,64.2,19.2,2.6,0.0,20.6,62.7
GH-0424,12.9,12.7,22.2,61.1,0.0,0.0,0.0,22.0,59.1
GH-0425,11.3,0.0,18.6,59.7,47.2,0.0,0.0,19.9,58.3
GH-0426,16.2,0.0,25.1,61.1,0.0,60.5,0.0,22.7,57.3
GH-0427,13.5,0.0,24.1,43.6,0.0,21.3,41.0,22.5,49.8
GH-0428,25.5,877.3,33.4,37.7,0.0,100.0,57.1,17.2,42.4
GH-0429,22.5,812.7,27.7,46.9,0.0,68.1,31.4,18.8,49.3
GH-0430,18.8,233.1,26.6,55.5,0.0,55.5,9.7,22.4,57.6
GH-0431,14.2,0.0,21.9,57.7,0.0,0.0,0.0,20.8,55.2
GH-0432,24.1,839.4,31.7,35.7,0.0,98.4,55.7,17.4,37.9
GH-0433,9.9,31.0,23.9,56.8,0.0,17.5,10.3,22.5,61.0
GH-0434,21.3,461.4,28.6,42.9,0.0,71.3,34.5,21.7,42.8
GH-0435,15.0,45.8,23.6,53.6,0.0,22.3,15.2,21.9,57.5
GH-0436,14.2,0.0,23.5,60.8,0.0,21.1,0.0,21.7,59.5
GH-0437,12.1,0.0,22.0,56.4,0.0,3.7,1.7,21.2,62.1
GH-0438,15.5,369.0,27.3,44.7,0.0,48.9,33.7,23.4,48.2
GH-0439,13.1,19.9,25.2,57.0,0.0,40.8,15.7,23.1,56.8
GH-0440,20.2,562.7,28.4,44.5,0.0,69.5,46.1,20.5,51.2
GH-0441,23.8,891.1,32.0,40.2,0.0,97.0,41.8,17.0,44.2
GH-0442,11.8,0.0,19.5,64.6,19.9,0.0,0.0,19.3,65.6
GH-0443,12.9,0.0,21.6,63.6,1.8,0.0,0.0,20.8,65.1
GH-0444,16.6,0.0,27.2,57.8,0.0,79.6,0.0,24.5,52.8
GH-0445,11.2,0.0,21.6,57.6,0.0,0.0,3.5,20.4,59.7
GH-0446,13.5,24.4,22.4,58.3,0.0,12.1,0.0,21.3,55.3
GH-0447,24.9,690.1,33.3,38.9,0.0,100.0,52.9,20.4,41.4
GH-0448,15.3,0.0,20.4,68.3,0.1,0.0,0.0,20.1,67.1
GH-0449,10.5,0.0,20.7,50.8,5.4,0.0,8.3,19.9,54.3
GH-0450,9.8,0.0,22.0,59.3,0.0,0.0,0.0,20.3,62.3
GH-0451,21.5,733.4,28.0,44.8,0.0,62.8,27.8,20.4,49.9
GH-0452,10.4,0.0,19.7,55.5,30.5,0.0,0.0,20.5,57.1
GH-0453,17.9,240.2,27.3,56.1,0.0,67.5,0.3,22.7,50.4
GH-0454,9.8,0.0,20.0,49.7,29.8,0.0,16.3,20.3,53.1
GH-0455,14.7,0.0,22.5,55.4,0.0,17.3,5.6,21.9,54.0
GH-0456,14.3,0.0,26.3,59.4,0.0,42.4,0.0,23.8,52.1
GH-0457,16.4,3.3,27.2,55.4,0.0,64.9,0.0,25.1,48.8
GH-0458,12.3,0.0,24.6,49.2,0.0,11.1,14.2,23.5,51.6
GH-0459,12.3,8.4,24.6,51.7,0.0,25.6,8.3,23.3,49.2
GH-0460,15.8,5.6,23.4,60.1,0.0,8.1,0.0,21.8,55.8
GH-0461,20.6,749.5,30.3,38.2,0.0,69.9,53.9,20.4,48.0
GH-0462,13.7,46.0,21.8,62.7,0.0,9.3,0.0,20.9,61.2
GH-0463,13.6,0.0,19.6,54.1,32.0,0.0,0.4,20.6,54.0
GH-0464,15.9,154.1,26.6,52.9,0.0,47.8,0.0,23.9,48.3
GH-0465,20.8,804.3,28.4,44.8,0.0,63.8,47.4,19.4,47.8
GH-0466,10.0,21.0,19.6,66.7,34.8,0.0,0.0,19.8,63.1
GH-0467,10.2,0.0,25.1,57.0,0.0,37.8,0.0,23.0,53.6
GH-0468,12.3,5.8,20.6,66.8,0.0,0.0,0.0,20.3,64.5
GH-0469,12.6,0.0,21.7,50.2,0.0,0.0,13.0,20.9,57.3
GH-0470,18.8,73.8,25.2,64.1,0.0,42.4,0.0,23.5,60.1
GH-0471,20.0,663.9,28.4,39.6,0.0,25.4,31.2,24.2,46.1
GH-0472,18.9,283.8,24.7,48.0,0.0,15.8,18.7,23.8,52.0
GH-0473,21.4,700.8,27.7,46.8,0.0,62.7,53.1,19.2,52.1
GH-0474,12.8,0.0,23.1,61.8,0.0,25.7,0.0,21.4,62.8
GH-0475,13.1,0.0,25.4,51.2,0.0,25.6,20.7,23.2,51.6
GH-0476,15.0,60.9,21.2,61.1,5.8,0.0,0.0,20.6,63.4
GH-0477,12.2,51.7,20.5,55.9,21.9,0.0,0.0,21.1,57.1
GH-0478,9.1,0.0,22.0,55.7,1.2,0.0,8.3,20.8,59.5
GH-0479,17.9,113.4,26.8,56.6,0.0,73.2,0.0,23.3,55.6
GH-0480,17.8,414.1,29.0,48.9,0.0,91.4,13.9,20.6,44.7
GH-0481,12.2,0.0,21.5,56.5,10.8,0.0,9.0,22.0,61.3
GH-0482,24.1,794.2,31.2,38.2,0.0,98.3,46.5,16.8,41.5
GH-0483,14.3,0.0,25.7,55.5,0.0,50.1,3.9,22.8,52.3
GH-0484,13.4,0.0,20.0,65.6,35.9,0.0,0.0,21.1,66.7
GH-0485,13.3,66.7,23.1,59.9,0.0,6.7,0.0,22.4,60.9
GH-0486,20.5,650.7,28.5,42.8,0.0,58.6,35.1,21.5,44.9
GH-0487,10.8,173.3,21.6,58.3,8.9,9.4,0.0,21.2,58.7
GH-0488,15.7,42.6,24.6,56.5,0.0,23.9,3.2,23.4,57.3
GH-0489,19.4,789.3,27.9,43.3,0.0,50.2,50.2,22.4,46.9
GH-0490,13.5,54.0,22.8,63.0,0.0,0.3,0.0,22.3,63.3
GH-0491,13.3,0.0,21.2,55.8,0.0,0.0,3.9,21.5,55.4
GH-0492,11.7,0.0,23.8,59.9,0.0,46.0,0.0,21.4,56.8
GH-0493,19.9,537.1,26.0,46.4,0.0,39.8,14.7,21.9,47.9
GH-0494,23.3,631.4,30.1,45.3,0.0,81.3,39.1,20.3,48.5
GH-0495,20.2,531.4,28.9,41.4,0.0,46.7,54.0,23.6,47.2
GH-0496,16.8,0.0,22.6,63.4,0.0,16.3,0.0,22.2,60.0
GH-0497,14.5,125.8,22.3,51.3,0.0,0.0,29.8,21.9,60.6
GH-0498,13.6,46.4,20.9,52.5,8.7,0.0,3.3,20.5,55.1
GH-0499,17.0,79.1,25.5,53.4,0.0,30.1,25.1,23.6,55.0
GH-0500,23.0,554.9,26.8,53.7,0.0,53.5,15.9,21.7,50.1
GH-0501,18.6,730.8,30.7,45.8,0.0,97.5,37.3,17.3,46.7
GH-0502,14.9,332.9,23.1,49.6,0.0,7.1,27.7,23.1,55.4
GH-0503,25.1,842.8,31.6,39.3,0.0,100.0,47.9,16.7,43.9
GH-0504,11.8,0.0,22.5,60.0,0.0,0.0,0.0,23.0,63.0
GH-0505,13.7,164.7,24.5,57.8,0.0,42.9,0.0,22.5,56.5
GH-0506,12.9,0.0,23.3,63.4,0.0,41.9,0.0,22.0,59.4
GH-0507,5.6,24.1,21.5,46.7,0.0,0.0,43.4,20.5,55.7
GH-0508,11.4,95.6,25.4,52.4,0.0,32.7,14.7,23.1,52.9
GH-0509,10.7,0.0,24.7,55.5,0.0,8.9,0.0,23.1,57.2
GH-0510,12.2,13.2,20.7,56.6,0.0,0.0,0.2,19.1,58.7
GH-0511,19.3,788.7,28.9,41.7,0.0,80.0,41.1,18.4,43.4
GH-0512,13.7,16.1,23.1,61.4,0.0,8.0,0.0,21.9,62.9
GH-0513,15.9,33.9,22.5,54.6,0.0,0.0,14.3,21.8,60.0
GH-0514,13.0,137.5,24.2,57.6,0.0,20.4,3.3,23.2,57.8
GH-0515,9.0,0.0,19.6,53.9,18.9,0.0,18.2,19.2,60.1
GH-0516,12.6,0.0,21.3,66.1,0.0,19.9,0.0,20.6,62.3
GH-0517,21.3,764.0,28.8,30.0,0.0,13.8,76.3,28.3,42.8
GH-0518,14.8,0.0,22.3,62.1,0.0,4.3,0.0,21.7,62.9
GH-0519,16.4,40.6,26.1,51.9,0.0,24.6,24.8,25.3,56.8
GH-0520,19.2,832.0,27.9,38.9,0.0,25.9,56.3,25.7,47.4
GH-0521,12.9,28.2,23.2,56.6,0.0,11.9,7.2,21.8,57.5
GH-0522,18.9,461.2,27.9,49.6,0.0,82.9,0.0,20.4,44.5
GH-0523,13.4,0.0,21.6,56.8,0.0,0.0,0.0,21.0,58.2
GH-0524,19.2,598.4,25.2,47.9,0.0,25.7,27.7,23.2,51.1
GH-0525,19.9,472.5,27.7,47.7,0.0,84.0,3.6,19.0,45.7
GH-0526,12.6,3.5,24.1,52.9,0.0,28.0,20.3,21.5,55.4
GH-0527,13.1,0.0,19.7,57.5,34.6,0.0,0.3,19.2,58.2
GH-0528,10.4,24.4,23.9,51.5,0.0,7.3,26.1,22.4,59.4
GH-0529,19.1,401.1,28.0,48.6,0.0,69.1,30.8,22.3,51.2
GH-0530,15.2,0.0,22.9,49.8,0.0,0.0,19.1,21.2,60.1
GH-0531,21.5,772.9,33.5,39.0,0.0,100.0,42.8,19.1,42.7
GH-0532,12.9,0.0,21.7,60.6,0.0,0.0,0.0,20.5,59.7
GH-0533,9.2,31.8,19.5,61.8,26.2,0.0,0.0,19.6,60.6
GH-0534,9.5,42.4,18.8,61.9,40.5,0.0,0.0,19.3,59.9
GH-0535,21.0,801.2,30.3,38.0,0.0,88.6,50.4,17.6,40.6
GH-0536,12.7,0.0,23.0,44.3,0.0,0.0,48.4,22.6,57.0
GH-0537,9.6,5.2,23.9,52.3,0.0,33.8,18.8,21.4,54.3
GH-0538,19.5,803.9,31.5,42.2,0.0,75.6,52.6,20.5,44.3
GH-0539,15.9,35.7,23.2,58.0,0.0,2.8,0.0,22.8,57.3
GH-0540,13.7,0.0,22.3,59.7,0.0,0.0,0.0,21.3,61.2
GH-0541,15.1,0.0,20.6,55.9,14.9,0.0,0.0,20.2,59.6
GH-0542,13.3,82.9,22.2,57.6,0.0,16.1,0.0,20.3,56.9
GH-0543,23.4,732.6,27.2,44.4,0.0,40.7,31.7,23.2,49.7
GH-0544,14.3,59.3,23.4,54.8,0.0,0.1,3.5,23.1,56.9
GH-0545,14.3,0.0,22.5,62.3,0.0,22.9,0.0,21.1,58.4
GH-0546,13.3,0.0,21.8,51.8,0.9,0.0,20.8,20.4,56.0
GH-0547,12.7,36.3,19.9,69.2,9.5,0.0,0.0,19.9,67.6
GH-0548,20.6,743.5,31.0,35.4,0.0,55.0,76.8,23.8,43.6
GH-0549,17.3,31.9,24.9,54.9,0.0,35.8,0.0,23.6,52.5
GH-0550,11.8,0.0,21.8,60.5,7.7,0.0,0.0,21.4,60.1
GH-0551,9.4,0.0,27.9,57.6,0.0,81.0,0.0,24.8,55.8
GH-0552,22.1,776.3,30.2,37.8,0.0,85.1,58.8,18.6,43.1
GH-0553,19.2,778.1,26.8,51.5,0.0,60.1,11.2,19.5,51.2
GH-0554,20.3,454.2,30.6,49.2,0.0,82.6,27.2,21.7,49.7
GH-0555,11.2,13.7,23.2,48.3,0.0,0.0,30.8,22.0,52.6
GH-0556,12.9,0.0,22.6,69.7,0.0,14.3,0.0,21.9,66.7
GH-0557,14.9,279.1,23.5,57.1,0.0,23.2,3.5,21.4,58.0
GH-0558,6.7,0.0,20.2,62.8,8.1,0.0,0.0,19.9,62.4
GH-0559,17.4,288.0,22.4,57.1,1.0,0.0,0.0,23.7,61.4
GH-0560,22.6,844.9,29.3,37.6,0.0,54.2,58.4,21.8,45.6
GH-0561,14.3,0.0,23.1,53.8,0.0,9.1,31.6,22.0,59.6
GH-0562,19.9,153.3,27.5,58.7,0.0,71.1,7.4,24.0,54.3
GH-0563,15.7,313.5,23.7,54.3,0.0,30.4,0.0,21.8,56.5
GH-0564,12.5,0.0,24.1,60.7,0.0,32.8,0.0,22.9,57.7
GH-0565,22.6,586.7,28.5,45.6,0.0,68.3,38.6,20.7,47.9
GH-0566,24.3,621.5,27.0,31.4,0.0,1.3,79.9,27.5,49.3
GH-0567,23.9,649.5,30.3,40.1,0.0,85.9,53.8,19.8,44.6
GH-0568,14.1,254.1,23.0,55.8,0.0,0.0,0.0,22.5,57.4
GH-0569,11.4,0.1,22.4,62.3,0.0,16.6,0.0,21.8,62.5
GH-0570,10.3,9.9,24.4,60.2,0.0,51.9,0.0,21.3,54.3
GH-0571,14.6,22.2,25.8,51.4,0.0,39.3,13.1,23.9,52.6
GH-0572,22.9,822.6,32.8,41.3,0.0,100.0,61.8,17.4,43.6
GH-0573,15.6,31.6,26.5,52.2,0.0,34.8,15.9,24.4,54.1
GH-0574,22.2,871.3,29.2,36.7,0.0,62.9,60.1,20.2,44.1
GH-0575,11.3,38.0,27.7,55.7,0.0,77.6,8.4,24.2,51.2
GH-0576,14.8,0.0,24.1,65.6,0.0,40.7,0.0,21.8,57.7
GH-0577,8.9,91.7,20.6,54.0,19.4,0.0,5.0,20.3,57.7
GH-0578,16.7,279.3,29.9,48.0,0.0,82.9,9.0,24.7,45.6
GH-0579,11.7,21.6,22.5,55.5,0.0,0.0,0.0,21.2,59.0
GH-0580,14.5,0.0,23.7,56.6,0.0,28.5,0.0,22.6,54.3
GH-0581,12.9,44.5,25.0,43.6,0.0,0.0,41.2,24.4,51.4
GH-0582,10.9,107.1,22.3,61.9,0.0,2.8,0.0,22.0,58.3
GH-0583,20.6,920.0,31.0,39.4,0.0,73.4,60.0,18.7,44.9
GH-0584,12.1,0.0,21.8,63.6,0.0,0.7,0.0,20.6,62.7
GH-0585,13.8,0.0,19.9,63.9,46.3,0.0,0.0,21.4,63.3
GH-0586,19.8,358.4,29.2,44.2,0.0,43.4,53.8,25.9,50.9
GH-0587,14.1,121.6,26.1,46.6,0.0,20.7,36.9,24.4,49.6
GH-0588,17.1,0.0,19.5,63.4,28.2,0.0,0.0,20.4,61.8
GH-0589,13.5,0.0,22.0,64.8,0.0,0.0,0.0,20.4,67.1
GH-0590,21.1,847.0,27.8,46.8,0.0,57.9,21.4,19.4,48.3
GH-0591,13.7,0.0,24.2,55.1,0.0,27.5,13.4,22.3,59.6
GH-0592,10.2,0.0,21.0,58.0,11.9,0.0,0.0,20.1,59.5
GH-0593,24.2,775.5,29.6,45.5,0.0,68.0,24.2,20.5,44.3
GH-0594,14.9,0.0,20.3,57.1,13.6,0.0,16.6,19.5,60.1
GH-0595,11.1,0.0,22.3,48.1,6.0,0.0,33.3,21.5,57.5
GH-0596,13.0,43.3,21.4,54.6,0.0,0.0,3.0,20.3,60.2
GH-0597,20.5,783.7,29.2,36.1,0.0,39.2,66.3,24.1,49.2
GH-0598,14.4,257.6,24.3,57.6,0.0,35.0,1.6,22.1,53.5
GH-0599,14.3,385.5,25.1,39.8,0.0,0.0,65.9,24.5,54.4
GH-0600,18.4,424.9,26.4,48.1,0.0,20.1,43.3,24.1,54.4
GH-0601,14.7,33.6,20.8,56.8,11.0,0.0,0.0,19.5,57.0
GH-0602,11.8,84.7,24.1,62.8,0.0,12.4,0.0,23.0,62.4
GH-0603,14.0,0.0,22.8,64.4,0.0,23.9,0.0,21.1,65.3
GH-0604,22.2,650.5,29.7,46.7,0.0,65.0,9.4,22.6,46.5
GH-0605,11.9,0.0,23.8,59.2,0.0,46.0,0.0,22.1,55.5
GH-0606,10.6,68.1,21.7,61.1,0.0,0.0,0.0,21.3,59.4
GH-0607,18.9,609.0,29.0,45.4,0.0,62.4,25.5,21.8,49.5
GH-0608,13.1,0.0,25.7,58.8,0.0,50.2,0.0,24.3,54.0
GH-0609,17.8,582.6,25.0,51.5,0.0,42.2,16.1,20.9,50.7
GH-0610,12.2,52.4,24.0,57.9,0.0,22.5,0.0,22.3,57.6
GH-0611,15.9,267.3,25.9,54.4,0.0,35.0,10.3,23.8,58.3
GH-0612,23.0,736.7,30.1,36.3,0.0,52.1,54.2,22.6,43.0
GH-0613,9.6,39.8,21.1,61.5,5.2,0.0,0.0,20.1,62.4
GH-0614,21.8,751.8,30.0,36.0,0.0,72.9,59.0,20.5,43.3
GH-0615,13.8,0.0,23.6,57.8,0.0,26.4,0.0,22.2,58.7
GH-0616,18.8,10.8,25.5,57.0,0.0,30.7,8.8,23.6,53.6
GH-0617,19.3,645.7,26.3,56.0,0.0,64.1,0.0,18.4,51.7
GH-0618,12.6,22.9,23.3,56.6,0.0,5.3,0.0,21.5,58.9
GH-0619,10.5,10.5,22.2,62.2,0.0,0.0,0.0,21.4,60.9
GH-0620,17.6,96.4,23.2,39.9,0.0,0.0,36.0,23.0,47.6
GH-0621,16.9,23.7,24.6,49.7,0.0,0.4,12.9,23.8,52.0
GH-0622,10.6,12.4,22.4,52.3,0.0,0.0,2.3,21.3,55.2
GH-0623,15.0,0.0,22.2,62.0,0.0,5.3,0.0,20.4,62.7
GH-0624,11.5,0.0,22.6,54.8,0.0,17.1,4.3,20.8,55.1
GH-0625,14.8,41.7,28.0,50.2,0.0,75.8,17.9,25.4,46.0
GH-0626,14.3,0.0,23.8,54.6,0.0,13.8,8.5,21.9,53.2
GH-0627,10.5,0.0,20.9,55.3,0.0,0.0,0.0,19.6,57.2
GH-0628,13.2,0.0,20.8,58.9,11.0,0.0,0.0,20.2,60.3
GH-0629,16.8,320.0,24.6,50.5,0.0,3.4,5.1,24.6,56.2
GH-0630,13.0,0.0,21.0,58.8,0.0,0.0,0.0,20.1,60.0
GH-0631,23.1,746.6,29.2,42.4,0.0,56.0,40.1,22.3,45.0
GH-0632,13.7,0.0,19.9,62.5,25.6,0.0,0.0,19.8,62.4
GH-0633,15.9,723.3,29.2,44.1,0.0,64.9,25.6,19.7,44.5
GH-0634,9.8,33.4,23.4,51.0,0.0,27.1,14.5,21.8,53.9
GH-0635,9.4,195.7,22.6,57.8,0.0,0.0,1.8,20.8,62.6
GH-0636,17.5,120.0,25.3,60.6,0.0,59.6,0.0,20.9,54.2
GH-0637,20.6,608.1,27.6,49.4,0.0,51.6,8.3,23.1,50.4
GH-0638,14.4,12.5,22.8,61.1,0.0,17.3,0.0,22.1,59.9
GH-0639,21.8,691.1,27.6,46.7,0.0,48.1,25.9,22.5,48.1
GH-0640,14.1,8.8,22.6,53.1,0.0,0.0,0.2,21.1,53.2
GH-0641,18.6,534.1,26.8,52.2,0.0,54.1,23.7,21.8,49.3
GH-0642,15.1,99.4,24.8,51.7,0.0,31.4,18.5,23.6,55.0
GH-0643,16.5,0.0,21.9,61.5,0.0,10.1,0.0,21.2,58.9
GH-0644,17.4,385.0,25.8,46.7,0.0,28.3,30.7,23.4,52.8
GH-0645,19.7,582.9,29.2,41.8,0.0,51.8,30.2,24.1,44.2
GH-0646,16.3,235.9,24.1,59.6,0.0,28.1,0.0,22.0,58.6
GH-0647,15.2,70.3,23.3,63.5,0.0,18.4,0.0,23.1,60.6
GH-0648,23.2,806.4,31.9,44.9,0.0,100.0,36.6,19.0,45.3
GH-0649,7.7,11.6,22.2,60.4,0.0,25.8,0.0,20.4,59.3
GH-0650,11.4,60.3,19.8,65.6,45.7,0.0,0.0,20.4,65.0
GH-0651,25.1,782.4,31.8,33.0,0.0,93.7,71.7,19.0,41.3
GH-0652,14.2,80.8,24.5,60.3,0.0,50.1,0.0,22.0,53.4
GH-0653,24.5,751.7,33.5,42.8,0.0,100.0,43.6,19.1,44.4
GH-0654,13.8,19.3,24.1,56.4,0.0,14.3,0.0,23.0,57.6
GH-0655,15.1,392.1,27.0,51.7,0.0,37.9,6.2,24.5,50.7
GH-0656,14.4,244.1,26.1,48.5,0.0,44.0,23.7,23.9,50.6
GH-0657,23.0,767.3,27.9,41.9,0.0,20.6,43.8,26.6,48.1
GH-0658,26.1,821.2,32.8,33.3,0.0,86.9,53.4,19.8,37.9
GH-0659,16.6,131.8,25.2,52.9,0.0,29.3,0.0,22.2,51.5
GH-0660,20.4,760.8,31.8,35.9,0.0,93.3,69.5,18.7,44.2
GH-0661,9.4,0.0,19.0,67.5,45.6,0.0,0.0,19.4,65.4
GH-0662,15.5,391.0,26.6,54.0,0.0,25.4,0.0,24.6,51.9
GH-0663,22.6,873.5,29.3,36.2,0.0,75.0,55.3,17.9,43.0
GH-0664,15.0,55.1,24.1,63.5,0.0,40.7,0.0,21.8,57.2
GH-0665,9.5,0.0,21.7,49.0,0.0,0.0,6.3,19.8,54.5
GH-0666,12.6,100.1,22.9,60.8,0.0,11.3,0.0,22.2,62.2
GH-0667,9.9,0.0,21.6,39.4,3.3,0.0,59.2,20.7,54.3
GH-0668,21.8,751.9,29.7,43.7,0.0,93.0,52.9,17.2,48.3
GH-0669,15.7,459.6,28.5,48.2,0.0,66.2,24.2,22.0,48.0
GH-0670,11.6,50.4,25.5,59.3,0.0,58.6,3.5,22.6,54.6
GH-0671,22.3,823.7,29.9,43.4,0.0,100.0,41.4,14.7,48.4
GH-0672,16.3,176.3,26.7,55.8,0.0,65.4,0.0,21.5,51.9
GH-0673,18.8,368.7,29.5,52.8,0.0,100.0,17.1,20.5,49.7
GH-0674,16.1,1.0,22.9,60.8,0.0,9.0,0.0,21.9,58.3
GH-0675,10.4,55.2,22.3,54.1,0.0,0.0,4.1,21.0,58.2
GH-0676,14.5,0.0,21.0,52.7,8.9,0.0,18.8,21.1,55.9
GH-0677,19.2,423.4,27.3,46.0,0.0,50.4,26.7,21.9,49.3
GH-0678,15.4,0.0,24.6,52.2,0.0,42.2,1.4,23.5,53.7
GH-0679,26.7,665.9,33.3,44.8,0.0,100.0,38.0,21.1,44.2
GH-0680,11.3,0.0,20.9,51.1,8.8,0.0,13.8,20.3,51.6
GH-0681,22.6,704.5,29.6,34.6,0.0,66.4,70.6,21.3,39.9
GH-0682,14.2,0.0,22.5,59.2,0.0,0.0,0.0,22.0,58.7
GH-0683,23.8,433.5,27.6,50.6,0.0,63.7,17.1,22.4,49.6
GH-0684,14.1,67.6,26.0,45.2,0.0,37.0,32.3,23.4,46.4
GH-0685,15.3,42.6,22.4,58.6,0.0,4.6,0.0,20.9,55.6
GH-0686,13.0,0.0,21.5,58.6,9.8,16.1,0.0,20.7,57.0
GH-0687,12.2,110.9,20.4,65.5,14.0,0.0,0.0,20.5,65.3
GH-0688,13.6,147.7,26.6,49.2,0.0,23.9,15.5,24.2,51.6
GH-0689,26.9,819.1,31.3,45.2,0.0,100.0,48.4,16.6,45.1
GH-0690,14.3,74.9,25.9,48.1,0.0,17.4,22.3,23.7,52.7
GH-0691,20.9,679.5,27.0,47.1,0.0,54.0,38.8,21.6,51.2
GH-0692,9.8,0.0,21.3,52.9,0.0,0.0,26.6,19.8,60.0
GH-0693,22.2,773.7,29.1,39.4,0.0,26.0,44.8,26.6,47.1
GH-0694,13.2,395.1,22.6,54.6,0.0,0.0,9.8,21.1,55.2
GH-0695,17.7,502.9,25.7,47.5,0.0,35.6,29.2,21.6,49.0
GH-0696,11.5,0.0,23.6,68.3,0.0,28.3,0.0,22.5,60.8
GH-0697,11.8,64.4,21.6,61.9,0.0,0.0,0.0,20.9,63.4
GH-0698,10.0,0.0,21.4,50.6,0.0,0.0,32.3,20.5,60.6
GH-0699,14.7,0.0,24.2,56.6,0.0,28.7,15.8,22.2,56.3
GH-0700,14.2,3.8,24.4,55.3,0.0,22.7,11.7,22.2,57.9
GH-0701,22.7,804.4,33.0,35.6,0.0,100.0,63.1,19.1,42.4
GH-0702,11.7,0.0,19.8,66.0,43.3,0.0,0.0,20.4,64.0
GH-0703,15.8,235.7,25.3,54.6,0.0,18.2,10.8,23.6,53.2
GH-0704,15.6,187.5,23.5,49.2,0.0,0.0,19.7,23.3,55.8
GH-0705,12.9,32.8,23.3,62.5,0.0,23.1,0.0,22.0,57.6
GH-0706,11.6,0.0,23.6,50.8,0.0,0.0,42.1,21.7,56.5
GH-0707,11.5,0.0,19.0,56.3,64.6,0.0,7.1,20.0,62.5
GH-0708,17.5,12.6,28.3,53.5,0.0,70.1,7.8,25.3,48.6
GH-0709,11.8,0.0,21.1,60.9,0.0,0.0,0.0,19.3,61.4
GH-0710,19.4,748.2,25.4,39.9,0.0,0.0,70.2,25.8,55.2
GH-0711,24.1,848.3,30.9,40.0,0.0,76.4,30.1,20.8,46.1
GH-0712,20.3,728.3,26.0,39.8,0.0,25.4,60.6,22.9,49.0
GH-0713,9.2,56.1,24.0,56.1,0.0,16.8,6.8,20.9,52.8
GH-0714,17.1,30.6,24.9,58.0,0.0,36.4,0.0,23.9,56.4
GH-0715,25.9,666.1,30.6,38.2,0.0,100.0,54.9,18.4,40.0
GH-0716,20.8,596.4,29.9,48.5,0.0,84.3,14.8,20.6,44.9
GH-0717,19.6,751.7,29.9,39.8,0.0,60.1,57.0,21.9,49.0
GH-0718,13.1,24.3,21.9,56.0,0.0,0.0,0.0,21.7,57.4
GH-0719,12.3,0.0,25.4,63.5,0.0,64.9,0.0,23.4,60.5
GH-0720,23.9,517.1,30.3,37.8,0.0,66.9,69.4,22.4,46.7
GH-0721,10.8,33.3,21.1,59.0,12.3,0.0,7.5,20.4,57.4
GH-0722,11.4,0.0,22.8,63.3,0.0,22.3,0.0,21.2,63.3
GH-0723,17.1,0.0,23.3,57.2,0.0,20.8,0.0,21.9,58.4
GH-0724,14.1,283.4,25.0,59.5,0.0,55.5,0.0,20.6,53.8
GH-0725,23.5,739.4,28.3,46.4,0.0,68.5,23.4,19.0,48.4
GH-0726,21.7,727.2,30.3,40.4,0.0,84.5,40.3,19.8,41.7
GH-0727,12.8,44.5,19.8,57.9,26.8,0.0,0.0,20.8,57.8
GH-0728,18.2,630.3,32.2,41.3,0.0,100.0,41.3,20.2,39.2
GH-0729,18.7,697.4,31.4,39.2,0.0,82.1,46.1,20.0,43.0
GH-0730,15.0,28.2,21.0,61.7,2.0,0.0,0.0,21.0,64.0
GH-0731,11.2,0.0,23.7,56.3,0.0,13.8,6.5,22.8,57.1
GH-0732,20.0,823.0,29.8,38.6,0.0,67.6,51.0,19.8,43.9
GH-0733,10.9,34.9,23.7,52.8,0.0,35.0,9.8,22.5,51.4
GH-0734,18.8,501.4,28.5,44.0,0.0,77.8,25.7,20.7,44.3
GH-0735,22.2,780.1,30.2,39.1,0.0,86.6,52.1,17.4,42.1
GH-0736,24.1,847.3,27.9,46.8,0.0,67.0,28.2,17.7,47.3
GH-0737,26.5,920.0,33.2,38.9,0.0,100.0,40.0,16.9,41.3
GH-0738,8.3,0.0,21.2,62.0,7.4,3.2,0.0,19.8,61.9
GH-0739,15.0,0.0,23.3,54.8,0.0,9.3,0.0,22.3,56.1
GH-0740,12.2,0.0,22.4,56.3,0.0,0.0,0.0,21.8,56.3
GH-0741,11.7,15.6,22.8,64.5,0.0,11.4,0.0,22.2,63.6
GH-0742,19.0,507.5,29.9,46.0,0.0,71.9,26.0,21.7,45.5
GH-0743,12.1,0.0,20.3,64.3,24.5,0.0,0.0,21.1,62.9
GH-0744,11.0,0.0,23.3,54.3,0.0,8.2,0.0,22.1,52.1
GH-0745,21.7,684.3,29.7,35.6,0.0,63.2,74.9,22.1,45.4
GH-0746,11.0,59.6,23.0,59.2,0.0,27.6,0.0,21.1,57.5
GH-0747,23.7,760.8,31.1,42.6,0.0,100.0,27.7,17.7,42.7
GH-0748,17.4,1.9,21.7,59.8,1.9,0.0,0.0,21.8,60.0
GH-0749,17.4,366.0,29.7,46.2,0.0,56.6,33.9,24.5,51.5
GH-0750,11.9,0.0,23.9,55.7,0.0,18.2,0.3,23.0,61.2
GH-0751,22.0,848.6,30.3,41.8,0.0,100.0,60.7,15.2,48.1
GH-0752,14.4,101.9,23.6,58.8,0.0,23.8,0.0,22.2,55.6
GH-0753,11.5,82.0,25.6,57.2,0.0,64.4,17.6,22.5,56.0
GH-0754,13.0,88.6,23.9,52.5,0.0,7.1,11.4,22.7,54.1
GH-0755,13.9,0.0,23.0,59.3,0.0,0.0,0.0,22.3,56.7
GH-0756,13.3,0.0,23.7,59.1,0.0,39.6,1.1,21.7,53.4
GH-0757,19.2,695.8,29.7,43.1,0.0,76.8,37.8,19.7,45.4
GH-0758,19.2,368.9,27.9,44.3,0.0,64.3,25.2,22.1,45.7
GH-0759,13.0,37.8,22.9,54.8,0.0,0.0,6.3,21.4,57.1
GH-0760,12.6,73.7,20.5,60.3,24.1,0.0,0.0,19.4,59.3
GH-0761,21.8,673.8,29.6,37.0,0.0,53.9,69.0,24.0,45.5
GH-0762,16.4,0.0,23.6,45.0,0.0,10.7,49.9,22.6,52.3
GH-0763,20.3,828.1,29.0,41.7,0.0,83.6,23.8,16.9,43.8
GH-0764,10.5,0.0,23.7,57.3,0.0,13.8,0.0,22.5,56.0
GH-0765,11.9,0.0,25.7,54.1,0.0,48.0,22.3,24.2,52.7
GH-0766,15.7,32.1,23.6,53.1,0.0,22.9,3.4,22.2,54.1
GH-0767,13.2,0.0,20.5,57.3,28.0,0.0,2.2,20.8,57.5
GH-0768,12.9,0.0,22.3,54.8,0.0,0.0,17.5,21.2,57.9
GH-0769,14.6,100.8,22.9,61.2,0.0,19.7,0.0,21.5,59.7
GH-0770,21.6,644.8,29.4,41.2,0.0,71.3,61.3,20.4,49.3
GH-0771,12.9,0.0,21.9,54.2,0.0,0.0,8.4,20.5,57.3
GH-0772,22.0,640.1,29.9,45.9,0.0,94.6,32.1,18.1,47.0
GH-0773,15.2,87.5,20.8,54.2,19.1,0.0,5.1,20.7,53.5
GH-0774,12.8,0.0,24.6,54.9,0.0,6.3,15.9,23.9,60.5
GH-0775,23.5,734.1,31.8,33.3,0.0,93.4,76.4,19.0,39.8
GH-0776,14.9,0.0,22.1,50.6,0.0,0.0,17.0,21.6,50.9
GH-0777,12.8,91.3,20.7,67.8,25.4,0.0,0.0,22.3,62.2
GH-0778,21.2,874.9,29.2,40.7,0.0,53.5,37.9,21.0,46.9
GH-0779,21.1,638.0,28.3,48.7,0.0,79.8,29.1,18.6,46.5
GH-0780,21.0,699.3,29.9,43.9,0.0,75.6,29.4,20.6,45.2
GH-0781,12.4,71.1,23.0,58.5,0.0,13.4,7.4,20.8,55.7
GH-0782,12.2,0.0,23.4,58.2,0.0,18.7,0.0,21.8,58.5
GH-0783,15.5,32.5,23.9,52.4,0.0,0.0,3.6,22.5,54.0
GH-0784,11.4,13.0,18.8,66.0,34.1,0.0,0.0,19.4,63.1
GH-0785,22.4,872.8,31.2,40.3,0.0,65.6,45.9,20.3,44.7
GH-0786,17.5,261.9,28.5,60.5,0.0,83.7,0.0,22.7,56.1
GH-0787,15.5,53.0,20.9,59.1,9.5,0.0,0.0,20.8,59.0
GH-0788,12.1,0.0,24.2,53.2,0.0,9.0,0.3,23.1,55.8
GH-0789,19.9,750.3,27.2,37.6,0.0,11.0,58.2,26.6,49.4
GH-0790,13.2,0.0,22.1,62.5,0.0,0.0,0.0,21.0,66.6
GH-0791,10.5,0.0,22.9,48.1,0.0,0.0,41.5,22.7,58.1
GH-0792,14.9,221.1,24.6,54.2,0.0,26.4,5.9,23.2,54.4
GH-0793,15.2,0.0,25.0,58.6,0.0,33.8,12.1,22.1,58.4
GH-0794,14.3,153.2,24.0,59.8,0.0,18.9,0.0,22.4,57.3
GH-0795,11.8,10.4,21.3,62.8,0.0,21.3,0.0,19.0,63.9
GH-0796,15.1,62.6,22.2,59.6,0.0,26.5,0.0,21.7,57.3
GH-0797,13.1,0.0,21.9,48.3,0.0,0.0,25.3,22.0,52.5
GH-0798,13.6,47.7,21.5,68.3,0.0,39.1,0.0,19.6,62.8
GH-0799,15.1,28.3,20.7,59.1,2.5,0.0,0.0,19.7,60.9
GH-0800,20.2,715.1,25.9,47.0,0.0,19.3,21.9,23.6,51.4
GH-0801,12.0,58.9,23.2,55.7,0.0,5.1,0.0,22.8,56.3
GH-0802,11.8,53.4,20.9,60.5,3.7,0.0,0.0,20.1,62.6
GH-0803,20.7,269.8,26.4,53.6,0.0,40.1,14.0,24.0,52.8
GH-0804,17.8,530.4,26.6,49.6,0.0,46.5,13.6,22.3,49.7
GH-0805,14.2,0.0,24.8,52.9,0.0,40.3,7.4,22.2,52.6
GH-0806,10.6,0.0,23.1,60.1,0.0,13.9,0.0,21.7,61.2
GH-0807,15.3,41.2,25.5,57.1,0.0,63.3,9.8,22.9,53.5
GH-0808,24.5,706.1,28.6,43.3,0.0,30.7,53.9,25.1,53.4
GH-0809,18.2,419.9,25.5,52.3,0.0,38.6,14.1,22.0,57.1
GH-0810,23.1,790.9,29.2,49.8,0.0,79.4,0.4,18.4,47.5
GH-0811,15.9,0.0,23.2,64.0,0.0,12.1,0.0,22.4,62.2
GH-0812,17.5,0.0,24.9,48.0,0.0,22.8,26.9,24.1,51.1
GH-0813,13.2,2.9,26.7,52.4,0.0,44.4,22.2,25.9,52.8
GH-0814,19.7,677.2,26.2,47.5,0.0,25.9,17.9,23.2,49.7
GH-0815,9.2,3.0,19.7,61.1,46.4,0.0,0.0,21.0,56.9
GH-0816,10.2,0.0,21.0,58.2,2.2,0.0,0.0,19.9,61.3
GH-0817,12.2,92.7,25.6,45.9,0.0,44.5,33.2,22.5,50.6
GH-0818,13.2,0.0,24.7,53.0,0.0,19.0,0.0,23.2,51.5
GH-0819,10.5,24.1,19.1,60.4,45.4,0.0,0.0,20.8,57.9
GH-0820,16.5,0.0,24.2,68.7,0.0,53.3,0.0,22.9,62.1
GH-0821,22.3,786.5,29.7,48.2,0.0,61.3,26.8,22.3,50.8
GH-0822,17.9,656.7,24.5,46.1,0.0,0.0,32.6,24.7,52.7
GH-0823,12.1,0.0,21.5,56.1,11.1,0.0,0.0,20.5,58.7
GH-0824,21.8,628.1,29.3,41.6,0.0,56.4,46.4,22.4,46.7
GH-0825,12.4,0.0,23.3,59.0,0.0,9.0,0.0,22.3,59.8
GH-0826,10.5,0.0,21.9,61.7,0.0,14.2,0.0,21.2,60.5
GH-0827,21.1,624.8,28.6,49.2,0.0,69.4,14.7,20.7,48.7
GH-0828,13.4,240.6,26.6,59.2,0.0,71.7,0.0,22.1,52.7
GH-0829,14.5,115.8,23.0,55.3,0.0,0.0,8.9,22.9,59.7
GH-0830,11.0,0.0,22.7,59.4,0.0,31.0,0.0,21.0,56.1
GH-0831,22.2,704.0,29.1,33.9,0.0,48.4,94.6,23.5,48.3
GH-0832,6.7,0.0,21.5,56.5,0.0,0.0,0.0,19.4,57.2
GH-0833,14.6,0.0,22.0,56.5,0.0,19.8,4.3,21.2,57.9
GH-0834,17.5,123.0,27.7,46.5,0.0,55.3,26.2,24.6,44.7
GH-0835,13.5,59.6,24.1,47.8,0.0,0.7,29.5,23.3,55.3
GH-0836,11.1,0.0,24.6,56.3,0.0,35.5,8.3,22.2,53.4
GH-0837,12.4,71.6,21.6,57.0,0.1,0.0,3.8,21.2,55.2
GH-0838,25.4,665.6,32.0,37.8,0.0,95.4,61.2,20.0,42.3
GH-0839,11.3,0.0,22.5,62.6,0.0,2.2,0.0,21.1,63.4
GH-0840,25.5,830.2,29.3,33.5,0.0,46.6,61.5,23.1,44.1
GH-0841,20.4,612.4,27.4,43.8,0.0,62.8,38.7,21.1,46.7
GH-0842,22.3,761.9,27.7,47.1,0.0,40.3,24.9,23.3,51.3
GH-0843,13.1,0.0,21.1,49.6,19.4,0.0,7.8,21.6,52.3
GH-0844,10.2,82.0,23.9,55.5,0.0,31.6,15.5,20.7,54.2
GH-0845,11.0,119.6,25.2,45.3,0.0,13.3,26.7,23.7,49.9
GH-0846,16.7,0.0,21.7,59.8,26.7,1.5,0.0,22.4,59.7
GH-0847,13.1,17.8,24.9,53.6,0.0,24.6,15.5,23.2,53.4
GH-0848,15.2,0.0,23.8,61.6,0.0,30.0,0.0,22.1,59.4
GH-0849,17.9,399.7,29.4,48.8,0.0,78.0,21.7,22.6,47.4
GH-0850,12.4,139.7,25.9,54.6,0.0,36.6,11.8,23.5,50.7
GH-0851,22.3,540.5,28.6,44.5,0.0,58.4,35.1,22.7,48.0
GH-0852,22.3,363.4,30.8,47.9,0.0,91.7,33.4,24.3,48.1
GH-0853,20.9,696.7,28.7,42.1,0.0,40.1,68.6,22.3,51.8
GH-0854,12.5,141.4,27.2,56.4,0.0,53.0,0.0,22.8,51.7
GH-0855,11.8,17.1,22.0,68.1,11.6,19.1,0.0,20.6,65.9
GH-0856,21.4,614.3,32.2,42.4,0.0,99.0,34.7,19.7,45.5
GH-0857,13.0,16.4,24.6,55.6,0.0,33.9,5.0,23.2,53.2
GH-0858,11.6,0.0,19.8,59.7,25.0,0.0,6.9,20.2,63.1
GH-0859,15.0,250.7,23.6,58.7,0.0,0.0,0.0,23.4,59.7
GH-0860,14.0,0.0,20.9,62.9,15.3,0.6,0.0,20.4,60.2
GH-0861,19.2,776.7,31.8,47.3,0.0,100.0,25.8,17.2,42.5
GH-0862,10.9,91.6,20.7,54.8,14.2,0.0,14.1,20.7,55.8
GH-0863,22.1,841.1,33.3,37.6,0.0,100.0,49.5,17.6,41.5
GH-0864,22.3,589.0,30.0,38.3,0.0,73.2,54.4,22.4,43.2
GH-0865,20.2,748.4,30.0,38.8,0.0,69.9,44.3,19.4,42.9
GH-0866,23.4,846.2,30.3,44.7,0.0,97.1,36.1,15.8,44.7
GH-0867,13.6,0.0,21.0,70.4,0.0,0.0,0.0,20.7,65.2
GH-0868,20.8,691.5,30.1,42.1,0.0,73.5,55.2,20.1,45.5
GH-0869,20.2,758.0,29.6,39.4,0.0,62.3,61.4,21.7,47.8
GH-0870,11.7,24.3,26.6,52.7,0.0,61.6,25.2,23.4,51.5
GH-0871,9.6,58.7,23.6,57.0,0.0,10.1,0.0,23.0,54.4
GH-0872,15.2,0.0,26.9,56.0,0.0,60.8,3.9,23.5,52.9
GH-0873,13.5,138.0,25.4,54.2,0.0,38.1,25.3,22.4,48.5
GH-0874,11.5,0.0,24.0,67.4,0.0,28.9,0.0,21.8,66.1
GH-0875,18.2,250.7,27.9,46.9,0.0,47.3,27.3,24.6,49.6
GH-0876,11.9,0.0,20.5,62.0,25.8,0.0,0.0,20.6,63.2
GH-0877,14.3,229.1,24.0,55.5,0.0,28.3,2.3,22.3,53.5
GH-0878,12.2,10.8,25.4,70.6,0.0,63.4,0.0,23.2,63.2
GH-0879,10.4,0.0,21.7,53.8,14.8,0.0,6.7,20.5,53.5
GH-0880,10.5,0.0,19.9,60.2,17.0,0.0,0.0,19.6,65.2
GH-0881,13.9,0.0,23.7,60.6,0.0,34.2,0.0,22.0,57.6
GH-0882,14.6,0.0,23.4,59.4,0.0,0.0,6.4,22.9,59.7
GH-0883,22.7,653.0,27.2,49.4,0.0,38.0,24.7,22.7,51.5
GH-0884,10.6,8.4,20.1,64.0,21.8,0.0,0.0,20.9,64.0
GH-0885,23.7,855.4,31.2,34.8,0.0,97.7,60.5,16.9,37.1
GH-0886,14.4,0.0,23.7,53.6,0.0,21.2,10.2,21.9,53.5
GH-0887,14.0,0.0,19.4,63.0,43.0,0.0,0.0,19.1,63.5
GH-0888,15.3,5.1,21.6,55.7,12.8,0.0,17.5,21.8,61.5
GH-0889,19.8,612.2,30.4,43.5,0.0,71.7,36.2,24.2,43.9
GH-0890,14.1,0.0,24.7,63.0,0.0,37.9,0.0,21.8,59.5
GH-0891,23.0,675.7,28.8,42.0,0.0,52.8,51.1,22.4,50.4
GH-0892,14.8,0.0,20.5,57.2,21.6,0.0,0.0,18.9,59.6
GH-0893,14.6,41.4,23.6,53.6,0.0,10.8,24.0,23.1,58.6
GH-0894,17.4,609.1,28.0,56.3,0.0,67.9,0.0,19.2,54.7
GH-0895,13.7,45.1,26.1,52.2,0.0,34.1,9.8,23.7,53.1
GH-0896,12.9,74.2,24.1,53.8,0.0,15.9,17.0,23.2,56.2
GH-0897,13.7,28.1,22.5,58.9,0.0,8.3,0.0,21.4,61.2
GH-0898,13.0,30.7,23.2,60.6,0.0,23.3,0.0,21.1,58.0
GH-0899,14.3,6.2,21.6,60.3,0.0,0.0,0.0,22.1,57.0
GH-0900,26.0,845.8,31.5,39.2,0.0,100.0,44.8,17.2,41.4
GH-0901,19.5,783.9,26.8,49.8,0.0,65.5,20.2,18.0,51.7
GH-0902,12.0,144.6,23.8,57.1,0.0,17.8,9.4,21.5,58.4
GH-0903,14.8,0.0,22.6,55.8,0.0,0.0,9.3,22.5,59.7
GH-0904,20.4,634.9,32.1,51.2,0.0,100.0,12.4,20.1,49.0
GH-0905,11.9,13.5,24.1,52.5,0.0,40.2,0.0,22.8,52.0
GH-0906,12.4,0.0,23.7,60.0,0.0,15.0,0.0,22.1,61.4
GH-0907,11.1,90.4,21.1,58.5,12.2,0.0,0.0,20.0,61.9
GH-0908,19.4,0.0,20.6,50.2,22.0,0.0,33.1,20.7,55.0
GH-0909,17.2,0.0,25.1,57.4,0.0,32.5,0.3,23.0,52.1
GH-0910,19.1,283.5,23.6,51.1,0.0,3.2,13.0,24.5,58.3
GH-0911,13.7,0.0,19.9,59.1,24.0,0.0,0.0,20.6,59.2
GH-0912,20.6,541.3,27.0,50.5,0.0,30.4,21.9,24.0,53.0
GH-0913,22.8,758.3,30.9,41.3,0.0,97.3,38.5,18.1,41.5
GH-0914,23.3,570.4,28.9,44.8,0.0,71.4,39.6,22.2,47.8
GH-0915,14.1,125.2,24.3,52.1,0.0,30.1,7.7,23.1,53.5
GH-0916,22.0,882.1,33.2,48.2,0.0,100.0,26.2,17.6,47.2
GH-0917,14.8,0.0,18.2,62.5,62.0,0.0,0.0,19.1,65.7
GH-0918,11.3,268.7,22.2,56.1,0.0,0.0,0.2,22.1,57.2
GH-0919,14.9,40.8,23.3,53.8,0.0,1.4,9.4,22.0,56.2
GH-0920,12.5,81.6,24.8,49.8,0.0,18.3,21.1,23.1,57.5
GH-0921,12.4,44.5,21.0,64.2,8.0,0.0,0.0,20.7,64.5
GH-0922,12.5,27.6,25.8,43.2,0.0,13.3,31.1,24.3,50.6
GH-0923,9.1,0.0,22.7,54.8,0.0,0.0,7.0,21.3,62.3
GH-0924,19.5,733.8,31.2,39.5,0.0,81.1,45.5,20.5,41.0
GH-0925,12.1,27.8,23.5,60.9,0.0,20.3,0.0,22.5,58.2
GH-0926,16.5,323.9,25.2,55.0,0.0,43.6,4.9,22.1,52.9
GH-0927,13.8,62.3,23.3,60.3,0.0,25.1,0.0,21.9,57.3
GH-0928,19.7,584.0,28.3,56.3,0.0,80.4,0.0,19.3,54.3
GH-0929,13.4,21.1,25.4,57.4,0.0,56.0,0.0,23.7,51.7
GH-0930,14.1,12.4,22.3,58.0,0.0,0.0,1.2,22.1,62.7
GH-0931,17.4,0.0,22.7,59.5,0.0,0.0,0.0,23.1,59.1
GH-0932,13.9,16.7,24.1,64.3,0.0,36.3,0.0,22.2,58.6
GH-0933,15.4,0.0,22.6,59.9,0.0,8.2,2.4,21.9,61.5
GH-0934,15.7,0.0,21.3,56.7,12.6,0.0,0.0,20.8,58.9
GH-0935,17.6,425.4,25.1,43.9,0.0,19.0,46.9,23.6,49.5
GH-0936,11.7,0.0,20.6,56.6,20.0,0.0,4.1,20.1,57.6
GH-0937,24.8,874.4,28.3,45.6,0.0,46.8,37.1,20.6,53.0
GH-0938,11.8,0.0,23.5,61.0,0.0,11.5,0.0,22.0,59.8
GH-0939,11.6,33.3,20.8,59.2,0.0,0.0,0.3,20.1,59.0
GH-0940,12.4,0.0,22.4,62.7,0.0,15.5,0.0,20.5,63.3
GH-0941,14.9,79.8,24.3,60.6,0.0,37.8,0.0,21.7,59.1
GH-0942,11.9,42.5,19.1,56.5,37.9,0.0,0.0,19.5,58.7
GH-0943,9.8,35.3,18.7,61.9,47.1,0.0,0.0,19.8,63.9
GH-0944,13.3,19.5,20.0,66.6,14.7,0.0,0.0,19.8,66.3
GH-0945,17.7,0.0,24.9,57.9,0.0,41.3,4.9,22.9,54.1
GH-0946,11.2,24.0,20.5,61.0,32.0,0.0,0.0,20.6,61.5
GH-0947,15.3,45.8,19.6,60.5,33.8,0.0,0.0,20.9,58.4
GH-0948,14.1,32.6,23.3,52.1,0.0,11.1,6.5,22.2,51.2
GH-0949,9.3,18.4,19.7,60.3,26.7,0.0,0.0,20.1,57.2
GH-0950,12.1,0.0,21.7,57.8,0.0,0.0,5.8,22.1,61.5
GH-0951,14.4,476.0,27.0,46.4,0.0,54.7,29.3,21.5,51.9
GH-0952,21.2,716.6,26.9,39.7,0.0,14.3,43.2,26.0,47.5
GH-0953,18.1,740.1,27.5,46.5,0.0,57.3,30.4,20.1,51.2
GH-0954,11.4,35.2,21.5,63.6,0.0,0.0,0.0,20.8,61.9
GH-0955,22.5,785.9,29.2,44.7,0.0,62.8,53.5,21.6,48.8
GH-0956,14.1,286.7,20.3,58.9,1.6,0.0,0.0,19.7,59.2
GH-0957,19.8,699.5,29.4,47.0,0.0,81.5,36.9,19.0,46.8
GH-0958,12.1,0.0,25.6,50.0,0.0,46.4,20.2,23.4,52.8
GH-0959,13.1,0.0,24.7,48.6,0.0,25.6,19.8,23.3,54.9
GH-0960,14.7,88.9,23.9,52.4,0.0,32.2,2.6,21.6,52.5
GH-0961,17.2,228.0,21.9,60.9,6.7,0.0,0.0,22.5,63.5
GH-0962,16.6,0.0,20.5,64.2,19.7,0.0,0.0,21.6,60.1
GH-0963,13.8,85.6,23.8,54.6,0.0,26.3,5.0,22.6,56.8
GH-0964,12.0,42.6,22.0,61.3,4.9,0.0,0.0,21.2,60.1
GH-0965,19.3,535.8,27.8,55.5,0.0,66.7,0.3,21.0,51.1
GH-0966,22.8,872.1,28.5,39.6,0.0,35.6,62.3,24.5,51.0
GH-0967,19.0,377.4,23.5,43.5,0.0,0.0,45.2,23.0,51.5
GH-0968,14.6,0.0,23.9,53.5,0.0,10.8,25.6,22.6,59.8
GH-0969,12.4,32.3,27.5,54.3,0.0,63.6,0.0,24.1,51.1
GH-0970,13.0,54.9,23.8,57.4,0.0,6.2,0.5,22.8,58.0
GH-0971,15.5,0.0,22.2,59.7,0.0,0.0,0.0,21.4,63.3
GH-0972,10.4,0.0,25.0,48.9,0.0,8.3,26.1,23.5,56.0
GH-0973,15.3,89.0,21.1,51.7,0.0,0.0,14.8,20.6,56.2
GH-0974,21.1,844.5,28.4,44.6,0.0,50.5,42.1,21.8,48.6
GH-0975,14.7,377.6,22.5,48.5,0.0,0.0,15.8,21.7,51.3
GH-0976,20.8,427.3,27.3,50.6,0.0,48.7,8.7,23.4,49.4
GH-0977,10.8,38.1,24.4,67.5,0.0,45.0,0.0,22.5,64.4
GH-0978,13.6,50.2,23.1,49.0,0.0,0.0,28.1,22.7,59.6
GH-0979,22.4,792.9,30.8,36.8,0.0,70.9,76.7,20.0,44.9
GH-0980,23.3,698.3,29.0,46.9,0.0,75.0,20.3,18.7,47.1
GH-0981,15.2,10.9,20.8,57.0,1.7,0.0,2.3,20.8,55.5
GH-0982,17.0,0.0,23.4,57.5,0.0,6.5,0.0,22.9,59.8
GH-0983,12.3,0.0,22.3,65.8,0.0,21.1,0.0,22.4,60.4
GH-0984,13.0,0.0,22.5,58.1,0.0,0.0,0.8,21.6,58.1
GH-0985,20.1,529.4,30.8,49.0,0.0,100.0,20.0,20.3,46.6
GH-0986,20.2,847.2,30.4,37.4,0.0,87.3,61.1,17.2,44.7
GH-0987,12.8,13.1,21.9,70.0,0.0,1.5,0.0,20.4,64.5
GH-0988,14.6,0.0,23.2,43.7,0.0,0.0,34.1,22.2,50.3
GH-0989,10.2,17.6,23.0,49.4,0.0,0.0,22.1,23.2,53.2
GH-0990,18.8,68.0,26.9,52.2,0.0,47.5,13.0,24.9,48.7
GH-0991,15.4,9.3,22.7,54.7,0.0,0.0,0.0,21.5,57.9
GH-0992,27.6,870.0,32.4,45.8,0.0,100.0,41.4,17.1,47.0
GH-0993,11.4,10.2,21.2,65.4,23.2,3.5,0.0,21.3,65.5
GH-0994,13.6,62.8,22.0,60.8,0.0,0.0,0.0,21.4,60.4
GH-0995,14.9,52.7,21.7,59.8,0.0,0.0,0.0,20.7,58.7
GH-0996,9.9,0.0,22.2,59.1,0.0,0.0,3.2,20.1,60.3
GH-0997,15.4,363.8,24.7,55.3,0.0,47.6,17.4,21.0,54.6
GH-0998,25.2,801.2,27.9,40.9,0.0,45.7,52.4,22.3,47.5
GH-0999,11.7,5.0,22.3,52.9,2.5,19.4,11.6,20.2,51.9
GH-1000,13.2,51.9,24.4,52.9,0.0,14.3,9.9,23.6,56.6
GH-1001,19.6,776.0,28.9,39.2,0.0,59.7,63.0,21.7,45.7
GH-1002,26.1,839.2,29.9,43.9,0.0,86.1,46.5,17.6,47.2
GH-1003,19.0,715.4,28.1,50.1,0.0,60.8,19.3,19.7,51.5
GH-1004,8.6,0.0,23.7,58.5,0.0,27.0,0.0,21.6,54.6
GH-1005,25.3,866.9,29.5,47.6,0.0,77.9,14.2,17.5,47.6
GH-1006,25.8,701.9,32.3,42.7,0.0,100.0,40.5,18.9,44.0
GH-1007,17.0,331.8,24.6,42.7,0.0,0.0,54.9,24.9,50.0
GH-1008,21.3,768.8,30.7,42.7,0.0,100.0,42.2,15.9,44.2
GH-1009,16.2,262.3,24.8,48.5,0.0,6.1,10.1,24.1,50.1
GH-1010,19.2,526.0,29.4,48.6,0.0,85.1,21.3,19.2,47.0
GH-1011,23.2,672.1,32.4,33.1,0.0,95.6,82.5,20.4,43.8
GH-1012,12.7,99.2,24.1,58.1,0.0,32.6,0.0,21.9,55.2
GH-1013,13.4,122.6,25.0,60.5,0.0,45.3,0.0,22.8,56.8
GH-1014,17.7,446.0,23.7,51.3,0.0,16.1,21.4,22.5,54.4
GH-1015,13.2,25.9,21.6,62.3,2.5,2.8,0.0,21.8,62.3
GH-1016,15.1,3.0,22.7,52.5,0.0,7.5,18.2,22.4,55.7
GH-1017,19.2,448.0,27.2,57.5,0.0,51.2,0.0,21.7,53.9
GH-1018,14.4,398.9,26.2,52.5,0.0,47.6,12.1,21.2,54.7
GH-1019,12.5,0.0,24.1,52.4,0.0,25.2,17.9,22.9,54.3
GH-1020,20.2,560.2,31.0,42.7,0.0,89.8,58.4,20.5,46.5
GH-1021,7.0,0.0,21.5,56.2,0.0,0.0,14.0,19.0,57.7
GH-1022,22.9,744.3,33.2,41.2,0.0,100.0,58.2,19.3,44.4
GH-1023,12.7,73.5,22.3,57.0,0.7,7.3,0.0,21.1,60.4
GH-1024,17.5,544.1,26.3,40.6,0.0,31.2,43.6,23.5,46.0
GH-1025,12.1,0.0,19.9,60.2,39.2,0.0,0.0,22.3,62.6
GH-1026,15.2,0.0,24.0,52.1,0.0,0.0,3.4,23.0,54.6
GH-1027,20.6,676.0,31.6,35.7,0.0,96.2,71.6,19.0,41.2
GH-1028,12.4,0.0,23.2,52.3,0.0,0.0,12.5,23.3,57.4
GH-1029,26.1,782.6,31.8,37.7,0.0,94.2,53.2,19.2,40.4
GH-1030,23.6,534.0,28.0,42.9,0.0,33.8,33.0,25.0,47.3
GH-1031,11.7,0.0,21.9,53.9,0.0,0.0,23.6,21.6,58.4
GH-1032,14.2,120.4,22.6,49.9,0.0,0.0,28.1,21.4,54.5
GH-1033,28.0,841.7,31.0,32.5,0.0,64.3,87.2,22.3,45.9
GH-1034,26.6,686.7,29.4,44.1,0.0,57.4,41.2,23.2,51.7
GH-1035,22.7,794.3,26.7,42.9,0.0,29.5,40.4,22.7,48.4
GH-1036,19.3,290.9,25.0,57.2,0.0,39.7,2.9,22.6,55.0
GH-1037,13.6,0.0,24.9,56.5,0.0,39.7,8.4,23.2,55.3
GH-1038,14.7,82.3,22.6,66.2,0.0,22.6,0.0,20.9,61.6
GH-1039,17.1,0.0,22.6,59.7,0.0,0.0,0.0,22.0,61.4
GH-1040,11.4,0.0,24.8,61.4,0.0,57.5,0.0,22.5,57.3
GH-1041,10.1,0.0,18.9,56.5,34.1,0.0,0.0,19.7,55.2
GH-1042,22.4,881.5,30.8,30.5,0.0,64.0,73.6,21.0,41.2
GH-1043,15.1,0.0,25.0,54.7,0.0,9.0,15.8,24.8,58.1
GH-1044,13.4,388.4,24.6,46.6,0.0,9.5,34.0,24.1,53.1
GH-1045,13.6,82.2,26.6,58.9,0.0,64.8,0.0,23.1,56.8
GH-1046,15.7,23.7,23.6,56.8,0.0,18.6,10.8,22.5,59.0
GH-1047,21.9,721.8,30.9,44.2,0.0,69.6,38.5,22.3,45.4
GH-1048,10.9,50.3,19.8,59.0,31.5,0.0,0.9,19.4,61.0
GH-1049,11.9,311.2,24.1,46.3,0.0,7.3,40.1,24.2,52.9
GH-1050,17.1,193.0,25.5,53.3,0.0,46.2,20.4,22.6,52.9
GH-1051,10.0,0.0,22.4,61.8,0.0,1.9,0.0,21.5,63.8
GH-1052,21.1,822.6,31.2,33.9,0.0,76.1,67.9,20.6,39.1
GH-1053,13.3,65.0,22.5,64.9,0.0,29.6,0.0,21.3,60.4
GH-1054,15.3,361.1,26.9,48.7,0.0,55.6,19.6,21.7,43.7
GH-1055,18.5,403.5,28.7,50.1,0.0,53.0,18.7,24.0,52.9
GH-1056,13.3,0.0,22.6,42.4,0.0,0.0,41.5,22.3,48.6
GH-1057,16.4,181.0,24.1,54.7,0.0,35.0,9.0,21.7,55.8
GH-1058,10.5,0.0,21.5,62.7,0.0,0.0,0.0,21.3,62.6
GH-1059,11.6,0.0,21.8,62.5,0.0,0.0,0.0,20.2,60.2
GH-1060,24.7,822.8,31.6,38.5,0.0,92.3,57.5,18.8,43.8
GH-1061,11.9,71.4,24.1,53.5,0.0,13.4,0.0,22.4,53.5
GH-1062,11.9,85.6,23.5,46.6,0.0,0.0,36.4,23.5,56.3
GH-1063,21.7,701.5,28.9,48.1,0.0,46.0,37.0,23.9,50.0
GH-1064,12.4,59.1,25.5,61.2,0.0,55.8,0.0,23.1,57.0
GH-1065,11.6,163.4,23.1,56.1,0.0,16.4,2.7,21.6,57.1
GH-1066,16.2,303.1,27.1,47.8,0.0,45.5,36.3,23.5,50.1
GH-1067,20.4,509.4,25.6,51.2,0.0,52.2,13.6,19.7,49.0
GH-1068,13.6,49.1,25.2,50.2,0.0,25.9,22.0,23.0,53.2
GH-1069,10.7,0.0,21.5,56.1,0.0,0.0,2.5,20.9,58.3
GH-1070,19.7,684.7,27.3,50.8,0.0,50.2,23.5,20.9,49.9
GH-1071,11.7,0.0,23.9,56.4,0.0,17.7,15.8,22.3,56.1
GH-1072,13.9,5.3,23.4,41.7,0.0,0.0,48.7,22.4,53.4
GH-1073,14.5,17.3,22.9,62.1,0.0,22.6,0.0,21.4,60.5
GH-1074,11.0,0.0,22.2,53.7,0.0,7.3,0.0,20.9,55.2
GH-1075,24.3,694.0,28.6,42.2,0.0,50.1,46.1,22.2,49.0
GH-1076,7.9,0.0,21.6,57.0,1.2,0.0,0.0,21.4,60.0
GH-1077,10.9,25.7,21.6,52.2,0.0,0.0,23.2,20.1,56.1
GH-1078,8.6,0.0,19.9,61.0,44.5,0.0,0.0,20.8,61.8
GH-1079,12.5,0.0,23.3,60.8,0.0,26.6,0.0,21.2,58.5
GH-1080,21.7,831.1,31.2,42.5,0.0,94.2,47.7,16.8,46.6
GH-1081,23.5,844.7,31.4,32.6,0.0,67.5,60.8,21.7,40.1
GH-1082,10.8,0.0,22.8,62.9,0.0,6.5,0.0,21.3,67.0
GH-1083,15.1,248.8,29.8,55.7,0.0,100.0,0.0,23.2,46.3
GH-1084,10.6,19.6,22.0,67.4,0.0,0.0,0.0,20.7,65.2
GH-1085,15.2,0.0,21.7,58.4,0.0,0.0,0.0,21.5,60.8
GH-1086,12.4,44.0,22.0,53.4,0.0,13.2,10.1,19.9,58.5
GH-1087,24.0,727.3,32.2,34.0,0.0,60.0,65.3,24.6,43.4
GH-1088,16.5,0.0,27.5,51.4,0.0,70.5,21.7,24.8,50.5
GH-1089,12.9,0.0,22.9,62.5,0.0,12.3,0.0,21.4,64.3
GH-1090,13.7,38.4,18.3,73.7,27.0,0.0,0.0,19.3,69.9
GH-1091,9.1,127.0,22.7,58.9,0.0,6.3,0.0,21.9,59.4
GH-1092,13.4,64.4,20.7,56.9,17.1,0.0,22.2,20.2,59.9
GH-1093,21.4,706.0,28.0,45.3,0.0,71.3,38.0,18.8,48.6
GH-1094,20.1,708.4,26.2,45.2,0.0,24.0,33.7,23.8,52.7
GH-1095,24.4,750.2,30.7,36.5,0.0,100.0,65.7,17.7,41.9
GH-1096,12.4,13.6,19.4,63.4,23.1,0.0,0.0,19.4,62.6
GH-1097,11.2,50.9,20.1,60.0,30.7,0.0,0.0,20.2,60.4
GH-1098,22.7,527.1,30.5,43.8,0.0,87.9,28.4,21.7,44.4
GH-1099,11.4,0.0,21.8,62.5,0.0,0.0,0.0,21.5,64.8
GH-1100,13.9,69.5,22.8,48.6,0.0,0.0,14.1,21.2,55.4
GH-1101,23.4,745.5,29.6,41.2,0.0,86.5,39.5,17.5,41.4
GH-1102,12.7,21.3,21.4,56.4,9.9,0.0,1.1,20.6,58.6
GH-1103,14.0,49.4,23.7,51.6,0.0,8.7,17.7,23.2,57.3
GH-1104,15.7,443.2,27.3,45.4,0.0,39.1,33.0,23.9,47.8
GH-1105,12.2,47.1,21.2,55.4,23.1,0.0,2.6,21.6,56.2
GH-1106,17.7,328.1,28.3,47.2,0.0,63.4,19.1,22.9,49.4
GH-1107,19.3,435.0,26.6,49.3,0.0,39.0,16.8,23.5,50.4
GH-1108,20.0,775.6,31.4,36.9,0.0,87.8,64.7,18.9,42.8
GH-1109,19.4,746.0,27.0,39.2,0.0,38.3,40.6,21.7,46.5
GH-1110,16.2,116.3,26.8,50.7,0.0,23.6,23.0,25.3,54.6
GH-1111,20.0,434.9,26.0,50.3,0.0,55.4,7.5,21.0,46.4
GH-1112,17.0,468.0,29.0,47.8,0.0,52.2,31.6,23.0,50.4
GH-1113,11.4,25.1,24.3,60.3,0.0,5.9,8.9,23.1,62.6
GH-1114,22.9,433.0,28.4,46.7,0.0,58.8,22.0,23.3,47.2
GH-1115,12.8,66.0,27.5,47.2,0.0,62.9,33.0,24.3,48.0
GH-1116,25.2,722.5,28.6,46.5,0.0,62.0,19.9,21.1,46.4
GH-1117,10.7,60.7,24.0,58.9,0.0,31.8,7.2,22.9,59.2
GH-1118,23.8,396.0,26.7,40.7,0.0,33.2,54.8,23.4,48.8
GH-1119,25.9,620.7,28.4,53.8,0.0,99.6,31.2,17.9,51.8
GH-1120,12.9,0.0,22.7,54.9,0.0,0.0,0.0,23.0,57.2
GH-1121,14.4,18.1,20.8,65.3,2.8,0.0,0.0,19.1,64.6
GH-1122,13.4,114.0,21.4,57.5,0.0,0.0,4.8,20.4,58.6
GH-1123,19.9,560.4,30.3,45.9,0.0,69.7,32.7,22.9,48.8
GH-1124,12.5,0.0,25.1,55.5,0.0,40.4,15.4,22.5,55.7
GH-1125,16.7,254.7,22.6,53.0,0.0,0.0,3.8,21.1,54.4
GH-1126,14.3,126.5,23.1,56.2,0.0,0.0,3.0,23.2,55.6
GH-1127,13.7,0.0,24.3,61.9,0.0,27.8,0.0,23.7,59.9
GH-1128,14.3,35.5,21.9,56.0,7.9,0.0,0.1,21.4,54.6
GH-1129,18.8,138.9,25.5,53.9,0.0,30.3,8.9,23.5,54.0
GH-1130,23.0,799.1,28.9,41.9,0.0,57.8,41.8,21.7,45.3
GH-1131,7.8,11.2,19.1,57.9,36.4,0.0,0.0,19.4,58.4
GH-1132,15.8,349.6,24.3,58.2,0.0,65.4,0.0,19.1,53.7
GH-1133,17.9,243.1,23.8,56.6,0.0,9.8,19.0,23.4,60.2
GH-1134,11.8,1.0,24.4,57.7,0.0,20.2,0.0,22.1,55.8
GH-1135,21.8,730.5,33.3,33.9,0.0,87.1,73.1,21.4,44.3
GH-1136,16.4,464.7,26.4,49.7,0.0,60.7,21.9,20.5,49.1
GH-1137,12.5,0.0,23.0,54.0,0.0,0.0,4.1,22.8,57.3
GH-1138,16.6,455.5,28.8,49.8,0.0,67.1,26.8,21.4,48.3
GH-1139,17.9,0.0,25.2,51.6,0.0,34.7,19.9,23.4,54.2
GH-1140,12.6,0.0,23.5,59.0,0.0,0.0,0.0,22.1,56.1
GH-1141,13.5,0.0,23.8,52.1,0.0,0.0,14.3,22.2,56.4
GH-1142,11.4,46.3,21.0,51.9,0.1,0.0,5.5,20.3,54.5
GH-1143,21.9,577.4,29.6,51.9,0.0,82.8,22.1,20.0,51.3
GH-1144,11.2,93.1,24.2,59.8,0.0,17.5,0.0,22.7,59.3
GH-1145,17.1,178.0,24.8,53.5,0.0,26.1,1.5,23.1,51.9
GH-1146,12.8,0.0,21.1,60.1,21.8,0.0,0.0,21.5,62.5
GH-1147,16.5,281.7,26.6,46.4,0.0,51.7,6.0,22.6,44.5
GH-1148,22.9,817.6,32.0,39.9,0.0,100.0,41.9,17.8,39.1
GH-1149,13.0,0.0,23.9,49.6,0.0,19.7,41.9,21.8,56.6
GH-1150,24.0,728.8,33.1,46.2,0.0,100.0,46.0,19.2,49.2
GH-1151,9.7,58.8,23.7,59.5,0.0,28.8,0.0,21.6,56.4
GH-1152,16.2,357.5,25.8,48.4,0.0,28.5,21.1,24.0,54.3
GH-1153,17.8,99.9,25.1,51.2,0.0,39.1,20.5,24.0,56.9
GH-1154,13.6,0.0,22.3,54.8,0.0,0.0,15.7,22.5,57.3
GH-1155,12.6,159.8,23.0,50.3,0.0,0.0,11.9,22.2,53.5
GH-1156,11.6,14.0,20.3,62.0,27.1,0.0,0.0,20.2,60.1
GH-1157,13.6,5.6,21.0,56.6,5.2,0.0,20.7,20.6,61.6
GH-1158,19.3,655.4,23.7,48.4,0.0,20.2,13.2,22.1,52.1
GH-1159,21.3,442.3,25.5,49.5,0.0,22.6,9.3,24.5,52.6
GH-1160,13.3,174.7,26.4,54.6,0.0,55.8,0.0,23.1,49.6
GH-1161,20.0,329.7,27.2,51.7,0.0,56.4,22.1,23.4,47.6
GH-1162,12.1,0.0,21.7,60.0,0.9,0.0,0.0,20.4,61.1
GH-1163,10.1,0.0,22.7,59.4,0.0,0.0,0.0,21.5,60.4
GH-1164,19.2,627.7,31.1,32.9,0.0,55.9,82.0,24.2,44.4
GH-1165,14.5,0.0,22.9,55.7,0.0,7.4,1.6,21.8,56.9
GH-1166,24.9,645.8,29.9,45.0,0.0,63.7,27.2,23.6,48.2
GH-1167,11.8,0.0,23.4,52.1,0.0,0.0,2.3,22.3,56.3
GH-1168,13.5,0.0,21.9,63.2,0.0,3.0,0.0,21.1,62.1
GH-1169,15.2,0.0,21.6,52.7,0.0,0.0,5.6,21.3,56.7
GH-1170,11.9,16.8,22.1,58.0,0.0,0.0,0.0,20.5,60.5
GH-1171,12.0,16.5,23.8,51.8,0.0,0.0,9.2,22.0,53.5
GH-1172,14.7,37.3,24.3,57.6,0.0,26.1,0.0,21.9,60.1
GH-1173,14.3,0.0,23.8,46.4,0.0,0.0,27.6,22.4,54.8
GH-1174,19.4,457.5,27.0,50.0,0.0,51.4,8.9,22.0,50.5
GH-1175,21.0,690.2,32.3,45.1,0.0,100.0,28.8,18.5,46.3
GH-1176,13.8,0.0,23.5,55.0,0.0,16.2,4.8,20.8,54.5
GH-1177,14.6,151.0,24.7,62.4,0.0,45.2,0.0,22.1,55.8
GH-1178,12.7,28.7,21.0,57.0,18.9,0.0,0.0,20.9,58.1
GH-1179,12.7,33.9,19.7,49.6,28.2,0.0,27.3,19.4,56.1
GH-1180,18.5,475.3,26.0,53.2,0.0,45.3,5.4,21.3,51.5
GH-1181,13.8,0.0,22.4,59.9,0.0,2.0,0.0,22.1,61.7
GH-1182,12.9,0.0,24.4,53.2,0.0,26.3,9.6,22.3,55.7
GH-1183,12.4,12.3,23.3,63.0,0.0,31.3,0.0,22.2,60.5
GH-1184,20.3,611.1,26.5,45.3,0.0,40.0,25.1,22.1,46.8
GH-1185,26.1,798.0,34.3,29.0,0.0,100.0,96.4,19.2,40.9
GH-1186,11.3,28.0,21.8,70.1,10.1,3.7,0.0,20.8,69.8
GH-1187,14.9,56.4,23.7,56.3,0.0,15.0,11.8,23.3,57.8
GH-1188,16.3,55.1,24.6,55.0,0.0,29.9,13.1,22.5,54.8
GH-1189,13.7,84.4,23.7,54.4,0.0,32.9,15.5,21.7,56.2
GH-1190,13.7,0.0,21.7,64.3,6.9,0.0,0.0,20.9,65.0
GH-1191,13.5,5.2,21.8,59.9,0.0,0.0,0.0,21.7,61.1
GH-1192,13.9,50.7,24.9,57.0,0.0,41.5,4.5,22.1,57.1
GH-1193,15.5,106.2,24.6,52.8,0.0,22.9,0.0,23.4,52.8
GH-1194,10.2,0.0,20.3,60.2,13.3,0.0,0.0,19.6,60.1
GH-1195,14.6,112.4,25.2,53.1,0.0,26.7,18.0,23.2,53.4
GH-1196,17.6,426.3,27.8,58.4,0.0,58.7,0.0,22.9,57.2
GH-1197,15.4,369.9,26.9,49.5,0.0,28.9,32.2,24.4,54.1
GH-1198,24.0,848.9,31.9,29.2,0.0,85.0,80.6,18.8,38.8
GH-1199,12.9,23.7,23.0,54.9,0.0,0.0,0.2,21.7,54.0
GH-1200,22.7,496.6,27.8,41.7,0.0,51.8,53.0,23.1,46.5
GH-1201,22.8,728.3,29.9,36.3,0.0,69.8,55.1,20.3,44.5
GH-1202,13.5,6.4,19.5,53.9,39.0,0.0,12.9,19.9,56.2
GH-1203,13.6,33.7,21.7,63.2,0.0,3.1,0.0,21.6,59.8
GH-1204,14.1,169.6,25.0,61.5,0.0,39.6,0.0,22.1,58.4
GH-1205,21.6,864.9,28.5,46.4,0.0,34.3,18.9,23.6,52.5
GH-1206,12.8,229.5,22.7,50.4,0.0,5.9,21.7,21.4,54.9
GH-1207,13.1,85.6,22.3,50.3,0.0,0.0,7.2,21.5,54.6
GH-1208,12.0,10.7,19.2,66.0,36.4,0.0,0.0,20.0,60.9
GH-1209,20.2,722.1,28.1,43.9,0.0,57.7,47.4,20.2,49.2
GH-1210,23.6,664.4,31.3,45.0,0.0,100.0,37.3,19.5,47.3
GH-1211,18.0,401.1,24.5,55.3,0.0,24.0,18.7,22.4,56.5
GH-1212,19.7,682.4,28.6,49.5,0.0,66.6,22.5,19.7,46.0
GH-1213,12.5,30.4,21.4,50.1,0.0,0.0,28.3,20.2,54.9
GH-1214,14.9,0.0,23.9,46.8,0.0,0.0,33.8,23.3,53.7
GH-1215,16.4,449.9,25.7,49.4,0.0,18.1,33.4,23.8,57.2
GH-1216,13.1,0.0,23.7,44.6,0.0,0.0,48.1,23.2,55.7
GH-1217,16.0,0.0,22.4,52.2,0.0,0.0,6.0,21.8,53.0
GH-1218,24.4,309.4,28.4,53.2,0.0,70.6,0.0,23.1,51.7
GH-1219,13.3,337.9,22.8,47.1,0.0,0.0,37.4,22.2,56.3
GH-1220,19.3,490.9,27.8,45.2,0.0,56.3,52.8,22.4,50.5
GH-1221,15.0,147.5,27.3,58.8,0.0,82.7,1.4,22.9,54.5
GH-1222,15.0,214.7,23.7,60.2,0.0,35.1,0.0,21.1,57.5
GH-1223,13.8,62.0,27.3,51.6,0.0,67.5,0.0,23.2,48.1
GH-1224,26.0,768.8,31.2,47.0,0.0,100.0,35.2,18.1,51.6
GH-1225,10.2,32.2,21.7,50.2,0.0,0.0,3.1,20.0,53.7
GH-1226,20.4,448.8,26.5,53.5,0.0,31.6,13.3,24.3,55.1
GH-1227,16.6,380.1,25.1,44.9,0.0,10.7,37.6,23.7,51.8
GH-1228,11.4,0.0,20.5,62.7,16.1,0.0,0.0,20.2,60.9
GH-1229,15.6,7.6,24.6,53.3,0.0,32.8,24.1,22.3,56.8
GH-1230,12.0,0.0,18.0,56.7,54.1,0.0,13.7,19.6,57.2
GH-1231,25.4,668.5,30.2,37.3,0.0,71.6,57.1,21.8,42.9
GH-1232,23.5,642.6,27.6,54.0,0.0,37.2,0.5,23.4,51.3
GH-1233,9.0,19.0,23.7,55.4,0.0,4.5,0.0,22.1,57.5
GH-1234,14.4,31.3,26.1,45.8,0.0,15.8,51.4,23.7,52.6
GH-1235,18.0,338.0,27.9,56.7,0.0,71.2,0.0,23.2,49.1
GH-1236,11.8,0.0,23.0,66.9,0.0,22.8,0.0,21.7,65.5
GH-1237,22.6,602.8,31.0,38.7,0.0,80.4,63.4,21.9,46.2
GH-1238,12.2,11.1,22.9,57.6,0.0,0.0,3.8,22.7,57.9
GH-1239,11.1,412.9,21.6,58.4,0.0,0.0,0.0,22.2,62.3
GH-1240,15.2,33.7,25.9,58.1,0.0,29.9,0.0,23.8,55.5
GH-1241,19.7,414.6,27.3,42.6,0.0,21.9,43.2,25.3,53.3
GH-1242,15.3,0.0,26.7,55.8,0.0,59.4,9.7,24.6,54.4
GH-1243,22.4,638.6,29.3,44.8,0.0,63.2,31.6,22.0,44.0
GH-1244,12.2,159.8,23.2,49.1,0.0,11.9,15.2,21.7,54.3
GH-1245,12.6,0.0,23.7,54.1,0.0,9.8,0.0,22.2,55.2
GH-1246,10.8,0.0,20.2,54.5,2.3,0.0,0.0,19.2,56.2
GH-1247,14.0,0.0,22.0,64.9,0.0,0.0,0.0,21.5,64.3
GH-1248,11.5,0.0,21.8,58.5,0.0,23.9,0.0,19.9,58.4
GH-1249,14.7,0.0,24.2,51.4,0.0,6.5,21.1,23.0,54.5
GH-1250,11.9,0.0,20.3,59.3,21.1,0.0,0.0,19.4,59.1
GH-1251,9.9,0.0,22.7,52.4,0.0,0.0,18.5,21.4,58.2
GH-1252,15.5,262.3,22.7,54.6,0.0,0.0,0.0,22.3,55.2
GH-1253,14.7,39.1,20.0,56.6,17.5,0.0,8.3,19.1,57.7
GH-1254,8.4,0.0,26.5,54.1,0.0,58.3,9.6,24.1,51.0
GH-1255,12.9,101.3,22.0,64.4,0.0,14.5,0.0,20.5,61.8
GH-1256,13.0,0.0,22.6,59.3,0.0,40.1,0.0,21.3,58.6
GH-1257,9.2,56.5,21.9,60.5,0.0,0.2,0.0,21.2,59.3
GH-1258,11.5,0.0,23.0,64.4,0.0,26.7,0.0,21.9,64.4
GH-1259,9.8,131.3,23.2,52.9,0.0,10.5,17.7,21.6,56.9
GH-1260,9.8,35.5,22.2,57.0,0.0,3.2,0.0,20.4,59.6
GH-1261,11.5,0.0,23.2,57.6,0.0,0.0,2.9,22.2,57.0
GH-1262,11.2,0.0,21.6,57.9,2.4,7.1,1.6,20.8,58.1
GH-1263,10.7,0.0,24.0,54.4,0.0,4.6,5.9,23.3,58.1
GH-1264,13.9,0.0,20.5,60.6,10.5,0.0,0.0,20.3,59.4
GH-1265,13.5,0.0,20.5,60.3,12.7,0.0,0.0,20.1,61.7
GH-1266,18.2,844.3,28.6,44.3,0.0,67.9,42.3,17.7,47.0
GH-1267,13.0,0.0,23.0,59.1,0.0,15.8,0.0,21.5,61.0
GH-1268,23.7,709.1,30.4,45.0,0.0,100.0,37.0,17.3,43.6
GH-1269,10.9,27.1,23.1,49.5,0.0,2.4,29.9,21.5,53.8
GH-1270,9.5,0.0,21.9,72.2,0.0,39.5,0.0,21.3,64.7
GH-1271,12.2,0.0,22.1,57.8,0.0,0.0,0.0,21.4,56.3
GH-1272,23.6,795.0,31.5,43.7,0.0,100.0,44.2,16.9,44.8
GH-1273,22.5,803.8,28.4,46.7,0.0,50.2,29.9,21.6,48.0
GH-1274,12.1,0.0,20.5,60.8,19.5,0.0,0.0,20.5,64.7
GH-1275,11.4,0.0,22.8,57.2,0.0,0.0,9.8,22.3,60.1
GH-1276,19.0,609.7,29.1,38.8,0.0,59.2,44.6,22.1,44.3
GH-1277,13.8,0.0,25.4,56.7,0.0,39.9,8.5,22.5,55.6
GH-1278,16.3,51.2,24.4,50.9,0.0,1.4,24.8,24.0,55.3
GH-1279,10.1,91.4,21.7,54.7,0.0,0.0,3.6,20.9,56.8
GH-1280,13.0,0.0,24.0,52.7,0.0,23.1,9.9,21.0,55.6
GH-1281,18.1,789.2,25.3,49.2,0.0,21.9,16.8,22.3,47.9
GH-1282,9.7,13.0,21.4,60.1,20.4,0.0,0.0,21.4,62.5
GH-1283,21.5,559.0,25.2,49.9,0.0,27.0,24.3,23.1,52.5
GH-1284,22.4,861.3,32.5,34.3,0.0,100.0,82.4,16.4,41.0
GH-1285,23.3,732.9,27.0,48.7,0.0,41.6,19.9,22.5,50.0
GH-1286,13.6,0.0,22.6,49.9,0.0,0.0,7.1,21.2,56.6
GH-1287,10.2,4.6,22.5,54.3,0.0,0.0,2.5,20.9,53.3
GH-1288,14.6,36.8,23.6,65.6,0.0,27.2,0.0,21.3,65.3
GH-1289,14.6,64.5,23.4,59.9,0.0,7.8,0.0,22.7,58.3
GH-1290,10.5,91.6,26.0,58.0,0.0,22.7,0.0,24.2,57.8
GH-1291,16.5,0.0,21.4,57.3,0.0,0.0,1.6,19.8,57.9
GH-1292,25.6,680.1,31.0,43.1,0.0,99.4,34.8,18.5,41.9
GH-1293,11.4,0.0,23.3,55.5,0.0,7.1,20.5,22.1,59.1
GH-1294,10.3,0.0,22.6,57.4,0.0,0.0,0.0,21.0,58.9
GH-1295,10.7,0.0,22.9,57.1,0.0,17.8,0.0,21.8,59.0
GH-1296,16.6,407.5,25.4,44.6,0.0,7.7,48.3,24.4,57.1
GH-1297,12.5,12.8,22.8,56.4,0.0,1.1,5.0,21.7,57.6
GH-1298,19.5,582.4,28.5,53.8,0.0,61.7,6.9,22.2,51.7
GH-1299,16.1,383.4,24.4,51.3,0.0,30.9,4.6,22.4,51.1
GH-1300,16.3,23.6,22.3,56.2,0.0,8.3,0.0,22.4,56.5
GH-1301,20.2,747.9,27.0,43.2,0.0,33.8,42.3,23.4,51.1
GH-1302,12.6,38.4,22.2,55.0,0.0,0.0,3.7,20.6,54.6
GH-1303,23.3,276.1,28.3,40.6,0.0,42.8,45.4,24.8,47.4
GH-1304,26.3,917.7,36.0,36.9,0.0,100.0,54.4,19.4,41.1
GH-1305,15.9,92.1,24.7,68.5,0.0,52.2,0.0,21.9,62.8
GH-1306,11.3,48.4,21.0,57.7,7.4,0.0,6.3,20.9,55.7
GH-1307,17.0,161.7,26.2,57.0,0.0,61.0,0.0,22.2,53.3
GH-1308,15.7,0.0,21.6,58.1,0.0,1.9,0.0,21.0,58.8
GH-1309,14.8,279.6,22.1,63.3,0.0,2.5,0.0,22.0,61.5
GH-1310,16.1,380.1,26.8,47.5,0.0,41.4,34.7,23.1,53.6
GH-1311,18.7,799.6,29.0,41.2,0.0,71.8,42.5,19.4,42.4
GH-1312,15.8,508.1,27.9,48.5,0.0,61.3,29.2,21.9,52.9
GH-1313,13.5,23.3,21.8,60.3,0.0,2.7,0.0,21.2,60.4
GH-1314,20.9,724.2,28.2,43.9,0.0,58.2,30.5,21.1,45.1
GH-1315,23.0,720.9,28.0,42.7,0.0,36.9,55.9,24.1,45.3
GH-1316,18.5,785.4,26.0,41.5,0.0,20.9,31.7,23.2,51.3
GH-1317,23.1,794.2,31.0,40.1,0.0,98.4,50.7,18.4,42.7
GH-1318,21.0,604.6,25.7,51.1,0.0,29.8,21.0,22.0,53.3
GH-1319,12.7,25.0,21.4,63.2,0.0,2.2,0.0,20.3,63.8
GH-1320,21.8,920.0,29.5,32.1,0.0,44.4,61.9,22.7,43.9
GH-1321,8.6,88.8,23.9,56.6,0.0,21.3,7.0,21.8,55.3
GH-1322,12.6,0.0,21.6,59.9,0.0,0.0,0.0,20.5,61.1
GH-1323,17.9,130.9,25.4,59.7,0.0,43.7,0.0,23.0,55.5
GH-1324,14.7,14.0,24.5,52.0,0.0,15.1,0.0,23.5,51.6
GH-1325,21.4,813.3,28.4,41.2,0.0,73.0,43.5,18.5,43.6
GH-1326,13.3,0.0,25.0,55.5,0.0,41.4,13.8,23.0,55.1
GH-1327,14.5,12.5,21.4,62.9,14.4,0.0,0.0,20.6,63.3
GH-1328,14.6,83.1,24.6,55.1,0.0,39.8,12.1,23.2,53.8
GH-1329,15.7,43.5,22.3,53.4,0.0,0.0,0.2,20.8,52.7
GH-1330,12.5,0.0,23.6,65.3,0.0,38.0,0.0,20.5,63.2
GH-1331,21.4,853.7,27.7,39.1,0.0,63.7,51.7,18.8,43.5
GH-1332,19.4,620.1,28.1,46.5,0.0,54.9,31.5,22.0,48.7
GH-1333,26.1,523.9,30.8,38.2,0.0,87.4,44.4,23.4,39.9
GH-1334,25.4,824.6,27.8,33.2,0.0,15.5,62.4,26.2,46.4
GH-1335,11.5,0.0,20.8,59.3,14.8,0.0,0.0,20.0,61.8
GH-1336,8.3,0.0,21.4,54.1,0.0,0.0,0.0,20.0,54.6
GH-1337,14.5,85.4,20.9,59.3,14.7,0.0,0.0,20.5,60.9
GH-1338,25.1,737.4,28.8,42.7,0.0,53.2,51.2,22.5,49.3
GH-1339,19.7,638.6,29.6,44.2,0.0,62.9,41.1,21.8,46.7
GH-1340,12.7,19.8,24.9,46.2,0.0,8.3,30.1,23.8,51.5
GH-1341,21.5,783.7,28.8,36.1,0.0,41.7,58.2,22.7,43.5
GH-1342,16.9,374.8,25.5,56.4,0.0,29.5,6.8,22.9,55.2
GH-1343,11.8,4.9,23.0,55.3,0.0,17.9,7.2,21.9,56.5
GH-1344,16.5,19.8,22.6,52.5,0.0,0.0,12.7,22.0,57.1
GH-1345,15.0,11.9,25.0,60.9,0.0,63.5,0.0,22.2,54.5
GH-1346,12.9,14.3,23.8,52.2,0.0,7.6,8.8,22.9,53.7
GH-1347,20.7,613.5,30.5,44.5,0.0,100.0,25.9,17.9,43.1
GH-1348,13.6,0.0,22.9,56.8,0.0,0.0,0.0,22.9,58.5
GH-1349,11.2,0.0,22.3,57.2,0.0,0.0,0.7,21.6,60.9
GH-1350,15.6,0.0,21.7,66.4,0.0,0.0,0.0,21.7,63.5
GH-1351,17.2,734.1,29.4,56.2,0.0,82.3,0.0,18.2,51.2
GH-1352,23.2,824.7,29.8,49.2,0.0,84.3,15.3,17.9,45.6
GH-1353,25.7,651.4,27.5,40.0,0.0,31.1,33.2,24.3,46.1
GH-1354,13.9,0.0,24.3,59.3,0.0,23.6,0.0,23.4,57.7
GH-1355,9.5,0.0,22.4,49.8,0.0,8.3,28.1,21.8,53.5
GH-1356,18.0,734.4,28.4,38.7,0.0,53.4,56.9,21.8,42.7
GH-1357,16.0,37.0,22.2,53.0,0.0,0.0,18.5,20.8,56.9
GH-1358,16.6,375.4,25.8,53.6,0.0,32.8,2.2,23.8,54.0
GH-1359,16.5,222.4,25.1,48.0,0.0,34.3,33.7,22.8,51.6
GH-1360,11.6,0.0,22.6,62.9,0.0,15.1,0.0,21.0,63.4
GH-1361,21.7,838.1,28.1,44.5,0.0,43.9,42.1,22.3,47.9
GH-1362,23.1,817.2,30.4,40.3,0.0,73.2,49.0,21.0,44.8
GH-1363,14.4,0.0,19.9,55.2,32.3,0.0,0.0,20.5,57.5
GH-1364,13.0,0.0,22.6,57.2,0.0,5.5,0.0,22.1,60.2
GH-1365,20.2,740.6,28.6,39.4,0.0,61.9,44.9,20.3,43.8
GH-1366,23.2,892.5,30.4,44.7,0.0,72.0,38.9,19.6,48.5
GH-1367,13.3,14.6,23.5,55.6,0.0,22.0,5.8,22.4,55.9
GH-1368,15.7,61.8,24.3,63.2,0.0,39.0,0.0,22.5,57.4
GH-1369,15.6,177.2,27.9,49.4,0.0,78.2,30.7,23.4,51.6
GH-1370,9.5,5.0,20.5,67.1,26.8,0.0,0.0,20.3,64.7
GH-1371,12.2,0.0,23.8,64.5,0.0,29.4,0.0,23.0,60.9
GH-1372,8.7,0.0,22.7,52.1,0.0,1.2,0.6,21.8,53.7
GH-1373,18.2,586.7,31.7,44.9,0.0,100.0,26.5,20.8,45.2
GH-1374,20.3,841.4,30.6,35.0,0.0,68.8,68.5,20.7,44.6
GH-1375,14.5,370.5,25.7,54.0,0.0,37.7,5.7,23.0,52.2
GH-1376,14.0,15.7,22.6,55.7,0.0,8.9,11.7,21.9,57.2
GH-1377,19.1,546.7,28.9,39.2,0.0,44.5,45.1,24.4,44.5
GH-1378,12.5,0.0,21.8,51.0,0.0,0.0,37.2,21.7,53.7
GH-1379,11.7,0.0,22.1,57.0,0.0,0.0,7.3,20.9,58.2
GH-1380,14.9,10.9,25.2,57.6,0.0,24.6,0.0,23.4,51.9
GH-1381,12.1,0.0,21.4,59.0,0.0,0.0,0.0,20.5,58.8
GH-1382,22.5,707.0,32.4,32.8,0.0,88.4,78.6,20.8,42.8
GH-1383,17.7,163.6,27.5,54.5,0.0,81.0,0.0,22.3,48.2
GH-1384,22.6,565.6,31.0,36.8,0.0,80.6,50.9,23.1,41.3
GH-1385,23.0,760.8,30.9,37.8,0.0,60.4,49.2,23.2,45.4
GH-1386,18.2,313.8,26.8,51.3,0.0,51.0,20.9,22.2,50.4
GH-1387,20.2,642.9,27.8,48.9,0.0,54.0,14.1,20.4,52.2
GH-1388,16.9,265.0,21.8,58.7,0.0,0.0,0.0,22.1,56.3
GH-1389,13.7,90.7,24.4,57.5,0.0,26.1,0.0,21.8,54.8
GH-1390,24.2,672.8,24.9,44.4,0.0,12.4,37.6,24.5,51.3
GH-1391,18.7,448.5,28.6,49.3,0.0,64.3,13.3,22.2,46.3
GH-1392,13.2,0.0,20.6,66.4,0.0,3.2,0.0,20.1,64.9
GH-1393,9.6,0.0,19.3,59.0,56.0,0.0,0.0,20.5,60.6
GH-1394,14.8,107.4,23.8,57.0,0.0,11.6,0.0,22.6,55.3
GH-1395,22.7,775.5,29.6,36.4,0.0,28.9,65.1,25.5,48.2
GH-1396,13.9,0.0,21.0,62.7,1.2,12.7,0.0,19.8,62.8
GH-1397,10.4,11.9,20.0,61.9,40.3,0.0,0.0,21.0,58.4
GH-1398,21.7,643.2,27.3,37.3,0.0,29.5,48.5,24.5,45.2
GH-1399,24.3,828.2,29.5,38.9,0.0,79.1,49.8,17.4,41.8
GH-1400,12.8,0.0,23.9,46.4,0.0,0.0,37.1,22.4,57.0
GH-1401,17.8,0.0,22.9,56.0,0.0,6.9,10.2,22.3,59.1
GH-1402,17.2,104.5,26.7,46.8,0.0,54.9,25.7,24.4,47.9
GH-1403,12.1,10.2,19.5,56.7,29.9,0.0,3.6,20.3,60.7
GH-1404,11.6,84.4,22.4,58.0,0.0,4.4,0.0,22.3,59.2
GH-1405,15.9,390.5,26.1,47.1,0.0,43.6,28.8,22.1,52.2
GH-1406,23.8,677.1,27.2,40.5,0.0,30.5,50.9,23.9,48.9
GH-1407,22.3,746.6,28.8,40.2,0.0,62.0,42.0,20.8,45.0
GH-1408,17.3,746.9,28.0,43.5,0.0,41.7,21.6,22.5,45.5
GH-1409,12.4,0.0,18.7,54.7,30.0,0.0,0.0,20.0,55.9
GH-1410,12.3,0.0,25.1,60.7,0.0,56.8,0.0,22.4,57.8
GH-1411,24.0,774.8,31.5,40.2,0.0,98.3,48.1,18.2,44.5
GH-1412,18.7,679.4,29.3,34.6,0.0,66.7,67.2,22.1,41.3
GH-1413,16.8,0.0,26.0,50.0,0.0,23.2,33.1,25.0,53.5
GH-1414,21.1,581.2,27.7,50.0,0.0,79.9,7.0,19.3,47.7
GH-1415,11.8,0.0,21.1,54.3,21.3,0.0,6.7,20.4,59.5
GH-1416,15.9,0.0,22.2,60.1,0.0,0.0,0.0,20.8,61.8
GH-1417,15.1,3.1,19.9,66.8,27.2,0.0,0.0,20.9,65.9
GH-1418,22.3,709.9,27.9,49.1,0.0,56.5,10.4,20.1,50.8
GH-1419,17.2,102.8,23.3,57.7,0.0,11.2,0.0,23.3,57.5
GH-1420,10.5,4.9,21.7,57.2,0.0,0.0,3.1,20.3,59.4
GH-1421,13.6,2.8,20.0,64.3,20.7,0.0,0.0,20.1,64.4
GH-1422,15.3,237.6,23.6,55.4,0.0,23.4,6.3,22.3,55.5
GH-1423,19.6,637.8,27.0,43.3,0.0,31.8,48.9,23.1,49.9
GH-1424,10.4,62.2,23.6,55.1,0.0,34.1,6.4,21.3,53.0
GH-1425,11.4,0.0,20.7,59.7,20.1,0.0,0.0,20.8,60.1
GH-1426,19.9,452.6,26.0,52.3,0.0,42.9,7.0,22.7,53.0
GH-1427,10.4,50.6,23.5,49.0,0.0,5.3,17.3,21.9,51.2
GH-1428,25.7,757.0,31.3,37.2,0.0,94.3,53.5,18.8,41.6
GH-1429,16.6,139.6,23.3,58.6,0.0,15.2,0.0,22.6,60.0
GH-1430,13.9,62.1,21.4,55.4,0.0,0.0,8.7,20.4,57.7
GH-1431,14.6,238.6,26.9,46.5,0.0,67.8,44.9,23.7,49.1
GH-1432,19.5,402.6,26.5,52.9,0.0,44.3,0.9,22.9,51.8
GH-1433,20.3,453.2,29.1,46.3,0.0,81.6,26.8,21.9,45.3
GH-1434,13.0,42.2,19.9,59.3,44.1,0.0,0.0,20.0,57.3
GH-1435,18.2,71.1,27.0,58.2,0.0,70.5,0.0,24.1,54.2
GH-1436,19.7,527.7,28.3,41.3,0.0,44.8,56.6,24.6,47.6
GH-1437,20.3,790.9,31.7,32.3,0.0,61.9,72.8,22.4,40.7
GH-1438,14.8,84.1,24.1,53.8,0.0,0.8,12.4,22.4,54.5
GH-1439,18.7,72.3,23.3,49.6,0.0,10.9,25.9,22.8,53.3
GH-1440,21.3,850.1,29.3,37.1,0.0,65.1,51.5,19.4,44.8
GH-1441,18.4,249.5,25.3,36.7,0.0,0.0,64.1,25.3,50.2
GH-1442,12.8,17.7,24.9,48.7,0.0,23.2,31.3,23.1,54.3
GH-1443,14.3,24.8,22.3,51.2,0.0,0.0,14.7,21.4,55.4
GH-1444,19.5,456.7,28.6,57.3,0.0,71.2,0.0,21.2,53.6
GH-1445,16.3,0.0,20.2,66.8,18.1,0.0,0.0,20.0,65.9
GH-1446,11.3,0.0,20.4,55.7,15.6,0.0,0.0,20.0,55.7
GH-1447,12.9,110.4,20.7,53.3,22.2,0.0,23.2,21.7,58.8
GH-1448,12.6,0.0,23.2,57.7,0.0,4.0,0.0,22.1,58.7
GH-1449,12.9,35.0,24.0,55.8,0.0,17.7,0.0,22.9,54.5
GH-1450,18.0,415.5,25.7,55.8,0.0,34.9,17.1,23.1,54.7
GH-1451,23.1,737.8,30.3,45.3,0.0,100.0,48.3,17.4,44.1
GH-1452,14.6,58.9,21.8,47.2,0.0,0.0,16.2,20.6,53.5
GH-1453,18.2,685.1,26.5,44.9,0.0,25.9,31.3,22.9,51.3
GH-1454,11.6,0.0,19.6,67.6,33.9,0.0,0.0,19.8,71.2
GH-1455,16.1,0.0,20.1,64.2,8.6,0.0,0.0,20.0,61.5
GH-1456,14.8,46.0,24.1,58.9,0.0,31.4,0.0,21.8,55.2
GH-1457,12.2,0.0,21.8,58.8,0.0,0.0,0.0,20.5,60.2
GH-1458,15.2,14.5,21.6,56.9,0.0,0.0,15.1,21.3,61.9
GH-1459,11.6,0.0,23.5,56.8,0.0,25.8,0.0,22.4,54.9
GH-1460,16.8,315.6,25.6,38.6,0.0,3.0,60.4,23.7,53.5
GH-1461,20.7,477.7,27.3,39.8,0.0,21.6,42.4,27.2,49.7
GH-1462,14.5,78.0,22.1,58.0,0.0,3.3,0.0,21.2,58.1
GH-1463,14.6,0.0,22.6,62.2,0.0,33.3,0.0,21.1,57.8
GH-1464,19.5,536.4,29.6,42.8,0.0,89.0,37.1,19.3,41.2
GH-1465,11.1,36.8,20.8,58.0,28.3,0.0,0.0,20.6,62.8
GH-1466,13.1,24.8,21.5,56.6,6.2,0.0,0.0,22.3,58.7
GH-1467,16.1,0.0,26.6,51.1,0.0,33.5,14.4,25.4,53.2
GH-1468,13.7,47.3,22.0,48.0,0.0,0.0,30.0,22.0,56.2
GH-1469,13.2,150.2,25.5,58.7,0.0,48.6,0.0,22.4,55.4
GH-1470,21.8,787.6,32.7,39.7,0.0,100.0,43.8,18.6,43.2
GH-1471,21.2,556.1,25.8,45.5,0.0,33.3,35.5,22.5,49.5
GH-1472,18.5,739.5,29.2,43.0,0.0,49.0,47.4,23.4,45.9
GH-1473,12.6,0.0,23.9,64.4,0.0,26.1,0.0,22.6,63.3
GH-1474,15.5,448.5,25.3,44.4,0.0,6.6,29.0,24.8,49.4
GH-1475,18.9,296.4,24.5,58.7,0.0,53.5,0.0,22.3,52.7
GH-1476,14.5,49.9,19.9,61.4,27.1,0.0,0.0,21.1,63.0
GH-1477,10.6,0.0,21.6,64.8,0.0,0.0,0.0,20.4,63.6
GH-1478,21.3,584.5,27.5,50.9,0.0,55.4,24.9,21.4,52.3
GH-1479,13.6,57.9,22.4,57.1,0.0,19.2,8.5,21.1,58.5
GH-1480,9.3,46.8,19.8,69.8,24.5,0.0,0.0,19.2,69.7
GH-1481,19.5,830.2,27.8,48.8,0.0,55.1,16.8,20.7,51.6
GH-1482,13.5,0.0,20.1,64.0,19.7,0.0,0.0,20.6,60.9
GH-1483,12.4,0.0,23.2,62.2,0.0,19.4,0.0,22.9,62.3
GH-1484,20.7,547.1,29.2,38.5,0.0,54.0,60.3,23.2,45.3
GH-1485,20.8,749.0,25.1,55.0,0.0,17.0,0.0,23.1,56.8
GH-1486,14.8,367.9,24.5,51.0,0.0,5.5,27.2,23.6,56.2
GH-1487,20.6,457.1,27.5,49.0,0.0,53.7,24.3,21.3,47.3
GH-1488,18.6,540.0,28.1,43.2,0.0,49.9,24.5,22.4,46.2
GH-1489,21.7,735.9,29.7,47.5,0.0,89.2,15.4,18.7,45.9
GH-1490,8.7,0.0,23.2,59.8,0.0,4.7,0.0,22.3,58.4
GH-1491,23.1,823.8,33.1,32.8,0.0,100.0,69.5,18.1,43.6
GH-1492,12.0,0.0,22.3,54.4,0.0,0.0,8.8,21.4,59.6
GH-1493,19.5,816.3,32.3,42.4,0.0,99.5,49.8,16.7,47.5
GH-1494,19.5,260.0,25.0,52.6,0.0,29.1,11.2,23.4,54.8
GH-1495,21.3,640.0,29.9,47.8,0.0,61.5,40.6,22.4,51.6
GH-1496,13.8,0.0,26.0,55.0,0.0,44.6,0.0,23.6,54.5
GH-1497,15.4,662.2,30.1,45.4,0.0,82.1,35.5,20.2,43.7
GH-1498,10.7,0.0,24.5,56.2,0.0,28.0,5.3,22.9,57.0
GH-1499,20.3,410.5,27.2,48.6,0.0,37.6,32.1,24.1,48.8
GH-1500,27.3,824.3,29.9,39.6,0.0,82.9,55.4,19.0,44.5
GH-1501,14.7,26.1,21.6,62.4,0.0,0.0,0.0,22.2,60.4
GH-1502,10.9,0.0,21.8,59.8,0.0,7.2,0.0,21.1,59.8
GH-1503,13.2,0.0,20.2,60.9,14.8,0.0,0.0,20.6,65.5
GH-1504,14.4,3.6,22.8,55.3,0.0,13.4,0.0,20.8,56.6
GH-1505,12.1,32.7,23.4,52.0,0.0,13.4,25.5,21.9,58.3
GH-1506,13.9,0.0,20.6,63.4,31.1,5.3,0.0,20.5,64.1
GH-1507,13.6,91.4,22.4,64.1,0.0,13.7,0.0,21.7,58.9
GH-1508,17.7,17.4,27.8,55.7,0.0,59.2,6.3,26.1,54.3
GH-1509,16.4,0.0,24.4,62.1,0.0,37.2,0.0,23.5,59.1
GH-1510,14.4,26.7,20.7,58.0,6.5,0.0,5.1,21.3,59.0
GH-1511,24.9,777.1,29.5,41.0,0.0,80.3,44.7,18.9,43.3
GH-1512,12.3,0.0,22.0,58.1,0.0,1.8,0.0,21.3,59.7
GH-1513,13.2,8.7,25.1,65.1,0.0,38.3,0.0,23.4,64.6
GH-1514,20.8,701.7,29.0,44.2,0.0,90.4,43.9,17.8,46.0
GH-1515,17.7,395.0,26.3,55.4,0.0,47.1,0.0,21.0,52.6
GH-1516,13.1,0.0,23.2,51.2,0.0,9.4,0.0,22.1,54.0
GH-1517,16.3,23.6,23.3,56.9,0.0,14.9,9.1,22.7,58.8
GH-1518,12.0,0.0,22.7,53.9,0.0,0.0,7.6,22.0,55.7
GH-1519,23.6,674.9,29.2,45.4,0.0,70.5,43.5,21.0,46.4
GH-1520,12.1,0.0,20.7,55.5,34.7,0.0,0.0,21.9,54.8
GH-1521,19.2,536.3,28.6,46.4,0.0,71.6,31.7,21.6,48.4
GH-1522,15.6,0.0,25.1,58.4,0.0,44.6,3.2,23.3,56.7
GH-1523,8.6,0.0,20.4,58.4,30.2,0.0,0.0,20.6,57.6
GH-1524,10.8,58.9,25.0,56.1,0.0,38.5,0.0,22.7,56.1
GH-1525,15.4,276.5,28.2,42.7,0.0,57.3,39.0,24.8,45.5
GH-1526,9.7,60.4,23.3,51.5,0.0,27.0,10.3,21.4,53.4
GH-1527,21.6,309.9,27.4,49.4,0.0,48.6,22.8,24.5,48.1
GH-1528,11.1,0.0,20.8,45.2,8.9,0.0,21.7,20.5,54.6
GH-1529,9.9,41.1,25.2,47.6,0.0,25.4,40.0,22.5,52.2
GH-1530,12.6,41.1,22.2,53.7,0.0,0.0,4.2,21.1,57.1
GH-1531,9.8,42.3,26.8,48.6,0.0,29.2,40.6,24.2,53.3
GH-1532,12.4,0.0,21.6,58.5,0.0,0.0,0.0,21.3,59.3
GH-1533,17.1,199.1,23.7,54.0,0.0,8.4,8.4,23.0,55.5
GH-1534,13.9,67.1,23.4,54.8,0.0,7.1,9.8,22.1,56.3
GH-1535,15.6,315.0,24.2,45.3,0.0,5.3,46.3,23.3,52.2
GH-1536,21.4,324.0,25.5,48.6,0.0,26.0,28.3,24.5,52.6
GH-1537,12.6,64.9,23.4,51.5,0.0,6.3,23.2,21.4,57.1
GH-1538,7.8,22.0,19.6,53.3,31.3,0.0,5.3,20.0,56.1
GH-1539,12.2,28.3,20.4,58.6,32.2,0.0,0.0,20.5,58.1
GH-1540,12.5,0.0,22.4,54.1,0.0,0.0,5.2,20.9,57.0
GH-1541,10.7,48.7,22.4,58.0,0.0,9.9,0.0,21.1,54.7
GH-1542,22.7,811.0,31.8,38.5,0.0,96.1,36.9,17.9,42.8
GH-1543,11.0,68.2,23.5,57.0,0.0,29.1,1.1,21.6,55.6
GH-1544,12.9,50.2,25.1,56.3,0.0,44.4,0.0,24.2,56.7
GH-1545,21.9,631.3,29.7,39.7,0.0,75.0,59.6,22.0,43.7
GH-1546,12.8,84.0,23.6,54.2,0.0,5.6,2.9,22.8,55.1
GH-1547,12.5,9.2,20.0,61.7,24.9,0.0,0.0,20.4,63.6
GH-1548,17.2,73.6,23.8,57.7,0.0,4.1,1.0,23.3,57.0
GH-1549,21.5,656.8,32.8,46.6,0.0,97.3,6.2,21.7,44.0
GH-1550,22.4,611.9,26.0,51.8,0.0,51.2,11.8,19.8,51.3
GH-1551,10.7,0.0,21.6,60.4,5.9,5.0,0.0,21.7,61.1
GH-1552,14.4,0.0,23.0,63.5,0.0,14.4,0.0,21.5,60.6
GH-1553,13.3,80.3,21.3,61.1,0.0,4.5,0.0,20.9,60.9
GH-1554,9.1,0.0,23.3,59.8,0.0,2.0,0.0,21.5,60.4
GH-1555,11.5,68.5,19.8,55.0,33.0,0.0,7.0,20.8,56.1
GH-1556,14.9,0.0,20.3,64.6,21.8,0.0,0.0,19.8,62.4
GH-1557,20.8,529.5,28.8,46.5,0.0,56.8,41.3,22.8,49.1
GH-1558,19.4,586.8,27.0,38.0,0.0,23.7,44.8,25.3,47.5
GH-1559,11.3,0.0,24.7,45.8,0.0,0.0,40.9,23.6,54.8
GH-1560,15.0,0.0,23.9,51.1,0.0,13.0,23.2,23.0,54.3
GH-1561,12.5,57.5,23.2,57.5,0.0,10.3,0.0,21.5,55.5
GH-1562,13.0,0.0,21.2,61.1,5.0,2.7,0.0,20.6,59.5
GH-1563,14.6,0.0,24.2,52.6,0.0,44.3,14.5,22.8,52.5
GH-1564,11.7,42.3,23.3,55.9,0.0,4.5,7.3,22.8,59.1
GH-1565,12.7,0.0,24.2,58.5,0.0,34.6,0.0,22.3,56.8
GH-1566,14.6,51.4,21.2,54.7,0.0,0.0,9.9,20.7,59.8
GH-1567,15.9,7.6,23.7,51.7,0.0,1.6,21.5,22.3,63.7
GH-1568,14.8,0.0,24.5,51.7,0.0,20.7,28.2,23.6,54.7
GH-1569,16.8,533.5,24.7,47.0,0.0,25.8,40.6,21.8,51.7
GH-1570,9.8,0.0,22.4,51.6,0.0,0.0,9.3,21.0,54.6
GH-1571,13.8,25.5,22.9,65.0,0.0,27.8,0.0,20.4,60.5
GH-1572,19.4,557.4,30.8,44.0,0.0,89.2,33.1,21.4,45.5
GH-1573,9.1,37.1,22.4,53.7,0.0,9.1,0.0,22.4,55.6
GH-1574,21.7,681.4,28.0,41.9,0.0,21.1,40.3,25.0,47.6
GH-1575,15.8,347.6,22.0,52.2,0.0,0.0,38.3,21.8,60.4
GH-1576,11.3,14.7,20.2,53.2,21.2,0.0,18.9,20.3,58.4
GH-1577,15.9,190.4,20.7,61.4,26.4,10.6,0.0,20.6,59.9
GH-1578,21.6,764.5,26.5,42.2,0.0,60.5,40.9,19.3,47.8
GH-1579,14.2,0.0,21.9,61.9,0.0,5.2,0.0,20.3,64.2
GH-1580,16.1,47.9,23.9,61.2,0.0,29.4,0.0,23.0,57.6
GH-1581,10.2,96.4,24.4,57.9,0.0,24.6,1.9,21.9,57.6
GH-1582,12.1,0.0,20.7,64.5,13.5,0.0,0.0,21.2,63.3
GH-1583,22.3,497.8,29.7,54.5,0.0,100.0,4.7,20.4,48.9
GH-1584,13.9,0.0,24.9,54.2,0.0,57.1,7.0,22.6,51.6
GH-1585,15.8,0.0,26.8,51.7,0.0,46.8,29.3,24.9,54.1
GH-1586,23.1,748.6,31.2,35.3,0.0,65.3,72.4,22.7,45.0
GH-1587,15.0,368.9,24.7,48.9,0.0,3.5,24.4,25.2,51.7
GH-1588,11.0,46.2,24.8,53.2,0.0,37.5,25.7,23.2,55.3
GH-1589,17.0,8.4,24.4,54.7,0.0,18.1,5.6,23.5,55.7
GH-1590,15.5,82.4,22.7,58.3,0.0,14.7,0.0,21.9,59.2
GH-1591,10.9,92.8,25.5,59.4,0.0,49.9,0.0,23.0,58.1
GH-1592,8.2,38.0,21.9,57.7,0.0,0.0,0.0,20.3,60.0
GH-1593,24.4,692.8,30.2,44.2,0.0,76.4,44.8,20.8,47.5
GH-1594,11.9,66.2,22.9,65.7,0.0,10.1,0.0,21.8,65.0
GH-1595,21.1,517.3,29.7,40.6,0.0,74.9,54.6,22.6,43.1
GH-1596,23.2,789.4,28.3,36.8,0.0,48.2,52.9,21.5,46.5
GH-1597,15.1,7.4,26.4,57.2,0.0,65.8,0.0,23.3,53.6
GH-1598,12.2,102.5,21.5,56.6,0.0,0.0,0.0,20.5,58.7
GH-1599,17.2,0.0,26.9,48.1,0.0,47.7,36.3,24.1,50.4
GH-1600,10.2,21.6,21.6,54.9,0.0,0.0,0.0,21.4,58.6
GH-1601,13.8,0.0,20.3,59.4,4.4,0.0,0.0,19.3,56.7
GH-1602,14.8,16.0,24.3,57.3,0.0,48.1,0.0,22.2,54.4
GH-1603,16.5,19.5,25.4,44.8,0.0,1.1,32.6,23.5,53.5
GH-1604,14.6,0.0,21.6,61.7,0.0,2.3,0.0,20.1,61.8
GH-1605,24.4,730.1,28.5,41.2,0.0,58.2,32.5,20.7,48.0
GH-1606,14.6,66.4,22.3,57.7,2.4,0.0,5.4,22.3,61.0
GH-1607,21.4,655.7,28.9,42.1,0.0,62.4,43.4,20.2,44.0
GH-1608,12.8,28.1,21.7,62.1,0.0,0.0,0.0,20.4,61.2
GH-1609,10.4,0.0,19.6,70.4,31.4,0.0,0.0,20.0,70.0
GH-1610,20.4,634.3,24.6,52.9,0.0,45.7,9.0,21.0,52.4
GH-1611,18.4,0.0,23.7,49.2,0.0,0.0,11.0,23.2,51.5
GH-1612,18.3,590.9,29.0,51.2,0.0,84.1,24.2,19.6,49.4
GH-1613,12.1,0.0,23.5,56.5,0.0,16.0,0.0,21.0,56.6
GH-1614,11.6,30.0,22.5,54.6,0.0,0.0,4.5,21.8,53.6
GH-1615,20.2,872.2,28.6,46.6,0.0,53.0,21.5,21.1,50.8
GH-1616,13.1,84.8,23.2,51.8,0.0,25.3,15.3,21.2,54.6
GH-1617,16.7,574.9,25.5,49.2,0.0,37.8,12.3,22.3,51.1
GH-1618,14.0,3.5,23.6,65.3,0.0,28.3,0.0,22.7,61.8
GH-1619,12.7,8.1,23.7,55.4,0.0,5.1,0.0,22.4,53.6
GH-1620,12.4,206.4,23.8,56.2,0.0,10.4,0.0,21.9,56.3
GH-1621,11.4,13.4,24.0,68.7,0.0,41.0,0.0,22.5,63.6
GH-1622,13.3,95.8,22.1,53.4,0.0,2.8,10.4,21.4,53.4
GH-1623,23.0,771.2,31.4,44.2,0.0,84.0,33.2,19.8,43.8
GH-1624,18.0,495.8,24.3,55.7,0.0,0.0,2.5,24.4,57.1
GH-1625,17.1,734.0,30.7,48.9,0.0,95.2,11.2,17.0,48.3
GH-1626,14.8,110.0,27.0,55.6,0.0,45.1,2.5,25.2,52.9
GH-1627,11.2,0.0,19.1,56.6,39.9,0.0,4.1,20.0,62.7
GH-1628,22.7,646.0,27.5,46.0,0.0,43.1,31.3,22.2,51.4
GH-1629,10.6,22.8,21.9,66.9,0.0,3.3,0.0,21.0,62.1
GH-1630,13.3,0.0,21.8,66.3,4.0,2.0,0.0,21.2,63.7
GH-1631,16.3,76.6,25.6,53.3,0.0,34.1,5.2,23.8,54.6
GH-1632,12.6,0.0,20.1,60.6,15.5,0.0,0.0,20.1,60.0
GH-1633,19.5,383.6,23.4,49.2,0.0,20.1,34.6,21.3,57.0
GH-1634,23.6,690.5,27.6,35.2,0.0,51.2,65.6,22.2,46.7
GH-1635,19.5,544.6,28.1,46.5,0.0,55.3,27.6,22.4,48.1
GH-1636,21.8,808.9,31.6,37.0,0.0,74.5,62.5,20.1,46.8
GH-1637,12.2,4.6,21.5,57.6,6.3,0.0,0.0,20.5,63.0
GH-1638,13.9,210.5,23.8,56.8,0.0,25.2,3.5,21.2,57.4
GH-1639,22.5,788.0,30.0,41.1,0.0,62.4,40.2,22.0,43.6
GH-1640,12.6,89.9,23.5,55.7,0.0,14.3,22.0,22.8,59.2
GH-1641,13.0,0.0,17.1,61.3,94.6,0.0,0.0,19.9,60.2
GH-1642,17.9,435.9,26.4,47.7,0.0,13.5,14.7,26.0,52.6
GH-1643,9.5,0.0,20.5,61.8,16.6,0.0,0.0,20.5,59.2
GH-1644,13.8,321.0,25.6,53.3,0.0,17.6,0.0,23.5,55.9
GH-1645,12.7,0.0,23.9,59.6,0.0,18.8,0.0,22.6,61.3
GH-1646,11.1,0.0,21.6,63.7,0.0,0.0,0.0,20.3,62.9
GH-1647,17.5,0.0,22.8,49.5,0.0,2.4,22.5,21.9,51.7
GH-1648,16.4,416.1,28.3,47.8,0.0,51.2,20.4,23.2,49.7
GH-1649,13.0,0.0,20.6,55.1,0.4,0.0,0.0,20.6,59.3
GH-1650,14.4,4.7,24.6,54.2,0.0,13.7,11.2,22.2,57.2
GH-1651,19.8,790.2,28.7,46.4,0.0,80.2,29.8,17.6,51.5
GH-1652,19.3,835.4,31.4,41.6,0.0,100.0,50.8,16.9,44.6
GH-1653,11.8,0.0,21.4,57.2,0.0,0.0,1.7,20.2,57.3
GH-1654,12.8,32.4,23.4,59.0,0.0,11.7,0.0,22.8,62.3
GH-1655,15.1,49.3,26.3,48.9,0.0,51.4,38.5,24.0,53.4
GH-1656,18.4,543.8,29.4,41.9,0.0,53.9,34.5,23.9,45.6
GH-1657,22.7,831.1,31.4,43.9,0.0,89.6,38.9,17.6,44.3
GH-1658,13.9,92.4,23.0,57.1,0.0,0.0,0.0,22.6,56.2
GH-1659,10.6,65.9,24.4,58.1,0.0,18.7,4.1,22.0,60.4
GH-1660,12.7,14.3,20.9,64.0,26.8,0.0,0.0,20.4,61.4
GH-1661,10.9,17.3,20.8,60.3,5.7,0.0,0.0,19.7,63.9
GH-1662,24.8,845.7,31.6,39.0,0.0,100.0,58.4,17.1,41.2
GH-1663,12.3,0.0,22.2,57.9,0.0,0.0,0.0,20.9,60.2
GH-1664,12.5,0.0,21.3,50.4,0.0,0.0,22.0,20.2,55.2
GH-1665,14.3,0.0,23.5,54.2,0.0,21.0,15.5,22.9,57.7
GH-1666,16.6,0.0,24.1,46.2,0.0,9.3,32.7,23.1,56.6
GH-1667,14.2,20.0,25.6,64.1,0.0,38.6,0.0,24.5,62.7
GH-1668,20.2,764.6,30.7,44.4,0.0,78.6,32.5,20.1,45.7
GH-1669,17.2,0.0,24.4,58.9,0.0,42.3,0.0,22.8,55.1
GH-1670,13.3,0.0,25.4,59.5,0.0,52.6,5.2,23.4,58.3
GH-1671,23.2,809.0,28.5,41.4,0.0,58.6,36.5,19.5,43.8
GH-1672,22.4,599.3,30.1,52.6,0.0,100.0,12.1,18.9,47.8
GH-1673,14.2,25.1,23.4,62.9,0.0,14.2,0.0,23.5,58.2
GH-1674,19.8,277.6,26.3,49.6,0.0,39.8,20.5,23.9,53.3
GH-1675,9.0,57.5,22.6,61.3,0.0,33.2,0.0,20.4,56.3
GH-1676,21.8,859.1,29.4,38.2,0.0,38.4,62.0,24.3,48.8
GH-1677,16.0,303.6,25.0,53.1,0.0,28.2,5.5,23.0,57.0
GH-1678,10.3,33.6,20.8,70.2,0.0,8.2,0.0,19.9,70.0
GH-1679,23.4,853.7,32.8,36.6,0.0,100.0,54.5,17.8,43.7
GH-1680,22.7,712.9,27.9,40.6,0.0,25.2,46.0,25.5,48.0
GH-1681,16.6,117.1,22.8,53.6,0.0,4.3,19.1,23.8,56.3
GH-1682,12.3,251.9,25.5,51.1,0.0,14.6,10.6,24.3,55.6
GH-1683,14.1,79.2,24.8,51.0,0.0,34.8,49.5,22.7,56.0
GH-1684,9.3,0.0,23.0,55.5,0.0,0.0,15.3,22.5,59.0
GH-1685,12.9,0.0,21.8,62.4,0.0,0.0,0.0,21.1,64.2
GH-1686,14.9,0.0,20.4,59.7,10.5,0.0,0.0,19.4,56.9
GH-1687,12.6,59.4,24.8,57.5,0.0,20.2,0.0,23.7,54.9
GH-1688,14.7,474.5,27.4,51.0,0.0,67.4,7.7,21.1,48.2
GH-1689,15.3,4.8,23.9,57.7,0.0,30.5,0.0,22.4,55.2
GH-1690,20.0,450.0,28.3,51.8,0.0,77.9,14.8,21.2,48.9
GH-1691,14.8,0.0,25.1,50.8,0.0,40.8,10.7,22.9,52.9
GH-1692,13.0,0.0,20.0,61.4,37.4,0.0,0.0,20.7,61.7
GH-1693,12.3,0.0,20.3,56.9,8.2,0.0,0.0,20.1,57.6
GH-1694,11.6,66.5,22.4,52.6,0.0,0.0,18.4,21.5,54.8
GH-1695,18.0,498.7,27.4,56.0,0.0,68.8,0.0,21.4,51.0
GH-1696,12.3,25.4,20.2,52.4,16.4,0.0,25.0,20.3,56.2
GH-1697,20.0,656.1,29.4,38.8,0.0,55.9,60.6,22.4,45.5
GH-1698,19.9,737.8,29.4,41.7,0.0,59.9,49.8,20.7,43.5
GH-1699,17.3,360.1,26.2,55.3,0.0,43.7,9.3,23.6,50.7
GH-1700,13.8,66.9,18.3,66.8,59.2,0.0,0.0,20.3,66.1
GH-1701,11.9,78.0,22.9,61.7,0.0,16.8,0.0,21.8,64.5
GH-1702,16.3,0.0,24.5,57.5,0.0,28.0,0.8,24.4,54.7
GH-1703,20.4,627.1,33.9,33.0,0.0,100.0,49.7,21.4,33.8
GH-1704,18.1,235.5,29.2,37.4,0.0,55.7,60.0,25.9,43.9
GH-1705,13.9,87.6,27.5,56.4,0.0,74.0,3.3,24.1,48.3
GH-1706,23.6,752.5,31.0,35.1,0.0,76.8,60.9,20.9,42.5
GH-1707,19.4,285.3,27.4,57.9,0.0,65.5,1.5,23.3,50.6
GH-1708,14.3,98.0,23.4,54.3,0.0,1.7,0.0,23.9,52.8
GH-1709,16.3,0.0,23.9,59.8,0.0,30.0,0.0,22.3,61.1
GH-1710,14.1,31.3,19.0,61.9,60.3,0.0,0.0,20.0,63.5
GH-1711,15.2,0.0,25.3,54.1,0.0,47.9,14.1,23.4,53.6
GH-1712,21.4,593.0,31.0,34.9,0.0,63.3,80.5,24.2,43.0
GH-1713,13.2,53.8,19.9,54.3,30.0,0.0,18.6,20.9,57.1
GH-1714,14.7,75.2,19.1,65.2,33.8,0.0,0.0,19.7,65.1
GH-1715,12.1,29.2,20.5,63.0,39.3,0.0,0.0,20.7,60.9
GH-1716,13.4,0.0,26.7,47.5,0.0,53.6,21.9,24.7,49.1
GH-1717,15.0,546.2,30.4,54.6,0.0,94.5,7.6,19.2,53.4
GH-1718,12.9,10.6,19.3,61.9,45.0,0.0,0.0,19.5,61.9
GH-1719,10.3,0.0,20.6,65.6,19.8,0.0,0.0,20.4,63.8
GH-1720,16.6,397.3,23.5,54.0,0.0,25.6,16.6,22.0,55.7
GH-1721,13.5,13.5,20.0,59.4,45.0,0.0,1.7,21.0,61.4
GH-1722,20.7,457.4,28.8,52.7,0.0,98.3,5.7,19.6,49.6
GH-1723,25.1,753.0,26.0,44.0,0.0,30.1,39.2,23.5,54.9
GH-1724,18.5,285.3,24.9,52.4,0.0,15.6,7.0,23.7,52.2
GH-1725,16.0,579.8,26.5,56.8,0.0,74.4,6.1,18.4,55.9
GH-1726,17.2,0.0,23.7,52.7,0.0,0.0,21.8,22.6,57.3
GH-1727,14.5,389.0,24.0,45.1,0.0,8.8,45.8,22.5,54.3
GH-1728,13.1,44.0,24.5,55.0,0.0,23.9,4.4,23.5,58.5
GH-1729,14.7,107.2,21.7,59.2,0.0,6.3,0.0,20.7,59.6
GH-1730,22.5,621.7,31.3,45.9,0.0,100.0,36.8,19.6,47.1
GH-1731,13.7,0.0,23.0,64.0,0.0,21.1,0.0,22.0,61.5
GH-1732,12.3,0.0,22.1,60.7,0.0,8.2,0.0,21.2,60.2
GH-1733,22.1,865.4,32.6,46.7,0.0,100.0,24.3,17.4,45.6
GH-1734,21.1,739.2,30.3,46.9,0.0,86.5,37.9,18.7,49.6
GH-1735,15.6,709.4,25.8,45.8,0.0,24.6,29.8,23.6,48.7
GH-1736,23.1,771.9,30.0,43.4,0.0,80.3,30.8,19.9,44.7
GH-1737,15.0,0.0,24.9,51.3,0.0,28.9,23.3,23.0,50.2
GH-1738,13.7,42.2,24.0,55.1,0.0,19.1,6.2,22.4,54.7
GH-1739,22.1,530.2,26.7,48.2,0.0,69.1,21.4,19.8,47.8
GH-1740,12.2,0.0,21.1,56.8,0.0,0.0,0.0,18.9,55.9
GH-1741,18.5,668.1,26.8,49.9,0.0,30.4,24.3,22.9,51.9
GH-1742,23.4,778.2,29.9,49.5,0.0,82.3,15.0,18.8,48.7
GH-1743,16.1,27.7,21.4,49.6,0.0,0.0,19.4,21.1,52.0
GH-1744,14.7,0.0,22.5,57.0,0.0,0.5,2.3,21.2,57.8
GH-1745,18.0,683.4,26.6,37.5,0.0,43.0,63.7,21.9,45.6
GH-1746,11.5,0.0,25.3,56.0,0.0,34.3,9.0,22.9,55.4
GH-1747,12.3,141.9,24.8,53.4,0.0,10.7,21.9,23.8,58.2
GH-1748,18.2,527.6,30.2,51.3,0.0,100.0,14.5,19.7,48.5
GH-1749,15.7,35.0,21.9,58.4,0.0,0.0,1.8,21.7,60.1
GH-1750,13.2,0.0,23.4,54.1,0.0,0.0,0.0,22.0,56.3
GH-1751,14.4,26.5,24.1,53.9,0.0,0.0,0.0,22.7,51.6
GH-1752,21.1,649.5,28.9,51.0,0.0,100.0,11.5,16.8,49.2
GH-1753,12.8,0.0,22.3,60.7,0.0,23.6,0.0,21.1,57.6
GH-1754,15.0,103.7,27.0,57.5,0.0,59.5,0.0,23.7,56.3
GH-1755,20.2,731.5,28.2,51.4,0.0,77.5,21.4,18.2,48.4
GH-1756,13.1,5.2,22.6,62.6,0.0,21.5,0.0,21.0,59.4
GH-1757,11.3,21.6,23.2,63.4,0.0,25.9,0.0,20.6,60.3
GH-1758,17.0,0.0,23.2,56.8,0.0,10.0,0.0,22.3,58.0
GH-1759,18.8,702.0,27.8,47.8,0.0,48.1,19.8,22.7,43.8
GH-1760,13.9,22.1,23.1,60.3,0.0,0.0,0.0,22.8,58.5
GH-1761,19.5,251.4,27.1,56.8,0.0,62.9,2.1,23.0,52.5
GH-1762,14.9,59.4,23.4,57.5,0.0,4.8,0.0,23.6,54.9
GH-1763,18.9,821.5,27.4,37.6,0.0,37.3,70.2,22.3,48.1
GH-1764,8.7,87.3,23.0,57.2,0.0,19.8,0.0,21.4,55.3
GH-1765,22.0,754.0,32.2,38.3,0.0,82.5,64.3,20.7,45.4
GH-1766,22.5,650.3,29.1,36.3,0.0,56.3,69.7,23.2,46.5
GH-1767,20.0,771.1,28.8,43.8,0.0,56.6,18.7,21.3,45.6
GH-1768,15.3,0.0,24.3,53.4,0.0,33.9,0.0,23.2,49.1
GH-1769,15.3,406.4,29.1,44.9,0.0,81.5,28.7,22.7,45.3
GH-1770,14.0,0.0,22.3,50.0,3.4,0.0,37.4,22.2,56.2
GH-1771,16.0,0.0,25.3,59.5,0.0,61.9,0.0,22.3,53.0
GH-1772,13.8,0.0,22.6,63.2,0.0,18.5,0.0,20.6,60.3
GH-1773,15.4,69.7,24.4,61.9,0.0,5.5,0.0,24.0,63.2
GH-1774,20.6,718.6,27.3,51.1,0.0,51.1,16.2,21.9,48.1
GH-1775,11.9,0.0,21.4,52.1,18.0,0.0,10.0,21.4,55.6
GH-1776,23.7,812.9,33.5,41.8,0.0,100.0,25.0,19.3,37.9
GH-1777,10.0,27.6,21.6,54.8,2.7,0.0,1.0,20.6,53.6
GH-1778,12.0,157.0,21.3,67.0,4.4,20.0,0.0,20.1,63.1
GH-1779,22.1,720.4,32.0,43.0,0.0,100.0,44.0,18.5,48.3
GH-1780,21.7,812.9,31.3,39.6,0.0,87.2,53.9,18.6,44.6
GH-1781,23.6,830.9,31.0,48.1,0.0,86.9,49.8,18.6,51.6
GH-1782,9.8,0.0,23.4,56.3,0.0,6.7,2.0,21.5,56.7
GH-1783,15.7,161.4,22.6,52.0,0.0,0.0,10.3,21.9,58.2
GH-1784,11.7,80.6,24.1,50.1,0.0,3.1,17.1,23.3,57.2
GH-1785,14.2,0.0,25.3,63.8,0.0,53.9,0.0,22.7,57.8
GH-1786,12.5,0.0,19.8,55.8,26.5,0.0,0.5,20.1,57.3
GH-1787,17.8,545.1,28.7,32.9,0.0,37.3,67.1,24.5,43.2
GH-1788,15.3,493.2,27.1,41.3,0.0,30.5,40.8,24.3,46.3
GH-1789,21.8,729.1,30.0,48.4,0.0,100.0,36.7,17.0,48.9
GH-1790,12.5,0.0,22.2,58.7,0.0,9.0,9.9,21.7,59.2
GH-1791,11.7,66.8,22.8,55.4,2.0,6.4,0.0,22.1,58.4
GH-1792,22.7,711.4,27.2,38.4,0.0,28.7,56.3,24.5,49.8
GH-1793,11.4,0.0,24.1,59.2,0.0,13.3,0.0,22.9,60.1
GH-1794,16.3,0.0,25.9,60.7,0.0,61.7,0.0,23.1,53.2
GH-1795,12.7,26.9,19.1,61.2,51.0,0.0,0.8,20.2,61.7
GH-1796,12.7,38.9,22.3,61.3,0.0,4.5,0.0,20.9,59.2
GH-1797,11.2,72.1,23.2,58.3,0.0,11.1,9.1,23.1,56.6
GH-1798,14.6,0.0,25.6,59.6,0.0,53.5,0.0,23.7,56.1
GH-1799,24.7,895.7,28.6,48.6,0.0,89.8,14.0,15.5,45.8
GH-1800,20.6,661.1,30.2,40.5,0.0,88.1,40.3,19.8,43.4
