observation_id,outside_temp_c,room_humidity_pct,visitors,lighting_pct,ventilation_pct,sunlight_w_m2,hour_sin,hour_cos,next_hour_kwh
RR-0001,24.6,57.6,22,64.2,36.6,787.6,-0.866,-0.5,9.58
RR-0002,25.8,52.2,22,39.2,52.9,554.1,-0.9659,-0.2588,9.76
RR-0003,27.9,57.9,17,60.5,44.0,344.2,0.5,-0.866,11.7
RR-0004,21.2,55.7,17,68.5,49.9,592.5,-0.9659,0.2588,5.83
RR-0005,29.9,54.2,24,82.0,35.2,676.6,-0.7071,-0.7071,14.18
RR-0006,36.1,50.8,18,39.2,32.3,488.7,-0.9659,-0.2588,18.28
RR-0007,28.9,48.6,18,82.0,43.1,732.2,-0.5,-0.866,15.09
RR-0008,17.3,53.0,18,51.0,38.1,578.7,-0.9659,0.2588,7.37
RR-0009,15.4,55.0,16,73.3,43.1,32.0,0.0,-1.0,6.61
RR-0010,15.6,55.0,25,31.5,45.5,149.0,0.5,-0.866,7.99
RR-0011,30.0,45.1,13,77.9,25.4,406.5,0.0,-1.0,13.04
RR-0012,27.5,63.1,17,78.9,42.3,145.2,-0.9659,-0.2588,8.49
RR-0013,22.2,57.5,24,59.6,51.8,46.2,-0.5,-0.866,9.72
RR-0014,6.8,66.5,16,52.0,49.9,711.7,-0.866,-0.5,6.37
RR-0015,26.2,45.9,23,51.0,51.6,315.9,-0.9659,0.2588,9.06
RR-0016,25.6,50.0,21,64.1,51.6,532.4,0.2588,-0.9659,10.06
RR-0017,22.8,50.9,15,82.0,36.3,796.8,-0.9659,0.2588,8.48
RR-0018,22.8,49.1,17,67.8,35.3,299.7,0.2588,-0.9659,7.04
RR-0019,19.8,63.7,13,82.0,36.8,267.6,0.5,-0.866,10.56
RR-0020,39.1,53.4,16,63.3,39.0,370.3,-1.0,-0.0,22.2
RR-0021,22.6,54.7,17,82.0,39.5,336.9,0.7071,-0.7071,10.25
RR-0022,40.6,53.0,12,46.0,20.9,716.8,0.5,-0.866,21.77
RR-0023,39.3,47.5,8,82.0,23.3,314.3,0.866,-0.5,22.68
RR-0024,7.0,63.9,20,63.4,46.2,599.4,0.0,-1.0,8.93
RR-0025,17.5,66.7,16,60.2,38.5,520.4,-0.866,-0.5,8.51
RR-0026,18.0,59.6,18,64.8,39.7,385.7,-0.2588,-0.9659,7.44
RR-0027,29.6,58.5,19,62.5,43.6,523.3,0.866,-0.5,17.98
RR-0028,11.1,68.8,16,49.4,35.1,817.7,0.2588,-0.9659,9.97
RR-0029,19.3,48.7,23,76.0,50.3,850.5,0.866,-0.5,11.37
RR-0030,34.5,50.3,33,35.9,63.9,633.5,0.0,-1.0,19.75
RR-0031,26.5,60.3,22,61.1,56.2,436.8,-0.866,0.5,13.95
RR-0032,26.6,46.3,19,47.4,34.1,900.0,-0.9659,-0.2588,11.21
RR-0033,25.8,55.7,17,82.0,31.1,264.0,0.2588,-0.9659,10.29
RR-0034,6.7,71.8,14,45.7,31.6,401.5,0.0,-1.0,7.48
RR-0035,28.1,45.8,20,82.0,52.6,478.4,0.866,-0.5,15.42
RR-0036,11.8,73.6,16,82.0,42.0,0.0,-0.7071,-0.7071,8.81
RR-0037,34.1,43.2,24,53.3,55.2,855.7,-0.7071,-0.7071,19.18
RR-0038,12.9,73.9,20,27.5,44.0,698.7,0.7071,-0.7071,10.27
RR-0039,17.8,55.4,18,52.6,44.2,290.3,0.2588,-0.9659,9.3
RR-0040,12.0,70.8,18,31.6,36.8,819.0,-0.2588,-0.9659,8.21
RR-0041,18.6,58.0,13,82.0,44.2,602.2,0.866,-0.5,9.92
RR-0042,16.2,51.6,15,47.8,32.1,391.2,-1.0,-0.0,8.43
RR-0043,27.6,50.4,16,43.7,45.7,327.0,-0.866,0.5,11.34
RR-0044,25.9,57.0,18,73.9,43.0,437.2,-1.0,-0.0,12.56
RR-0045,25.8,54.5,16,82.0,42.7,456.3,0.5,-0.866,9.5
RR-0046,24.9,59.4,13,72.8,30.7,467.1,0.0,-1.0,10.8
RR-0047,20.0,55.4,13,82.0,41.1,577.6,0.7071,-0.7071,10.64
RR-0048,27.2,51.0,16,82.0,41.5,324.3,0.2588,-0.9659,12.04
RR-0049,19.5,55.9,9,58.0,29.6,469.0,0.0,-1.0,6.32
RR-0050,14.4,59.6,13,80.2,27.7,224.1,-0.9659,-0.2588,9.19
RR-0051,26.1,45.9,13,51.4,42.1,526.2,0.0,-1.0,10.36
RR-0052,16.0,54.2,16,35.9,43.4,560.3,0.0,-1.0,8.92
RR-0053,22.2,51.0,16,68.4,46.5,900.0,-0.5,-0.866,7.29
RR-0054,24.3,51.7,18,57.6,50.1,900.0,0.5,-0.866,10.02
RR-0055,16.9,69.8,17,41.7,41.3,495.7,-0.9659,0.2588,9.59
RR-0056,23.5,60.5,15,64.9,25.9,45.9,0.0,-1.0,9.24
RR-0057,13.9,69.9,15,40.8,25.0,50.3,-1.0,-0.0,11.14
RR-0058,29.5,46.1,15,76.5,33.3,836.6,0.0,-1.0,13.86
RR-0059,15.2,55.2,16,61.4,37.7,398.8,-1.0,-0.0,4.47
RR-0060,24.1,57.1,17,57.2,38.1,504.2,0.5,-0.866,9.66
RR-0061,22.4,58.5,19,70.3,53.4,440.2,-0.5,-0.866,11.54
RR-0062,22.9,57.0,14,43.5,50.5,288.2,-0.866,0.5,7.3
RR-0063,26.0,60.3,26,59.0,65.9,684.0,-0.9659,-0.2588,11.92
RR-0064,11.0,64.4,18,58.1,44.4,365.0,-0.7071,-0.7071,8.14
RR-0065,21.5,55.3,14,82.0,34.3,0.0,0.866,-0.5,11.94
RR-0066,25.5,73.2,19,30.0,35.3,577.3,-0.9659,0.2588,10.92
RR-0067,17.7,66.8,15,58.8,37.7,304.1,-0.9659,-0.2588,10.61
RR-0068,16.8,58.6,24,63.7,46.8,349.7,-0.2588,-0.9659,8.28
RR-0069,28.5,54.4,14,67.4,41.8,648.1,0.0,-1.0,13.87
RR-0070,30.8,59.6,19,63.6,31.6,900.0,-0.9659,0.2588,17.52
RR-0071,33.5,61.7,16,64.1,48.1,705.2,-0.866,-0.5,16.61
RR-0072,27.5,64.6,15,82.0,43.5,617.3,-0.9659,-0.2588,11.07
RR-0073,12.6,68.2,21,80.6,33.8,626.6,-0.7071,-0.7071,10.2
RR-0074,28.5,55.1,21,80.9,55.6,784.4,-0.5,-0.866,16.63
RR-0075,25.1,60.9,22,44.3,48.2,370.1,0.5,-0.866,12.23
RR-0076,31.0,68.7,24,82.0,56.5,297.8,0.0,-1.0,18.9
RR-0077,26.9,48.4,18,53.8,44.8,675.0,-0.9659,-0.2588,13.2
RR-0078,29.9,72.6,16,82.0,38.9,671.3,-0.7071,-0.7071,13.3
RR-0079,25.0,62.5,21,64.4,48.7,569.1,-0.2588,-0.9659,13.32
RR-0080,10.3,70.3,21,56.2,49.8,753.4,-0.866,0.5,7.15
RR-0081,12.3,68.1,19,48.7,47.3,621.7,0.2588,-0.9659,9.84
RR-0082,12.4,62.5,23,61.3,43.7,69.6,-0.9659,-0.2588,10.21
RR-0083,4.0,68.9,26,82.0,56.1,382.6,0.5,-0.866,10.28
RR-0084,16.7,74.1,22,82.0,49.9,571.1,-0.866,0.5,10.66
RR-0085,24.4,57.2,13,67.0,42.0,0.0,-0.2588,-0.9659,9.85
RR-0086,20.7,63.5,18,63.6,45.3,444.6,0.2588,-0.9659,10.82
RR-0087,14.0,56.5,19,29.6,39.8,574.1,0.5,-0.866,9.93
RR-0088,24.0,60.8,21,40.9,49.7,58.6,-0.866,-0.5,11.64
RR-0089,20.4,62.9,14,76.0,31.6,566.3,-0.9659,0.2588,6.53
RR-0090,26.4,67.7,18,76.2,47.7,239.8,-1.0,-0.0,10.7
RR-0091,24.6,57.0,12,82.0,45.1,54.8,-1.0,-0.0,11.4
RR-0092,16.7,56.9,18,33.3,55.3,215.6,-1.0,-0.0,7.05
RR-0093,31.6,44.5,16,74.2,48.7,549.6,-0.2588,-0.9659,16.32
RR-0094,20.3,63.0,25,57.2,42.4,0.0,-1.0,-0.0,8.34
RR-0095,17.5,58.2,16,56.1,38.4,551.1,-0.7071,-0.7071,6.71
RR-0096,25.2,59.7,21,67.3,42.3,303.9,-0.5,-0.866,10.04
RR-0097,21.9,48.2,12,65.0,24.6,637.6,-1.0,-0.0,7.23
RR-0098,15.7,57.1,10,82.0,23.0,272.5,-0.7071,-0.7071,6.15
RR-0099,17.3,62.8,13,55.9,31.6,262.5,0.7071,-0.7071,8.89
RR-0100,22.3,64.0,23,57.7,56.8,386.4,-0.9659,0.2588,9.01
RR-0101,16.3,54.1,18,71.6,39.5,708.5,-0.5,-0.866,5.94
RR-0102,24.8,55.0,23,77.6,59.6,320.0,0.7071,-0.7071,14.37
RR-0103,16.6,63.9,17,48.8,37.1,192.4,0.7071,-0.7071,9.74
RR-0104,8.1,71.2,11,71.9,40.3,334.1,-0.866,-0.5,5.21
RR-0105,23.2,51.2,17,59.9,28.3,220.1,-0.9659,0.2588,9.05
RR-0106,34.3,42.8,14,70.4,39.1,554.7,0.0,-1.0,18.73
RR-0107,22.1,53.9,18,56.6,39.4,900.0,0.0,-1.0,6.65
RR-0108,4.0,72.9,16,78.7,44.1,639.1,0.5,-0.866,12.85
RR-0109,35.5,43.0,28,51.0,50.6,151.2,-0.5,-0.866,20.32
RR-0110,26.5,48.1,10,21.4,27.3,464.4,-0.7071,-0.7071,9.25
RR-0111,17.5,56.6,17,82.0,40.9,613.7,-0.866,-0.5,7.25
RR-0112,26.7,51.5,16,79.1,39.7,372.1,-1.0,-0.0,10.86
RR-0113,22.9,53.5,15,63.0,40.6,276.6,-0.5,-0.866,9.52
RR-0114,23.4,45.0,23,74.7,52.0,94.3,-0.866,0.5,11.09
RR-0115,13.5,59.1,14,38.3,36.3,724.0,-0.5,-0.866,7.17
RR-0116,17.0,48.9,17,82.0,39.9,553.4,-0.2588,-0.9659,9.58
RR-0117,33.2,47.4,20,40.3,48.8,407.8,-0.9659,-0.2588,15.16
RR-0118,21.9,57.8,16,77.5,39.5,327.9,0.866,-0.5,9.97
RR-0119,25.6,37.8,16,42.3,43.2,349.9,-0.9659,-0.2588,8.77
RR-0120,26.3,68.3,16,82.0,32.2,104.3,-0.2588,-0.9659,15.28
RR-0121,33.2,37.5,11,32.8,36.2,831.3,-0.9659,0.2588,14.48
RR-0122,17.3,61.9,21,48.3,43.8,403.8,0.5,-0.866,10.78
RR-0123,13.1,68.4,8,54.2,13.5,433.3,-0.9659,0.2588,6.57
RR-0124,25.4,57.5,20,53.6,32.3,724.8,-0.9659,-0.2588,9.25
RR-0125,27.4,61.6,16,51.6,32.8,86.8,-0.9659,0.2588,10.07
RR-0126,24.9,51.1,24,65.7,49.4,197.9,-0.9659,-0.2588,12.09
RR-0127,19.2,56.2,11,37.1,32.7,490.2,-0.7071,-0.7071,6.55
RR-0128,25.2,66.7,21,82.0,52.7,441.6,-1.0,-0.0,12.65
RR-0129,12.0,78.9,15,63.0,43.6,598.4,0.7071,-0.7071,11.89
RR-0130,8.5,53.5,23,58.9,49.4,224.9,0.5,-0.866,7.14
RR-0131,23.7,61.8,25,60.6,52.5,721.4,0.0,-1.0,11.86
RR-0132,41.0,51.7,20,44.1,61.1,239.9,0.0,-1.0,27.72
RR-0133,17.1,45.4,18,76.1,34.8,550.2,0.5,-0.866,9.75
RR-0134,28.5,57.0,13,66.9,42.3,399.9,-0.866,0.5,11.4
RR-0135,14.5,51.1,19,82.0,46.8,345.0,0.866,-0.5,8.77
RR-0136,28.1,55.4,13,54.7,41.3,505.1,-0.866,-0.5,10.33
RR-0137,25.0,56.5,16,37.7,46.9,0.0,-0.866,0.5,12.44
RR-0138,6.2,64.2,16,67.9,44.7,445.1,-0.866,0.5,8.93
RR-0139,10.4,73.3,18,71.9,41.3,0.0,0.7071,-0.7071,12.44
RR-0140,21.2,49.6,18,82.0,46.2,44.2,0.0,-1.0,10.69
RR-0141,26.1,51.1,13,35.7,30.9,486.5,-0.2588,-0.9659,9.95
RR-0142,21.2,38.6,13,82.0,39.4,248.6,-0.5,-0.866,7.52
RR-0143,16.6,62.4,18,30.0,41.7,355.9,0.7071,-0.7071,8.28
RR-0144,20.2,59.8,18,74.6,41.8,900.0,0.5,-0.866,9.18
RR-0145,17.8,53.6,26,35.3,52.6,480.7,-0.866,-0.5,7.76
RR-0146,29.3,52.4,16,60.1,39.0,900.0,0.5,-0.866,14.5
RR-0147,25.5,60.2,13,76.4,30.9,466.1,-1.0,-0.0,10.81
RR-0148,26.1,57.9,25,52.0,60.3,620.0,0.7071,-0.7071,14.6
RR-0149,17.7,65.3,24,82.0,56.6,708.2,-0.866,0.5,9.44
RR-0150,23.0,50.5,20,18.6,37.1,584.7,0.5,-0.866,7.47
RR-0151,28.8,67.0,20,81.9,58.1,551.0,0.7071,-0.7071,16.03
RR-0152,19.8,59.1,16,80.9,43.7,310.6,0.2588,-0.9659,13.01
RR-0153,22.4,70.1,19,48.7,43.4,847.7,-0.7071,-0.7071,11.1
RR-0154,26.8,60.7,17,82.0,38.1,296.5,-0.5,-0.866,11.83
RR-0155,26.7,44.5,19,56.9,49.0,132.4,0.0,-1.0,12.62
RR-0156,27.0,45.4,14,82.0,42.6,232.4,0.5,-0.866,13.88
RR-0157,5.1,61.7,22,45.4,54.3,276.7,-0.866,0.5,10.08
RR-0158,22.2,60.8,15,69.2,38.5,538.4,-0.9659,0.2588,9.69
RR-0159,16.1,60.6,17,55.1,42.5,569.1,-0.7071,-0.7071,9.47
RR-0160,17.4,46.2,19,65.7,45.4,499.4,-1.0,-0.0,10.84
RR-0161,9.3,63.2,18,82.0,51.8,227.8,-0.9659,-0.2588,9.96
RR-0162,22.4,53.9,19,65.2,41.0,415.6,-0.866,-0.5,8.96
RR-0163,13.8,55.1,15,63.7,36.8,706.2,-0.866,0.5,8.6
RR-0164,22.4,46.6,22,53.8,41.0,0.0,-1.0,-0.0,8.59
RR-0165,16.6,50.0,17,49.4,32.4,855.2,-0.866,-0.5,7.26
RR-0166,29.4,58.5,24,26.3,58.9,311.4,0.7071,-0.7071,14.43
RR-0167,27.1,43.0,18,62.0,43.9,568.8,-1.0,-0.0,11.92
RR-0168,17.2,58.9,21,63.3,48.0,565.1,0.5,-0.866,9.14
RR-0169,21.6,53.8,19,55.8,40.6,836.6,-0.7071,-0.7071,7.01
RR-0170,31.8,52.3,18,49.0,54.7,314.3,-0.2588,-0.9659,16.35
RR-0171,23.7,54.4,16,35.3,46.5,338.4,-0.866,0.5,5.74
RR-0172,16.1,56.3,22,82.0,47.8,150.2,0.0,-1.0,10.88
RR-0173,39.7,45.7,15,32.6,47.0,60.3,-0.5,-0.866,25.08
RR-0174,20.4,61.2,20,63.9,50.3,136.8,-1.0,-0.0,10.39
RR-0175,15.5,60.0,15,73.8,41.6,736.2,-0.9659,0.2588,7.57
RR-0176,20.8,53.3,17,53.6,44.9,879.0,-0.9659,-0.2588,7.58
RR-0177,26.4,52.4,20,45.6,51.1,494.1,-0.2588,-0.9659,10.99
RR-0178,18.5,64.1,19,82.0,48.5,477.9,-0.5,-0.866,10.72
RR-0179,11.5,55.1,17,82.0,42.4,586.7,-0.866,-0.5,7.24
RR-0180,26.7,51.6,23,82.0,59.5,483.7,0.5,-0.866,15.59
RR-0181,25.4,52.1,20,82.0,33.0,622.6,-1.0,-0.0,12.19
RR-0182,20.1,59.1,17,70.8,43.6,273.4,-0.9659,0.2588,11.31
RR-0183,23.2,60.0,10,69.2,36.1,559.4,-0.9659,-0.2588,8.81
RR-0184,23.5,52.8,15,49.2,53.4,354.0,-1.0,-0.0,7.85
RR-0185,22.3,58.7,18,52.2,43.6,152.0,-0.866,-0.5,8.51
RR-0186,34.3,46.1,14,82.0,42.2,481.9,-0.866,0.5,19.11
RR-0187,14.2,64.2,24,77.4,55.5,900.0,-0.2588,-0.9659,10.38
RR-0188,15.9,59.3,18,73.0,33.6,285.3,-0.5,-0.866,8.05
RR-0189,30.0,58.2,24,18.0,49.5,431.5,-0.866,-0.5,16.21
RR-0190,17.5,56.7,15,82.0,44.3,412.3,-0.9659,-0.2588,10.54
RR-0191,16.7,51.2,22,82.0,50.0,900.0,-1.0,-0.0,9.05
RR-0192,16.5,64.3,17,82.0,37.5,548.1,-0.2588,-0.9659,10.07
RR-0193,17.5,58.6,15,80.4,55.0,337.6,-0.9659,0.2588,12.07
RR-0194,16.2,54.1,22,43.2,45.1,392.9,-0.866,0.5,7.98
RR-0195,23.6,69.1,15,63.5,32.2,587.6,0.5,-0.866,11.69
RR-0196,20.8,45.4,20,82.0,42.2,747.9,-0.866,-0.5,7.68
RR-0197,22.8,62.8,21,27.2,41.0,552.8,0.866,-0.5,7.72
RR-0198,20.8,51.9,20,36.3,54.5,558.5,0.0,-1.0,9.62
RR-0199,21.2,50.2,19,61.8,40.0,134.6,-0.866,-0.5,6.63
RR-0200,37.4,45.1,22,70.0,43.3,95.2,-0.9659,-0.2588,19.92
RR-0201,31.2,33.2,23,32.8,58.7,168.8,-0.9659,-0.2588,15.06
RR-0202,20.7,74.9,12,49.7,29.3,250.3,0.866,-0.5,9.55
RR-0203,23.7,56.5,14,82.0,31.3,331.7,-0.9659,-0.2588,9.37
RR-0204,23.0,52.7,19,41.7,50.0,106.9,-0.9659,-0.2588,12.74
RR-0205,19.8,49.1,21,58.7,48.0,585.2,-0.2588,-0.9659,9.63
RR-0206,18.0,77.0,10,67.4,32.8,620.3,-0.9659,0.2588,8.95
RR-0207,28.4,40.6,10,74.2,24.5,116.4,-0.5,-0.866,12.67
RR-0208,6.2,68.8,11,43.0,32.4,283.2,0.0,-1.0,8.26
RR-0209,27.5,45.4,17,82.0,41.4,554.3,-0.9659,0.2588,11.39
RR-0210,14.6,58.1,22,59.5,46.0,554.8,0.866,-0.5,9.77
RR-0211,29.0,60.2,12,76.9,36.9,455.3,0.7071,-0.7071,14.99
RR-0212,23.9,52.1,20,82.0,46.3,517.0,-0.2588,-0.9659,13.84
RR-0213,23.3,54.4,13,36.5,39.4,180.8,-0.866,0.5,5.84
RR-0214,19.5,62.7,12,72.8,22.7,336.5,0.0,-1.0,8.01
RR-0215,12.2,59.4,19,33.9,37.6,338.3,-1.0,-0.0,6.53
RR-0216,22.9,67.3,25,70.5,41.0,287.6,0.2588,-0.9659,11.83
RR-0217,19.3,63.7,20,82.0,45.5,281.9,-0.9659,0.2588,10.14
RR-0218,28.8,53.6,14,71.8,32.2,436.4,-0.9659,0.2588,12.07
RR-0219,30.3,57.8,9,61.5,28.8,422.9,0.7071,-0.7071,10.34
RR-0220,29.2,46.4,25,75.6,56.9,766.7,-0.5,-0.866,14.05
RR-0221,16.7,65.9,16,55.4,46.0,0.0,-0.9659,0.2588,8.42
RR-0222,14.9,72.0,14,61.0,42.5,537.5,0.0,-1.0,9.55
RR-0223,26.3,37.4,18,45.0,50.6,59.2,-0.2588,-0.9659,13.37
RR-0224,19.1,54.5,32,44.4,65.9,150.4,-0.866,0.5,8.65
RR-0225,17.2,47.7,26,78.2,56.5,368.0,-0.866,-0.5,9.69
RR-0226,28.3,53.8,9,59.9,40.2,79.2,-0.9659,-0.2588,10.85
RR-0227,27.7,55.0,19,63.0,39.6,254.4,0.0,-1.0,13.01
RR-0228,25.6,61.1,22,51.6,35.0,738.7,-0.5,-0.866,12.64
RR-0229,27.4,54.0,17,40.9,48.1,687.0,-0.2588,-0.9659,12.29
RR-0230,21.2,70.0,15,57.7,50.0,663.0,0.866,-0.5,10.3
RR-0231,27.5,50.5,15,49.0,35.8,473.6,-0.866,-0.5,11.38
RR-0232,32.9,65.7,8,78.5,24.0,544.3,0.0,-1.0,15.99
RR-0233,4.3,61.3,19,82.0,47.6,379.6,0.7071,-0.7071,9.93
RR-0234,30.3,29.3,16,29.1,29.9,507.9,-0.9659,0.2588,12.04
RR-0235,29.8,44.1,20,71.3,48.3,108.8,0.0,-1.0,12.48
RR-0236,34.8,52.0,9,77.2,24.5,185.6,0.7071,-0.7071,16.71
RR-0237,30.2,47.9,11,67.3,41.0,441.9,-0.866,0.5,12.95
RR-0238,21.4,56.7,31,82.0,47.1,207.4,0.7071,-0.7071,13.54
RR-0239,24.1,51.1,18,48.4,43.7,124.0,-0.9659,-0.2588,9.06
RR-0240,24.4,59.8,22,82.0,43.1,497.4,-1.0,-0.0,13.65
RR-0241,35.8,52.3,13,43.0,27.0,599.4,-0.866,0.5,17.26
RR-0242,19.7,64.0,19,70.3,32.4,228.4,0.866,-0.5,8.8
RR-0243,17.1,61.4,16,53.2,44.1,600.3,0.2588,-0.9659,9.2
RR-0244,22.5,55.6,14,66.2,34.5,237.1,-0.9659,0.2588,7.59
RR-0245,20.2,63.1,15,49.0,37.6,727.7,0.866,-0.5,7.43
RR-0246,13.7,59.4,17,69.6,39.7,344.1,-0.866,0.5,7.61
RR-0247,5.9,63.3,16,82.0,47.4,396.1,-0.2588,-0.9659,11.04
RR-0248,8.8,64.8,25,77.2,48.7,394.2,0.0,-1.0,12.48
RR-0249,27.3,44.7,16,48.0,39.3,0.0,0.0,-1.0,10.87
RR-0250,33.3,42.3,20,60.0,35.4,348.9,-0.2588,-0.9659,19.54
RR-0251,22.3,51.0,13,31.4,47.0,900.0,-0.7071,-0.7071,8.78
RR-0252,23.4,50.6,22,58.6,51.0,440.5,0.0,-1.0,10.11
RR-0253,15.1,73.6,25,53.9,64.9,547.8,0.2588,-0.9659,11.25
RR-0254,25.6,59.5,9,75.5,19.8,267.9,0.0,-1.0,10.73
RR-0255,23.6,62.3,15,63.0,38.7,390.7,0.0,-1.0,11.38
RR-0256,9.3,58.2,18,58.0,44.5,872.2,0.7071,-0.7071,8.0
RR-0257,22.9,60.9,21,67.7,52.3,64.5,-0.866,0.5,8.79
RR-0258,11.6,60.2,15,72.2,34.9,657.6,-0.866,0.5,8.95
RR-0259,23.6,56.5,20,46.5,51.0,845.5,-0.866,-0.5,10.02
RR-0260,28.4,49.7,19,82.0,40.9,230.2,-0.9659,0.2588,11.72
RR-0261,29.8,49.4,19,60.1,48.2,171.8,0.2588,-0.9659,16.48
RR-0262,19.5,48.6,20,34.9,55.6,711.4,-0.5,-0.866,8.25
RR-0263,24.1,52.5,27,53.0,56.4,618.5,-0.866,-0.5,10.8
RR-0264,27.9,51.0,19,36.1,45.0,0.0,0.0,-1.0,15.33
RR-0265,33.5,46.0,19,71.6,42.5,809.7,0.866,-0.5,21.16
RR-0266,17.1,59.9,16,65.1,43.9,145.8,-1.0,-0.0,10.14
RR-0267,18.8,63.2,16,51.8,45.8,606.6,-0.866,0.5,9.8
RR-0268,19.0,52.9,12,57.9,26.0,611.0,0.0,-1.0,8.03
RR-0269,30.9,55.6,17,82.0,38.1,428.3,0.5,-0.866,18.03
RR-0270,39.6,36.9,20,52.5,40.9,900.0,-0.9659,-0.2588,26.07
RR-0271,15.0,79.0,15,82.0,23.4,310.4,-0.7071,-0.7071,6.91
RR-0272,20.8,71.4,18,75.1,35.9,9.1,0.0,-1.0,10.78
RR-0273,21.4,60.7,15,69.2,38.6,531.7,-0.866,0.5,9.68
RR-0274,23.8,55.7,23,56.9,35.7,0.0,-1.0,-0.0,10.68
RR-0275,27.1,48.6,16,74.9,33.2,127.7,-0.866,-0.5,12.53
RR-0276,23.2,57.2,13,41.2,47.8,455.3,-0.9659,0.2588,7.82
RR-0277,25.5,47.2,18,34.9,56.9,249.2,0.2588,-0.9659,12.24
RR-0278,24.8,49.9,17,46.0,43.7,677.6,-0.9659,-0.2588,8.07
RR-0279,4.5,65.4,15,78.0,53.0,366.9,-0.866,-0.5,10.2
RR-0280,18.4,58.6,13,44.3,39.1,327.8,-0.9659,0.2588,4.69
RR-0281,35.1,46.8,11,46.4,43.4,496.4,-0.866,0.5,16.75
RR-0282,34.6,57.8,11,82.0,35.7,497.6,0.0,-1.0,17.59
RR-0283,26.0,45.9,21,45.8,45.0,744.2,-0.2588,-0.9659,15.54
RR-0284,32.7,40.0,17,75.0,40.9,208.2,-0.866,0.5,18.74
RR-0285,18.0,64.9,18,43.7,40.6,382.2,-1.0,-0.0,7.1
RR-0286,34.4,45.3,15,80.6,34.7,170.1,-1.0,-0.0,20.11
RR-0287,19.5,46.3,20,76.1,45.3,452.1,0.7071,-0.7071,10.0
RR-0288,26.8,59.5,15,82.0,45.5,469.3,-0.5,-0.866,11.33
RR-0289,12.4,64.5,22,37.7,49.3,471.4,-0.866,0.5,7.76
RR-0290,36.9,41.6,25,66.6,43.7,432.0,-0.7071,-0.7071,19.08
RR-0291,21.8,60.8,14,59.4,41.8,131.8,-0.866,0.5,7.01
RR-0292,19.5,59.7,14,82.0,34.3,487.6,-1.0,-0.0,8.97
RR-0293,28.7,50.6,23,62.0,36.9,569.4,-0.9659,0.2588,12.54
RR-0294,15.5,64.8,22,44.2,60.1,485.9,0.866,-0.5,9.7
RR-0295,27.0,51.9,26,72.7,34.1,212.8,-0.866,-0.5,11.58
RR-0296,19.3,44.4,11,71.9,41.2,562.4,0.2588,-0.9659,8.82
RR-0297,26.3,60.5,27,44.8,51.8,299.9,-0.5,-0.866,11.37
RR-0298,26.1,48.3,14,56.7,37.4,228.4,-0.9659,0.2588,11.66
RR-0299,41.0,42.0,13,64.0,40.1,250.9,-0.7071,-0.7071,25.03
RR-0300,17.4,71.2,22,26.9,46.7,467.2,0.0,-1.0,7.91
RR-0301,26.2,64.6,15,47.1,37.9,402.7,0.5,-0.866,12.97
RR-0302,19.5,61.4,19,72.8,37.5,0.0,-0.5,-0.866,10.98
RR-0303,28.9,49.9,13,79.0,45.6,439.2,-0.866,0.5,16.87
RR-0304,21.8,57.3,20,68.4,43.3,582.2,0.0,-1.0,7.71
RR-0305,30.6,47.0,15,75.3,42.4,447.4,0.5,-0.866,13.11
RR-0306,28.0,59.8,20,81.2,38.2,0.0,0.2588,-0.9659,12.0
RR-0307,21.1,72.0,18,45.4,45.6,148.0,-0.2588,-0.9659,10.32
RR-0308,17.5,61.1,17,82.0,27.9,446.2,-0.9659,-0.2588,7.8
RR-0309,20.5,75.4,17,56.6,42.2,482.8,-0.866,0.5,9.38
RR-0310,24.0,54.0,18,82.0,39.5,758.1,-0.2588,-0.9659,11.43
RR-0311,24.6,61.6,17,73.8,42.9,302.6,-1.0,-0.0,11.09
RR-0312,39.5,42.4,17,33.4,38.8,574.9,-0.866,-0.5,19.41
RR-0313,28.6,58.5,13,54.5,33.8,323.4,-0.2588,-0.9659,11.91
RR-0314,23.3,65.9,12,57.1,27.1,553.7,-0.5,-0.866,7.18
RR-0315,31.2,58.5,17,57.3,37.0,682.6,0.0,-1.0,13.97
RR-0316,24.4,50.8,11,51.8,38.2,182.8,-0.2588,-0.9659,9.57
RR-0317,21.8,61.5,14,34.9,42.5,250.9,0.7071,-0.7071,7.84
RR-0318,14.3,75.2,14,82.0,43.7,891.6,-0.9659,-0.2588,8.11
RR-0319,16.3,58.8,15,80.4,32.3,689.9,0.0,-1.0,8.14
RR-0320,28.4,49.9,15,82.0,39.5,201.3,-0.866,0.5,11.93
RR-0321,15.9,56.0,20,82.0,53.5,431.8,-0.866,0.5,8.93
RR-0322,26.3,60.9,17,56.1,39.3,542.7,-0.866,0.5,13.05
RR-0323,27.5,50.4,16,73.5,50.1,509.5,0.2588,-0.9659,10.73
RR-0324,10.5,57.2,23,82.0,55.4,542.2,-0.866,-0.5,9.08
RR-0325,17.2,53.1,20,69.1,50.1,842.2,0.0,-1.0,10.78
RR-0326,27.6,42.7,17,69.6,42.3,89.4,-0.866,-0.5,13.04
RR-0327,19.4,45.7,24,80.5,61.6,248.8,0.866,-0.5,12.48
RR-0328,22.9,44.4,15,72.3,28.4,232.4,-0.7071,-0.7071,12.05
RR-0329,18.4,52.1,18,53.9,43.7,137.7,-0.7071,-0.7071,11.51
RR-0330,26.6,63.9,21,54.4,46.1,818.6,-0.866,-0.5,11.74
RR-0331,20.7,60.8,22,82.0,40.5,690.7,-0.9659,0.2588,11.14
RR-0332,33.1,71.2,15,70.8,39.0,365.8,-0.9659,0.2588,20.89
RR-0333,21.6,46.8,18,82.0,41.1,233.0,0.0,-1.0,10.09
RR-0334,20.8,65.2,19,74.0,49.6,583.2,-0.866,-0.5,7.95
RR-0335,27.6,47.2,24,69.7,38.1,282.2,-0.9659,0.2588,15.74
RR-0336,20.1,58.7,18,42.8,34.3,474.7,-0.9659,0.2588,5.64
RR-0337,30.8,61.3,18,42.8,40.6,163.8,-0.7071,-0.7071,15.36
RR-0338,11.7,63.3,13,36.1,37.9,362.5,-0.7071,-0.7071,8.44
RR-0339,17.9,63.6,16,58.5,38.6,404.9,-0.5,-0.866,5.37
RR-0340,20.0,70.0,9,50.5,44.8,675.2,-0.866,0.5,11.35
RR-0341,28.6,44.1,18,68.1,37.0,206.6,0.5,-0.866,15.24
RR-0342,14.9,59.3,14,18.7,32.5,268.4,0.866,-0.5,9.48
RR-0343,29.2,35.4,23,40.9,55.0,455.9,-0.5,-0.866,13.81
RR-0344,13.9,73.1,15,82.0,26.8,525.4,0.5,-0.866,7.72
RR-0345,16.9,57.1,16,55.1,32.7,69.0,-1.0,-0.0,6.08
RR-0346,22.4,60.1,18,46.8,42.8,467.4,-0.9659,-0.2588,10.22
RR-0347,9.7,63.5,15,65.2,32.5,271.2,-0.9659,0.2588,9.47
RR-0348,22.9,59.8,12,52.6,33.4,170.4,-0.866,0.5,8.87
RR-0349,33.9,46.9,17,82.0,34.1,504.4,0.5,-0.866,18.23
RR-0350,32.0,60.0,14,82.0,32.3,270.8,-0.866,-0.5,17.92
RR-0351,34.2,50.0,18,48.0,48.4,149.9,-1.0,-0.0,19.93
RR-0352,27.3,49.6,17,73.5,40.9,359.3,-0.9659,0.2588,11.39
RR-0353,19.9,56.9,19,45.3,56.5,411.5,-0.866,0.5,8.8
RR-0354,35.3,60.5,19,62.6,48.7,839.6,0.5,-0.866,21.58
RR-0355,14.7,64.3,20,57.6,54.3,564.6,-0.866,0.5,11.35
RR-0356,27.8,41.4,11,58.0,47.4,466.1,-0.866,0.5,14.55
RR-0357,22.9,50.0,14,36.6,39.2,216.9,-0.2588,-0.9659,9.29
RR-0358,23.0,53.5,17,58.1,31.1,524.2,-0.5,-0.866,7.86
RR-0359,24.5,52.6,20,36.0,50.3,284.6,-0.9659,-0.2588,8.87
RR-0360,26.6,54.2,17,57.9,41.6,642.7,-0.2588,-0.9659,10.85
RR-0361,12.5,67.1,20,78.6,46.2,900.0,-0.9659,0.2588,12.73
RR-0362,28.0,53.8,16,82.0,45.3,283.5,-0.5,-0.866,12.48
RR-0363,19.7,47.3,17,23.5,35.5,430.8,-0.2588,-0.9659,6.91
RR-0364,28.5,52.1,23,37.8,30.2,437.8,0.5,-0.866,10.79
RR-0365,19.1,63.5,21,68.2,49.4,700.3,-0.9659,0.2588,6.45
RR-0366,18.7,60.1,13,54.8,45.2,667.8,-0.866,0.5,7.62
RR-0367,20.0,62.4,21,40.7,39.2,310.8,0.866,-0.5,9.37
RR-0368,14.3,61.9,27,82.0,57.2,456.5,0.866,-0.5,10.15
RR-0369,4.0,64.8,19,49.2,42.7,537.9,-1.0,-0.0,8.78
RR-0370,14.6,61.6,7,82.0,26.9,430.8,-0.866,-0.5,6.01
RR-0371,15.1,48.8,10,57.1,16.3,856.7,-0.9659,0.2588,10.51
RR-0372,22.2,59.8,27,52.7,57.2,424.0,-0.7071,-0.7071,12.64
RR-0373,24.4,53.7,28,81.0,49.8,572.7,-0.866,0.5,10.74
RR-0374,21.6,56.6,19,62.7,34.9,519.5,-0.2588,-0.9659,8.27
RR-0375,13.6,48.9,17,61.5,35.6,252.4,0.5,-0.866,9.86
RR-0376,5.5,63.3,13,48.1,21.9,329.8,-0.866,-0.5,9.75
RR-0377,4.0,64.2,26,82.0,39.5,560.7,-0.5,-0.866,11.18
RR-0378,10.9,64.9,12,82.0,30.8,101.3,-1.0,-0.0,10.01
RR-0379,22.8,46.0,20,66.1,37.9,778.7,-0.9659,0.2588,8.18
RR-0380,19.5,49.3,15,53.3,36.0,246.8,-0.2588,-0.9659,8.34
RR-0381,17.2,76.0,14,45.6,43.9,638.4,-0.5,-0.866,10.0
RR-0382,33.5,51.3,19,50.1,42.1,776.0,0.866,-0.5,15.26
RR-0383,29.0,55.2,22,82.0,45.0,535.3,-0.866,0.5,12.47
RR-0384,28.9,36.4,14,75.5,28.4,472.3,-0.9659,-0.2588,11.85
RR-0385,21.3,54.6,16,57.9,56.0,215.8,0.5,-0.866,8.01
RR-0386,25.8,57.5,17,82.0,28.0,411.5,0.866,-0.5,12.34
RR-0387,21.0,57.4,21,78.0,49.9,577.0,-0.866,0.5,13.86
RR-0388,26.6,63.8,18,49.6,45.2,754.7,-0.866,-0.5,13.66
RR-0389,24.0,64.6,24,77.7,47.0,740.5,-0.9659,0.2588,9.77
RR-0390,18.2,64.1,18,55.4,44.7,0.0,-0.866,-0.5,8.18
RR-0391,28.9,55.4,27,78.7,59.9,56.8,-0.9659,0.2588,10.84
RR-0392,26.5,60.0,23,76.4,44.7,461.1,0.5,-0.866,12.09
RR-0393,21.0,47.4,23,82.0,41.1,49.9,-0.9659,-0.2588,9.59
RR-0394,25.6,48.0,19,82.0,40.4,761.5,-0.9659,-0.2588,9.13
RR-0395,25.5,64.1,17,56.9,28.1,774.9,-0.2588,-0.9659,10.56
RR-0396,24.7,45.2,17,74.7,46.8,367.4,0.866,-0.5,8.3
RR-0397,23.0,39.9,11,82.0,32.1,683.1,0.0,-1.0,10.73
RR-0398,21.7,71.3,11,66.3,27.2,278.3,-0.7071,-0.7071,8.93
RR-0399,28.4,59.3,27,60.5,66.4,447.2,-0.7071,-0.7071,15.77
RR-0400,13.7,61.8,22,37.1,43.8,68.7,-0.866,0.5,8.2
RR-0401,6.1,60.4,24,46.2,50.0,473.5,-0.9659,0.2588,5.07
RR-0402,28.2,51.7,15,42.8,44.6,557.7,-0.9659,-0.2588,10.52
RR-0403,20.3,55.3,14,47.1,34.4,871.4,-0.9659,-0.2588,7.68
RR-0404,24.8,59.6,20,53.3,52.4,571.7,0.2588,-0.9659,14.04
RR-0405,24.3,53.9,19,34.2,44.8,761.5,-0.2588,-0.9659,8.69
RR-0406,16.9,54.6,26,82.0,55.7,301.0,-1.0,-0.0,5.5
RR-0407,20.0,63.8,20,59.5,37.4,509.3,0.5,-0.866,13.01
RR-0408,21.6,57.2,19,64.5,28.7,717.3,-0.9659,-0.2588,10.29
RR-0409,14.1,69.4,20,36.4,47.4,454.3,0.7071,-0.7071,10.05
RR-0410,19.2,59.0,16,64.2,36.5,900.0,-0.9659,0.2588,7.12
RR-0411,26.7,53.0,17,47.8,40.2,446.5,-1.0,-0.0,12.28
RR-0412,22.6,58.8,6,82.0,22.0,308.1,0.866,-0.5,6.47
RR-0413,28.2,58.4,21,82.0,45.7,360.7,-0.5,-0.866,16.32
RR-0414,13.5,67.9,15,41.5,38.1,217.9,0.2588,-0.9659,8.08
RR-0415,8.9,70.6,16,74.0,35.5,331.7,0.866,-0.5,8.09
RR-0416,23.8,53.9,14,56.3,46.8,455.2,-0.866,-0.5,8.15
RR-0417,16.9,54.3,20,53.5,29.4,490.5,0.5,-0.866,10.35
RR-0418,23.6,64.7,24,60.6,53.8,392.2,-0.7071,-0.7071,10.18
RR-0419,23.4,49.4,14,55.6,35.5,723.2,0.0,-1.0,10.63
RR-0420,28.2,53.3,14,60.9,35.3,197.7,-0.866,0.5,11.21
RR-0421,25.2,62.9,28,82.0,48.2,488.5,0.0,-1.0,15.96
RR-0422,26.3,42.8,22,46.7,39.1,226.0,-0.9659,-0.2588,10.29
RR-0423,30.8,62.2,18,82.0,36.0,740.9,0.2588,-0.9659,16.17
RR-0424,21.5,53.5,25,62.4,55.3,505.1,0.866,-0.5,10.35
RR-0425,22.7,51.1,11,18.0,31.6,372.0,-0.866,-0.5,5.44
RR-0426,26.2,57.5,14,72.5,39.3,462.2,0.0,-1.0,9.73
RR-0427,24.0,56.2,10,80.3,41.6,626.4,0.5,-0.866,7.69
RR-0428,27.2,64.4,14,82.0,40.3,304.7,-1.0,-0.0,11.92
RR-0429,26.2,54.7,17,82.0,41.0,121.4,-0.9659,-0.2588,13.65
RR-0430,18.3,63.9,13,65.2,30.5,472.9,-0.9659,0.2588,10.04
RR-0431,23.7,58.9,23,77.2,50.3,232.9,-0.9659,0.2588,10.91
RR-0432,19.7,66.2,16,43.8,46.5,452.8,-0.2588,-0.9659,8.28
RR-0433,17.9,54.5,16,52.5,40.8,794.3,-0.2588,-0.9659,8.59
RR-0434,21.8,57.6,17,65.7,60.9,185.9,-0.5,-0.866,11.26
RR-0435,29.3,49.0,21,18.0,37.5,367.1,-0.9659,0.2588,12.88
RR-0436,30.6,47.9,25,63.2,50.3,762.8,-0.2588,-0.9659,17.63
RR-0437,22.2,67.3,14,82.0,30.0,900.0,-0.866,0.5,9.13
RR-0438,23.0,55.6,16,65.7,48.4,883.6,-0.7071,-0.7071,9.92
RR-0439,7.4,69.9,23,58.2,56.4,636.6,-0.866,-0.5,11.88
RR-0440,20.9,57.4,17,26.1,52.9,900.0,-0.866,-0.5,8.44
RR-0441,30.1,44.8,19,42.5,44.7,279.1,-0.9659,-0.2588,13.71
RR-0442,16.6,60.7,17,64.4,37.1,352.3,0.2588,-0.9659,6.45
RR-0443,15.2,64.8,21,80.1,52.2,438.1,-0.2588,-0.9659,11.9
RR-0444,21.7,49.7,20,67.0,45.9,483.3,0.2588,-0.9659,11.74
RR-0445,30.8,52.2,12,68.1,41.0,464.9,-0.9659,0.2588,12.98
RR-0446,19.7,65.9,6,55.8,28.2,528.0,0.866,-0.5,10.22
RR-0447,37.2,47.0,10,60.6,35.4,564.6,-1.0,-0.0,21.52
RR-0448,22.8,49.3,19,70.1,52.9,159.4,-0.866,0.5,11.34
RR-0449,33.6,44.3,22,31.6,38.8,331.9,0.0,-1.0,18.71
RR-0450,16.4,64.9,15,82.0,45.6,731.2,0.2588,-0.9659,11.54
RR-0451,17.0,58.3,17,29.1,38.8,154.6,0.866,-0.5,8.58
RR-0452,26.2,54.4,14,34.8,32.3,327.7,-0.7071,-0.7071,10.53
RR-0453,21.4,52.1,14,33.9,37.7,714.7,-1.0,-0.0,5.88
RR-0454,17.7,66.0,22,42.9,46.6,548.4,0.7071,-0.7071,11.2
RR-0455,17.2,54.6,16,60.9,47.3,0.0,-0.5,-0.866,9.37
RR-0456,33.9,55.8,15,65.0,46.0,329.5,-0.866,-0.5,18.07
RR-0457,29.1,50.4,22,65.0,55.8,469.1,-0.5,-0.866,13.59
RR-0458,24.9,65.3,20,82.0,39.4,646.7,0.2588,-0.9659,16.29
RR-0459,29.8,47.7,15,61.7,28.4,726.8,0.7071,-0.7071,15.94
RR-0460,18.2,56.0,18,53.4,52.2,598.3,0.7071,-0.7071,10.58
RR-0461,31.0,56.1,22,56.0,42.6,443.6,-0.5,-0.866,13.56
RR-0462,26.4,61.2,13,82.0,32.3,0.0,-0.5,-0.866,10.6
RR-0463,15.7,58.8,25,81.8,49.5,278.2,0.866,-0.5,10.67
RR-0464,27.3,47.8,18,67.9,25.9,576.9,-0.9659,-0.2588,10.6
RR-0465,15.8,58.3,18,64.3,43.5,335.7,-0.866,0.5,9.42
RR-0466,23.5,62.0,16,82.0,37.6,420.8,-0.5,-0.866,11.22
RR-0467,34.2,49.9,17,53.7,51.1,157.6,-0.866,-0.5,14.0
RR-0468,24.6,53.1,12,63.7,37.5,271.1,0.2588,-0.9659,14.85
RR-0469,24.4,58.0,23,49.0,47.6,541.0,0.866,-0.5,9.48
RR-0470,31.2,49.6,23,60.6,50.0,575.8,-0.9659,-0.2588,18.37
RR-0471,25.5,47.1,15,71.0,33.6,133.0,-1.0,-0.0,9.87
RR-0472,12.1,68.6,21,75.1,34.0,518.0,-0.2588,-0.9659,10.28
RR-0473,22.7,71.6,18,70.2,45.1,443.9,-0.2588,-0.9659,7.18
RR-0474,21.1,57.2,22,40.4,47.6,136.7,-0.5,-0.866,9.69
RR-0475,17.9,57.6,23,63.0,47.1,28.7,-0.5,-0.866,9.88
RR-0476,21.9,63.9,18,65.4,37.1,611.9,0.7071,-0.7071,9.61
RR-0477,24.8,61.3,23,64.0,49.3,291.8,0.7071,-0.7071,9.6
RR-0478,20.5,63.5,19,44.7,47.4,119.1,0.0,-1.0,10.55
RR-0479,17.0,66.6,14,31.7,40.1,345.8,-0.9659,-0.2588,7.9
RR-0480,20.3,56.4,19,82.0,42.5,401.4,-0.2588,-0.9659,6.24
RR-0481,19.2,64.5,20,57.0,45.0,74.7,-0.866,-0.5,9.56
RR-0482,25.8,57.8,14,74.3,30.2,475.2,0.5,-0.866,13.61
RR-0483,19.1,48.6,15,66.7,37.7,14.0,-0.9659,-0.2588,7.04
RR-0484,27.3,57.4,17,82.0,39.6,490.6,-0.5,-0.866,11.01
RR-0485,22.4,51.8,22,61.9,27.8,643.3,0.5,-0.866,10.65
RR-0486,30.1,56.4,11,41.2,38.3,438.3,-0.2588,-0.9659,15.01
RR-0487,24.4,40.7,12,23.1,37.7,537.5,0.866,-0.5,13.84
RR-0488,33.2,41.9,16,24.2,46.4,900.0,-0.866,-0.5,16.94
RR-0489,11.0,65.7,15,44.5,46.3,892.9,-0.866,-0.5,7.32
RR-0490,14.7,61.6,19,29.3,46.2,767.5,-1.0,-0.0,7.91
RR-0491,24.7,50.3,12,47.0,41.1,626.4,-0.7071,-0.7071,10.34
RR-0492,30.2,54.5,23,78.9,57.4,280.6,0.2588,-0.9659,20.94
RR-0493,30.4,50.7,24,63.9,45.0,87.1,-1.0,-0.0,16.05
RR-0494,20.5,57.5,13,69.6,41.7,632.4,-0.866,-0.5,7.65
RR-0495,31.6,51.9,20,82.0,48.7,276.2,-0.9659,-0.2588,15.69
RR-0496,31.0,49.3,15,58.6,32.5,288.8,0.2588,-0.9659,12.15
RR-0497,35.0,53.6,14,82.0,27.6,537.9,-0.9659,-0.2588,21.06
RR-0498,23.3,54.6,9,76.9,19.9,573.8,-1.0,-0.0,10.56
RR-0499,25.2,58.8,16,53.8,43.4,612.6,0.7071,-0.7071,10.4
RR-0500,24.2,62.0,23,46.0,35.5,512.9,-0.866,0.5,12.6
RR-0501,19.2,48.4,8,48.0,33.8,360.2,0.7071,-0.7071,9.08
RR-0502,9.3,57.2,15,80.3,32.0,601.8,-0.2588,-0.9659,4.99
RR-0503,24.2,65.2,14,64.2,43.1,668.0,-0.5,-0.866,10.3
RR-0504,30.8,49.7,17,71.5,30.2,653.6,0.7071,-0.7071,14.96
RR-0505,15.7,46.2,22,47.6,42.0,656.7,0.2588,-0.9659,8.89
RR-0506,20.3,56.9,15,53.3,37.7,8.4,-0.9659,-0.2588,6.26
RR-0507,31.2,47.9,20,82.0,41.7,465.9,0.7071,-0.7071,18.88
RR-0508,22.2,58.3,21,40.9,43.4,228.9,0.5,-0.866,12.24
RR-0509,28.4,46.6,21,58.3,44.7,601.4,-0.2588,-0.9659,16.43
RR-0510,29.2,44.7,23,40.1,39.3,183.4,-0.2588,-0.9659,12.64
RR-0511,24.3,46.8,21,69.6,48.4,616.6,-0.5,-0.866,10.5
RR-0512,24.0,61.0,17,74.6,32.5,579.8,0.7071,-0.7071,8.5
RR-0513,20.6,57.9,11,64.1,36.0,461.3,-0.2588,-0.9659,8.77
RR-0514,26.8,55.9,23,69.2,43.8,900.0,-0.866,0.5,10.83
RR-0515,23.4,52.4,11,78.3,25.5,900.0,-0.866,0.5,7.63
RR-0516,18.4,61.6,21,64.8,52.4,342.2,-0.866,-0.5,10.37
RR-0517,23.8,62.6,21,41.0,54.3,130.1,0.2588,-0.9659,10.8
RR-0518,21.6,53.5,20,40.7,40.0,526.0,-0.5,-0.866,8.92
RR-0519,11.6,73.3,19,80.5,42.5,621.8,-0.866,-0.5,10.0
RR-0520,21.7,49.7,29,73.8,59.9,478.8,-0.2588,-0.9659,9.95
RR-0521,17.9,57.1,19,72.9,43.5,239.9,-0.2588,-0.9659,10.16
RR-0522,18.8,53.1,17,82.0,25.5,589.2,0.2588,-0.9659,7.11
RR-0523,41.0,48.2,15,74.5,24.0,267.9,0.866,-0.5,24.32
RR-0524,32.5,36.7,21,64.6,45.6,627.3,-0.2588,-0.9659,17.57
RR-0525,21.3,71.7,17,74.1,42.5,429.7,-0.7071,-0.7071,8.61
RR-0526,17.4,58.4,8,33.9,31.8,228.8,-0.7071,-0.7071,8.19
RR-0527,28.8,53.4,16,47.0,55.6,64.4,-0.866,-0.5,11.0
RR-0528,32.7,52.5,16,68.2,37.5,366.4,-0.5,-0.866,14.48
RR-0529,16.0,55.5,21,66.7,38.1,276.6,-0.5,-0.866,10.8
RR-0530,16.2,80.4,22,18.0,47.1,338.7,0.5,-0.866,12.74
RR-0531,22.2,59.4,26,36.4,54.2,310.9,-0.5,-0.866,10.34
RR-0532,12.6,56.6,19,64.6,58.1,407.3,-0.866,-0.5,9.14
RR-0533,33.3,48.1,19,58.7,37.1,131.0,-0.2588,-0.9659,19.12
RR-0534,31.4,69.2,21,40.1,43.9,132.2,0.0,-1.0,19.87
RR-0535,21.0,63.3,17,31.0,31.2,754.6,-0.866,-0.5,6.16
RR-0536,26.5,67.3,20,53.9,56.0,874.8,-0.5,-0.866,14.47
RR-0537,33.4,50.3,16,82.0,55.4,125.5,-0.866,-0.5,20.17
RR-0538,28.9,42.2,11,47.9,39.2,480.8,-0.9659,-0.2588,9.22
RR-0539,17.4,56.1,19,68.4,47.5,878.6,-0.7071,-0.7071,10.89
RR-0540,29.4,53.5,17,32.5,46.2,276.8,-1.0,-0.0,10.28
RR-0541,19.4,56.1,17,47.7,46.2,292.5,0.2588,-0.9659,6.79
RR-0542,25.0,38.6,18,57.5,38.3,298.5,-0.866,-0.5,10.9
RR-0543,19.0,68.1,16,37.3,47.9,574.6,-1.0,-0.0,10.22
RR-0544,20.2,57.3,20,82.0,44.0,698.7,-0.866,0.5,9.25
RR-0545,22.7,67.9,27,55.0,55.3,224.4,0.2588,-0.9659,11.66
RR-0546,22.8,44.1,20,59.6,46.6,368.6,-0.7071,-0.7071,8.43
RR-0547,13.7,63.0,22,67.0,54.1,212.6,-0.7071,-0.7071,10.27
RR-0548,20.1,47.4,19,80.2,42.8,490.8,0.2588,-0.9659,11.7
RR-0549,25.5,51.7,21,64.9,44.7,647.7,0.2588,-0.9659,10.24
RR-0550,21.1,52.9,20,39.7,39.7,392.9,-1.0,-0.0,6.99
RR-0551,16.4,66.9,17,68.8,40.1,390.6,-0.866,-0.5,10.15
RR-0552,20.1,61.2,23,40.5,50.4,645.8,0.866,-0.5,10.35
RR-0553,32.6,43.5,25,70.3,36.0,324.3,-0.9659,0.2588,18.11
RR-0554,18.8,64.1,17,44.6,39.3,607.0,-0.866,-0.5,4.64
RR-0555,18.1,55.0,19,18.0,43.1,90.2,-0.866,-0.5,6.46
RR-0556,14.1,60.9,22,68.4,37.7,336.6,0.0,-1.0,8.88
RR-0557,12.0,51.1,14,72.7,38.4,308.3,-0.866,-0.5,9.12
RR-0558,16.9,60.1,22,53.9,33.7,900.0,-0.5,-0.866,8.88
RR-0559,18.8,52.3,19,62.6,43.7,348.5,-0.9659,-0.2588,9.48
RR-0560,26.2,51.9,18,40.0,43.5,117.2,-0.866,-0.5,11.24
RR-0561,34.9,58.0,13,64.3,38.5,653.7,-0.5,-0.866,17.52
RR-0562,4.4,67.8,17,60.4,40.9,0.0,-0.866,-0.5,10.99
RR-0563,32.0,47.1,18,34.1,44.1,357.6,-0.866,0.5,14.38
RR-0564,34.9,63.9,24,51.9,49.9,404.0,-0.2588,-0.9659,18.43
RR-0565,26.1,51.7,18,56.1,38.1,444.3,-0.7071,-0.7071,12.06
RR-0566,25.5,51.3,21,82.0,44.0,718.9,0.5,-0.866,13.53
RR-0567,22.9,58.1,17,82.0,46.5,595.6,-0.9659,-0.2588,10.77
RR-0568,22.7,69.0,19,35.9,47.9,187.4,-0.866,0.5,7.91
RR-0569,25.2,49.0,20,82.0,47.7,612.5,0.7071,-0.7071,10.32
RR-0570,19.7,65.6,17,76.6,40.9,546.7,0.2588,-0.9659,10.44
RR-0571,31.9,56.5,16,78.7,35.0,613.3,-0.5,-0.866,17.95
RR-0572,27.6,57.8,12,80.9,35.2,561.4,-0.2588,-0.9659,12.46
RR-0573,17.8,64.3,16,23.7,58.6,429.1,0.5,-0.866,9.63
RR-0574,25.2,57.3,17,37.6,41.0,573.2,0.866,-0.5,12.09
RR-0575,34.0,42.9,14,66.9,50.5,555.2,-0.866,-0.5,17.93
RR-0576,25.8,44.5,23,55.3,42.9,249.4,-0.5,-0.866,12.0
RR-0577,13.9,43.7,15,82.0,34.3,478.9,-0.866,-0.5,8.96
RR-0578,16.2,49.5,21,72.5,37.6,296.5,0.7071,-0.7071,9.89
RR-0579,12.4,65.1,15,69.4,33.2,758.9,-0.9659,0.2588,8.09
RR-0580,41.0,30.2,25,48.4,40.7,500.5,-0.2588,-0.9659,29.79
RR-0581,36.1,55.4,13,28.8,42.3,115.0,0.2588,-0.9659,22.32
RR-0582,17.3,72.4,19,56.5,49.4,271.1,0.7071,-0.7071,13.11
RR-0583,15.3,69.0,21,59.6,54.4,769.3,-0.5,-0.866,12.08
RR-0584,20.8,51.6,14,82.0,39.8,443.0,0.866,-0.5,8.28
RR-0585,28.5,59.8,18,56.3,47.7,510.8,0.866,-0.5,13.68
RR-0586,15.4,70.2,17,75.0,52.4,548.1,0.2588,-0.9659,12.69
RR-0587,21.0,53.2,18,39.4,46.6,387.9,-1.0,-0.0,7.26
RR-0588,7.2,55.0,22,78.1,44.5,506.9,-0.9659,-0.2588,10.06
RR-0589,25.4,58.8,19,75.7,39.9,486.7,-0.2588,-0.9659,13.07
RR-0590,21.3,65.1,16,45.3,46.3,582.4,0.5,-0.866,12.06
RR-0591,31.0,62.1,24,69.4,61.1,714.6,-1.0,-0.0,17.2
RR-0592,15.9,50.4,19,73.6,52.8,521.8,0.2588,-0.9659,11.1
RR-0593,29.2,54.7,18,71.2,57.5,456.9,-0.866,-0.5,12.78
RR-0594,41.0,43.3,22,48.4,50.4,512.3,-0.5,-0.866,25.65
RR-0595,17.4,54.5,19,59.2,43.8,396.8,0.0,-1.0,12.47
RR-0596,20.8,65.9,11,49.5,24.3,586.8,0.5,-0.866,7.37
RR-0597,22.2,57.0,12,82.0,31.3,415.6,-0.866,0.5,11.37
RR-0598,21.4,53.0,25,42.1,55.8,3.0,-0.7071,-0.7071,9.19
RR-0599,22.9,54.9,22,35.9,44.9,582.8,0.7071,-0.7071,8.65
RR-0600,22.8,59.2,24,81.0,53.8,440.7,-0.866,-0.5,9.88
RR-0601,21.8,60.7,12,33.2,48.3,487.8,-0.5,-0.866,8.27
RR-0602,18.5,45.9,13,35.1,32.7,770.0,-0.7071,-0.7071,6.16
RR-0603,10.5,68.6,13,72.9,40.0,440.2,-1.0,-0.0,9.7
RR-0604,28.2,51.1,14,80.5,33.8,274.3,-0.9659,0.2588,13.57
RR-0605,26.4,61.0,15,76.6,35.6,577.6,0.5,-0.866,11.8
RR-0606,18.9,65.2,13,48.4,35.1,450.2,0.7071,-0.7071,9.57
RR-0607,18.0,55.7,16,82.0,46.2,254.4,0.7071,-0.7071,6.98
RR-0608,18.4,56.0,17,49.8,41.7,318.6,-0.866,-0.5,6.97
RR-0609,27.1,46.2,18,49.0,44.5,570.6,-0.7071,-0.7071,10.45
RR-0610,34.6,52.6,17,67.5,41.0,546.0,-0.866,0.5,17.18
RR-0611,22.9,54.6,18,32.2,42.8,391.6,-0.2588,-0.9659,6.63
RR-0612,34.2,46.7,17,40.5,45.2,710.3,-0.9659,0.2588,18.01
RR-0613,24.8,55.1,14,48.3,34.8,479.6,0.866,-0.5,9.26
RR-0614,24.8,47.4,17,43.6,29.5,448.6,-0.866,0.5,11.05
RR-0615,39.8,44.7,23,56.5,44.3,316.4,-0.9659,-0.2588,24.31
RR-0616,27.9,54.4,14,64.5,52.0,465.8,-1.0,-0.0,13.11
RR-0617,41.0,52.8,15,38.0,35.4,133.0,-0.7071,-0.7071,28.2
RR-0618,33.1,53.6,11,46.3,38.3,502.7,0.5,-0.866,17.09
RR-0619,8.6,59.5,16,62.4,38.5,553.2,-0.7071,-0.7071,6.4
RR-0620,18.7,77.4,26,82.0,41.5,456.1,0.5,-0.866,13.59
RR-0621,30.3,50.2,24,82.0,44.9,152.2,-0.866,-0.5,16.69
RR-0622,25.0,64.1,10,52.9,34.7,379.0,-0.866,0.5,11.13
RR-0623,25.4,58.1,24,39.8,40.2,685.2,-0.5,-0.866,11.01
RR-0624,23.2,61.9,15,73.4,27.5,432.3,-0.7071,-0.7071,9.05
RR-0625,18.2,73.4,17,73.5,31.3,402.8,0.7071,-0.7071,8.34
RR-0626,23.6,63.3,11,48.1,24.7,283.4,-0.7071,-0.7071,9.63
RR-0627,16.7,60.3,12,62.3,39.2,368.1,-0.2588,-0.9659,8.06
RR-0628,19.1,67.0,11,69.0,17.9,272.4,0.7071,-0.7071,13.24
RR-0629,22.0,60.5,21,70.5,41.8,350.0,0.866,-0.5,11.54
RR-0630,22.1,57.2,22,58.4,45.6,449.1,0.2588,-0.9659,9.22
RR-0631,29.1,48.4,16,66.1,42.3,644.8,-0.9659,0.2588,14.44
RR-0632,23.3,53.7,16,75.8,42.9,445.2,-0.2588,-0.9659,7.79
RR-0633,15.8,74.6,21,18.0,41.9,389.6,0.0,-1.0,6.26
RR-0634,15.5,66.5,12,39.7,37.7,134.8,0.7071,-0.7071,9.48
RR-0635,22.8,65.5,19,69.6,36.9,824.2,-0.7071,-0.7071,9.33
RR-0636,33.6,60.7,15,42.2,45.3,349.6,-0.9659,-0.2588,17.11
RR-0637,21.1,64.7,21,82.0,45.6,310.1,-1.0,-0.0,8.34
RR-0638,6.0,64.8,20,38.3,40.1,636.6,-0.7071,-0.7071,8.16
RR-0639,22.5,49.8,20,82.0,45.2,264.6,-0.866,-0.5,8.47
RR-0640,31.2,45.8,14,59.9,33.8,283.4,0.5,-0.866,13.19
RR-0641,29.4,62.5,25,44.4,54.2,431.6,0.7071,-0.7071,11.68
RR-0642,17.8,56.5,19,81.3,43.3,0.0,0.866,-0.5,12.13
RR-0643,18.4,65.9,15,60.0,48.6,313.3,0.5,-0.866,10.97
RR-0644,11.4,63.9,18,18.4,41.9,514.4,-0.9659,0.2588,7.93
RR-0645,27.9,48.7,15,37.2,40.9,484.0,0.866,-0.5,12.78
RR-0646,32.3,38.9,20,55.2,42.2,337.1,0.866,-0.5,14.88
RR-0647,21.8,62.3,13,82.0,39.3,0.0,-0.5,-0.866,11.17
RR-0648,22.5,57.0,17,78.9,53.7,353.4,0.7071,-0.7071,13.21
RR-0649,27.9,62.1,16,80.3,32.1,900.0,-0.2588,-0.9659,10.81
RR-0650,39.2,58.0,22,70.5,54.0,368.4,-0.9659,0.2588,25.13
RR-0651,23.2,42.7,18,78.4,41.7,0.0,-1.0,-0.0,8.68
RR-0652,36.5,44.5,10,77.0,38.2,715.9,-0.5,-0.866,19.22
RR-0653,28.8,55.4,6,58.2,42.4,553.9,-0.7071,-0.7071,11.11
RR-0654,32.4,55.2,19,77.4,50.1,0.0,-0.866,-0.5,18.31
RR-0655,22.6,58.3,19,69.3,50.4,708.9,0.0,-1.0,9.05
RR-0656,25.8,64.3,16,72.0,34.0,275.8,0.2588,-0.9659,12.47
RR-0657,14.8,50.0,17,61.6,48.6,405.5,-0.9659,0.2588,10.67
RR-0658,32.4,44.5,16,72.5,35.8,590.9,-0.5,-0.866,19.34
RR-0659,22.5,57.2,23,31.8,64.1,708.8,-0.2588,-0.9659,12.73
RR-0660,28.2,45.7,13,50.8,44.1,459.0,0.2588,-0.9659,14.15
RR-0661,24.1,45.3,13,80.7,29.7,684.0,-0.866,-0.5,7.98
RR-0662,25.1,58.5,22,74.2,56.6,577.0,-0.866,-0.5,10.54
RR-0663,23.2,51.3,24,82.0,40.5,297.6,0.2588,-0.9659,8.86
RR-0664,26.4,64.3,19,60.3,33.0,479.7,0.7071,-0.7071,14.57
RR-0665,12.5,65.5,14,81.7,29.6,583.0,0.2588,-0.9659,8.04
RR-0666,33.8,47.3,18,73.2,35.6,451.2,0.0,-1.0,16.0
RR-0667,18.1,53.3,14,55.5,35.1,900.0,-0.866,-0.5,7.83
RR-0668,29.3,50.0,17,77.7,40.5,900.0,0.0,-1.0,17.19
RR-0669,28.7,42.1,16,51.0,48.7,391.5,-1.0,-0.0,14.64
RR-0670,12.2,69.4,19,67.5,36.7,373.3,-0.9659,-0.2588,11.38
RR-0671,25.5,53.5,23,55.2,46.8,192.9,-0.9659,0.2588,12.39
RR-0672,36.3,44.6,12,44.3,30.9,630.0,-0.866,-0.5,21.0
RR-0673,25.2,55.3,9,42.3,25.3,0.0,0.2588,-0.9659,11.59
RR-0674,11.2,64.0,20,55.6,55.9,191.2,0.0,-1.0,10.71
RR-0675,18.6,55.3,13,50.1,21.5,418.0,-0.2588,-0.9659,4.11
RR-0676,13.0,58.8,12,47.6,28.2,299.0,-1.0,-0.0,4.71
RR-0677,20.2,64.5,19,82.0,46.7,0.0,-1.0,-0.0,12.23
RR-0678,29.4,68.2,15,66.9,33.0,0.0,-0.5,-0.866,11.91
RR-0679,24.4,49.1,18,55.1,39.6,49.8,0.7071,-0.7071,12.07
RR-0680,25.1,54.4,21,43.0,44.1,192.7,-1.0,-0.0,13.76
RR-0681,17.8,56.9,23,70.9,48.9,427.7,-1.0,-0.0,10.35
RR-0682,31.3,58.0,18,82.0,45.6,441.5,-0.5,-0.866,18.18
RR-0683,23.1,68.4,23,72.4,51.8,602.7,0.5,-0.866,12.15
RR-0684,26.5,42.9,22,57.6,47.8,789.9,-0.9659,-0.2588,9.01
RR-0685,31.4,40.5,16,57.2,40.9,443.4,-1.0,-0.0,16.68
RR-0686,36.3,53.3,21,47.5,37.1,351.1,0.866,-0.5,23.44
RR-0687,20.8,61.2,21,82.0,36.5,240.0,-0.9659,0.2588,8.31
RR-0688,28.9,44.7,15,77.5,32.0,226.9,-0.9659,-0.2588,11.33
RR-0689,22.8,59.0,16,82.0,41.2,445.4,0.866,-0.5,11.85
RR-0690,17.0,53.8,10,56.7,22.6,539.8,-0.9659,-0.2588,6.91
RR-0691,21.3,56.6,14,50.3,38.8,249.8,-1.0,-0.0,8.22
RR-0692,30.0,54.5,17,82.0,42.7,395.5,-0.866,0.5,13.03
RR-0693,27.0,59.3,18,79.8,42.7,200.5,-0.9659,0.2588,10.68
RR-0694,18.1,76.5,13,82.0,41.4,573.9,-0.2588,-0.9659,12.1
RR-0695,18.1,59.4,20,82.0,43.1,445.2,-0.5,-0.866,9.35
RR-0696,16.1,65.9,14,37.3,41.8,826.8,-0.5,-0.866,10.51
RR-0697,10.6,50.8,12,68.1,38.8,540.3,0.5,-0.866,9.71
RR-0698,39.0,51.1,17,60.4,36.9,460.6,0.5,-0.866,21.48
RR-0699,32.4,30.3,18,37.1,49.2,514.8,-0.9659,-0.2588,16.13
RR-0700,31.9,56.0,26,18.0,57.4,430.1,-1.0,-0.0,15.5
RR-0701,31.5,60.1,15,53.2,38.2,554.0,-1.0,-0.0,14.21
RR-0702,25.2,37.8,21,46.1,32.9,272.1,-0.5,-0.866,13.6
RR-0703,19.2,62.7,13,59.8,37.9,445.7,-1.0,-0.0,7.4
RR-0704,4.0,61.6,12,82.0,34.7,579.3,-0.7071,-0.7071,7.26
RR-0705,26.3,61.3,22,66.2,50.4,782.0,0.7071,-0.7071,11.89
RR-0706,13.3,67.3,23,48.1,36.5,900.0,-0.9659,-0.2588,8.06
RR-0707,24.2,60.5,22,67.6,56.4,549.4,-0.866,0.5,10.06
RR-0708,14.6,47.3,20,48.1,55.4,136.9,-0.7071,-0.7071,7.58
RR-0709,19.7,51.5,19,38.5,42.0,374.5,-0.2588,-0.9659,9.47
RR-0710,19.3,59.4,17,67.1,36.9,467.4,-0.866,-0.5,9.94
RR-0711,28.8,40.6,27,18.4,56.7,589.6,-0.866,-0.5,13.68
RR-0712,9.7,56.9,21,79.3,42.8,146.0,-0.9659,0.2588,7.83
RR-0713,23.1,58.4,23,82.0,39.3,270.2,-0.5,-0.866,9.46
RR-0714,13.6,69.4,15,33.4,34.3,789.7,-1.0,-0.0,9.69
RR-0715,16.9,55.8,24,34.2,49.0,393.3,-0.866,-0.5,6.39
RR-0716,19.0,61.6,16,66.4,44.1,344.6,0.5,-0.866,6.46
RR-0717,23.6,63.4,18,61.5,45.3,900.0,-0.9659,-0.2588,8.23
RR-0718,16.6,65.5,16,82.0,30.8,346.0,0.0,-1.0,10.41
RR-0719,20.9,56.9,24,59.6,42.8,258.8,-0.866,0.5,8.38
RR-0720,32.0,53.7,14,72.7,36.0,651.0,-0.866,0.5,15.9
RR-0721,14.6,64.0,16,39.2,42.7,0.0,-0.9659,-0.2588,7.31
RR-0722,33.9,48.8,26,66.9,51.1,137.8,0.866,-0.5,19.92
RR-0723,14.0,47.2,20,82.0,62.5,479.9,-0.2588,-0.9659,8.54
RR-0724,32.1,38.6,19,69.5,39.7,340.4,-0.7071,-0.7071,15.55
RR-0725,31.5,41.4,27,60.0,59.7,269.2,-1.0,-0.0,19.02
RR-0726,26.6,60.3,15,41.2,33.0,470.5,-1.0,-0.0,12.13
RR-0727,16.5,68.8,20,61.9,46.4,217.3,0.2588,-0.9659,9.66
RR-0728,28.5,46.3,13,34.7,35.0,146.3,0.2588,-0.9659,13.82
RR-0729,11.3,61.9,11,45.7,35.7,358.8,0.866,-0.5,8.26
RR-0730,16.4,47.3,16,64.0,43.4,701.1,0.7071,-0.7071,10.47
RR-0731,20.9,58.5,22,37.7,52.7,452.8,0.0,-1.0,7.12
RR-0732,27.0,53.8,15,50.2,39.6,203.6,0.2588,-0.9659,10.06
RR-0733,24.9,47.0,19,55.4,41.5,381.8,-0.866,-0.5,8.67
RR-0734,23.6,65.9,19,71.3,39.6,473.1,0.0,-1.0,6.37
RR-0735,25.9,57.3,16,35.6,36.5,341.0,0.2588,-0.9659,8.39
RR-0736,22.5,46.6,26,82.0,53.2,713.9,0.2588,-0.9659,10.9
RR-0737,29.2,48.8,21,81.4,53.5,420.6,-0.2588,-0.9659,14.72
RR-0738,29.8,49.6,22,52.7,38.2,622.0,-0.9659,-0.2588,13.7
RR-0739,26.7,52.5,15,73.0,35.2,0.0,-0.2588,-0.9659,9.84
RR-0740,22.6,60.6,13,82.0,31.7,491.0,-0.2588,-0.9659,9.49
RR-0741,24.3,66.4,18,52.2,33.0,580.3,-1.0,-0.0,11.48
RR-0742,27.5,42.7,16,78.7,31.0,358.0,-1.0,-0.0,9.83
RR-0743,14.4,66.6,17,64.7,46.2,454.4,-0.5,-0.866,5.32
RR-0744,21.4,51.9,21,82.0,35.2,299.5,0.2588,-0.9659,10.9
RR-0745,5.9,70.9,16,21.7,43.9,438.9,0.866,-0.5,9.28
RR-0746,22.0,61.1,18,51.3,37.1,691.8,0.5,-0.866,8.46
RR-0747,16.6,59.1,17,48.9,54.5,286.8,-1.0,-0.0,9.38
RR-0748,23.6,51.7,18,42.8,34.1,609.6,0.866,-0.5,10.05
RR-0749,8.8,62.4,23,34.6,45.8,0.0,-0.7071,-0.7071,8.53
RR-0750,21.7,48.1,19,47.9,56.9,40.7,-0.9659,0.2588,11.34
RR-0751,33.8,63.4,18,47.4,56.0,442.8,-0.7071,-0.7071,19.66
RR-0752,25.6,53.5,12,82.0,33.5,561.7,-0.7071,-0.7071,8.51
RR-0753,8.7,63.3,19,68.3,40.9,41.6,-0.866,0.5,7.52
RR-0754,17.5,58.2,21,82.0,43.6,186.7,0.5,-0.866,11.11
RR-0755,31.5,59.4,22,61.9,45.6,204.9,0.0,-1.0,18.2
RR-0756,28.7,63.6,14,55.9,26.3,334.8,-0.9659,0.2588,11.13
RR-0757,20.6,59.8,13,24.7,38.8,43.9,-0.7071,-0.7071,8.07
RR-0758,10.6,61.0,18,70.8,39.9,547.7,0.0,-1.0,8.8
RR-0759,28.3,52.5,21,55.6,52.4,439.6,0.866,-0.5,16.37
RR-0760,24.4,67.9,23,55.8,58.2,120.7,-1.0,-0.0,9.07
RR-0761,29.3,48.3,12,53.0,29.5,417.6,-0.9659,-0.2588,13.22
RR-0762,30.2,62.5,11,74.9,31.2,563.7,-0.866,-0.5,15.62
RR-0763,16.6,58.5,15,43.1,33.7,207.5,0.7071,-0.7071,8.53
RR-0764,25.1,60.3,12,63.2,35.9,570.8,-1.0,-0.0,9.27
RR-0765,31.2,53.7,18,49.0,43.0,392.9,0.866,-0.5,16.13
RR-0766,9.6,61.5,15,38.2,26.2,346.9,-1.0,-0.0,7.28
RR-0767,20.1,56.5,14,68.9,38.1,255.8,0.5,-0.866,8.86
RR-0768,24.7,51.0,33,44.2,61.8,561.0,-0.2588,-0.9659,10.55
RR-0769,17.7,73.9,18,66.1,59.5,1.4,0.0,-1.0,11.03
RR-0770,5.4,57.8,11,58.1,46.2,483.3,-0.2588,-0.9659,9.66
RR-0771,25.4,52.9,24,70.7,52.2,830.1,-0.866,0.5,16.22
RR-0772,36.8,34.9,9,82.0,17.9,388.8,-0.866,-0.5,20.84
RR-0773,28.6,43.0,16,49.3,44.1,489.3,-0.9659,-0.2588,14.99
RR-0774,7.5,68.5,18,54.7,39.7,510.0,-0.9659,-0.2588,8.27
RR-0775,18.3,69.1,18,52.8,41.9,876.7,0.5,-0.866,8.1
RR-0776,16.8,58.3,21,43.7,47.5,164.5,0.7071,-0.7071,8.61
RR-0777,14.3,59.4,18,75.2,36.4,900.0,-0.9659,-0.2588,6.92
RR-0778,23.5,52.6,22,60.9,37.1,512.4,-0.2588,-0.9659,11.19
RR-0779,32.8,54.6,19,37.4,44.2,511.9,0.7071,-0.7071,19.78
RR-0780,25.5,61.7,10,73.9,29.9,431.3,-0.866,-0.5,9.23
RR-0781,18.3,59.0,22,60.5,48.4,528.3,0.0,-1.0,10.27
RR-0782,28.9,58.7,19,82.0,42.9,252.6,-0.866,0.5,15.69
RR-0783,24.9,54.6,25,53.1,61.4,732.2,-0.7071,-0.7071,12.5
RR-0784,27.0,53.3,12,82.0,28.9,252.1,0.866,-0.5,11.91
RR-0785,19.9,60.8,11,35.6,31.2,369.8,-0.866,-0.5,7.6
RR-0786,32.6,46.7,21,46.9,46.6,239.1,-0.9659,0.2588,15.84
RR-0787,17.2,51.6,20,65.4,46.1,714.5,0.2588,-0.9659,9.01
RR-0788,25.1,47.5,6,55.3,33.5,281.8,0.866,-0.5,10.27
RR-0789,37.4,33.0,15,59.9,33.2,344.0,0.7071,-0.7071,20.92
RR-0790,24.6,67.6,21,71.9,44.9,664.5,-0.2588,-0.9659,14.39
RR-0791,24.8,52.1,21,82.0,48.6,660.3,-0.866,-0.5,10.56
RR-0792,21.2,47.0,8,70.3,27.9,218.2,0.2588,-0.9659,8.21
RR-0793,29.2,59.4,20,18.0,24.2,0.0,-0.7071,-0.7071,10.98
RR-0794,25.8,51.9,20,18.0,29.5,248.5,-1.0,-0.0,9.98
RR-0795,14.4,65.6,21,37.5,52.1,100.6,-0.7071,-0.7071,10.18
RR-0796,14.9,52.4,18,64.5,51.4,363.7,0.866,-0.5,11.18
RR-0797,20.2,51.7,20,68.6,45.2,898.4,-0.866,0.5,9.08
RR-0798,32.9,58.4,14,53.7,31.2,451.9,0.0,-1.0,15.91
RR-0799,32.2,53.2,15,40.7,41.0,367.9,0.0,-1.0,18.87
RR-0800,26.8,48.0,25,67.3,58.6,522.2,-0.9659,0.2588,15.25
RR-0801,18.1,57.1,15,56.7,39.2,425.5,0.866,-0.5,8.48
RR-0802,24.9,59.8,19,55.5,52.6,705.0,0.7071,-0.7071,16.49
RR-0803,31.6,55.4,17,62.6,52.7,412.3,-1.0,-0.0,14.34
RR-0804,26.5,58.1,21,82.0,42.6,459.3,0.0,-1.0,9.93
RR-0805,15.0,62.5,21,58.0,50.2,661.7,0.0,-1.0,7.04
RR-0806,36.0,47.5,19,63.4,47.0,217.3,0.866,-0.5,20.66
RR-0807,31.0,59.4,20,49.4,42.8,470.3,-1.0,-0.0,17.86
RR-0808,14.4,58.7,11,60.1,36.5,183.5,0.7071,-0.7071,9.28
RR-0809,39.1,52.4,21,18.0,46.8,162.3,-0.9659,-0.2588,21.63
RR-0810,31.2,45.4,26,70.5,46.2,74.1,-0.7071,-0.7071,16.99
RR-0811,21.6,43.6,19,49.2,54.1,728.9,0.7071,-0.7071,9.46
RR-0812,25.6,45.7,12,62.3,39.8,470.7,-0.2588,-0.9659,9.39
RR-0813,32.3,51.4,21,82.0,39.5,294.3,0.2588,-0.9659,17.71
RR-0814,21.5,69.7,17,48.8,43.0,577.2,-1.0,-0.0,7.0
RR-0815,27.7,62.1,20,62.3,40.8,400.5,-0.9659,-0.2588,10.86
RR-0816,28.4,51.1,21,72.2,35.8,560.0,-0.9659,0.2588,11.64
RR-0817,29.9,49.7,16,54.7,37.3,380.6,0.0,-1.0,15.07
RR-0818,8.5,59.0,18,82.0,33.2,372.9,-0.7071,-0.7071,9.28
RR-0819,31.0,51.6,14,48.0,29.3,308.8,0.5,-0.866,16.82
RR-0820,24.7,54.7,22,72.5,47.2,542.5,-1.0,-0.0,12.44
RR-0821,21.0,64.0,11,28.1,39.5,642.7,-0.9659,-0.2588,7.66
RR-0822,17.7,61.5,22,22.8,55.6,595.3,0.5,-0.866,12.16
RR-0823,28.8,61.3,29,39.2,56.8,0.0,-0.7071,-0.7071,14.77
RR-0824,24.1,59.2,22,82.0,50.3,113.9,-0.7071,-0.7071,12.06
RR-0825,11.1,59.4,22,76.0,47.9,205.6,0.5,-0.866,11.13
RR-0826,14.7,61.4,18,53.2,33.3,632.9,0.7071,-0.7071,8.89
RR-0827,9.4,67.2,10,71.5,25.2,304.8,-0.2588,-0.9659,7.42
RR-0828,31.0,55.6,10,81.3,29.4,544.0,0.866,-0.5,13.91
RR-0829,22.3,55.1,18,63.7,46.3,242.2,-1.0,-0.0,8.32
RR-0830,36.8,50.9,14,65.9,27.3,630.6,0.2588,-0.9659,16.52
RR-0831,27.9,53.2,14,64.1,48.2,368.8,-0.2588,-0.9659,12.89
RR-0832,23.1,59.6,20,76.3,45.8,468.4,-0.9659,-0.2588,9.62
RR-0833,28.2,52.2,15,82.0,43.6,673.0,0.0,-1.0,13.54
RR-0834,22.3,58.5,12,39.8,31.6,610.6,-0.5,-0.866,8.79
RR-0835,18.1,64.5,17,82.0,48.1,359.4,0.2588,-0.9659,11.81
RR-0836,20.6,59.0,15,65.0,41.9,900.0,0.866,-0.5,11.72
RR-0837,19.8,54.8,21,59.1,41.9,421.9,-0.866,-0.5,7.72
RR-0838,27.4,48.3,12,27.5,21.7,290.7,-0.9659,-0.2588,8.12
RR-0839,34.3,44.2,20,69.2,47.7,442.4,-0.2588,-0.9659,21.02
RR-0840,34.1,47.1,20,68.2,43.7,214.6,-0.866,-0.5,17.84
RR-0841,17.7,47.8,17,52.4,44.3,561.5,-0.7071,-0.7071,7.94
RR-0842,22.0,48.0,13,43.5,47.1,572.7,0.866,-0.5,9.53
RR-0843,20.6,61.9,13,82.0,28.6,213.9,-0.9659,0.2588,7.59
RR-0844,7.0,69.6,15,51.4,42.5,474.4,-0.9659,0.2588,10.0
RR-0845,28.7,52.6,22,49.2,53.9,435.4,-0.866,0.5,16.35
RR-0846,26.2,50.2,19,82.0,46.0,604.0,0.7071,-0.7071,14.05
RR-0847,22.7,60.2,22,77.3,52.1,404.4,0.2588,-0.9659,11.34
RR-0848,30.7,49.0,15,47.8,40.6,766.9,-0.2588,-0.9659,12.19
RR-0849,5.9,73.1,21,58.0,42.1,266.8,0.5,-0.866,10.06
RR-0850,20.4,55.4,25,27.4,49.5,873.0,0.5,-0.866,9.24
RR-0851,23.3,59.9,20,72.9,35.0,396.6,-0.5,-0.866,9.25
RR-0852,28.2,54.1,13,74.3,26.6,651.8,0.2588,-0.9659,14.28
RR-0853,4.0,69.8,21,61.6,42.4,307.0,-0.866,-0.5,6.55
RR-0854,19.2,64.0,17,82.0,45.1,616.3,-0.9659,0.2588,10.54
RR-0855,23.1,59.7,22,60.6,48.4,245.7,0.2588,-0.9659,8.74
RR-0856,11.3,58.6,12,57.2,34.7,93.8,0.2588,-0.9659,9.39
RR-0857,25.3,57.8,16,24.9,47.3,57.0,0.7071,-0.7071,9.53
RR-0858,10.8,75.0,14,59.9,37.3,463.8,0.7071,-0.7071,10.94
RR-0859,34.6,46.3,12,48.5,39.7,21.6,-1.0,-0.0,16.08
RR-0860,21.5,57.1,18,55.5,38.5,386.3,-0.866,-0.5,6.23
RR-0861,19.7,53.3,13,64.7,38.4,672.3,-0.9659,0.2588,8.08
RR-0862,8.9,72.9,20,80.7,62.9,159.1,-0.866,0.5,11.86
RR-0863,16.9,50.3,23,33.5,53.3,120.8,-0.9659,-0.2588,7.64
RR-0864,17.2,63.4,15,46.5,41.9,180.3,-1.0,-0.0,9.58
RR-0865,30.1,43.9,21,82.0,29.7,614.6,-0.5,-0.866,15.94
RR-0866,30.7,53.8,20,21.6,46.1,316.3,-0.5,-0.866,15.14
RR-0867,39.6,44.2,19,64.8,46.2,588.1,-1.0,-0.0,22.04
RR-0868,28.7,53.0,24,62.6,51.6,585.4,0.5,-0.866,15.58
RR-0869,25.6,53.6,18,48.7,30.2,0.0,0.5,-0.866,9.53
RR-0870,18.5,75.4,16,72.9,42.7,863.0,-0.866,-0.5,11.13
RR-0871,19.1,53.5,19,82.0,40.9,542.3,-0.2588,-0.9659,8.6
RR-0872,33.9,46.9,22,72.5,56.6,666.5,0.7071,-0.7071,21.34
RR-0873,10.2,58.6,20,82.0,35.8,255.7,-0.866,0.5,6.16
RR-0874,22.0,67.0,17,65.5,45.4,0.0,-0.5,-0.866,10.46
RR-0875,17.3,65.9,12,61.5,40.4,374.1,-0.7071,-0.7071,7.32
RR-0876,15.7,57.7,14,43.9,28.2,559.5,-0.2588,-0.9659,9.48
RR-0877,20.2,58.6,10,60.2,32.7,532.5,-1.0,-0.0,6.14
RR-0878,24.3,63.1,20,18.0,45.9,541.6,-0.9659,-0.2588,10.12
RR-0879,14.9,54.0,20,32.5,65.7,514.1,0.5,-0.866,8.06
RR-0880,21.6,41.8,20,40.2,41.2,199.6,0.7071,-0.7071,6.49
RR-0881,40.1,55.4,16,62.1,38.2,123.9,0.866,-0.5,21.55
RR-0882,20.2,55.8,19,64.0,38.9,479.2,0.7071,-0.7071,7.07
RR-0883,12.6,63.4,24,64.9,48.4,687.2,-0.2588,-0.9659,8.01
RR-0884,17.6,61.6,26,67.1,51.4,384.8,-0.7071,-0.7071,13.31
RR-0885,20.4,57.2,19,52.9,37.7,37.3,0.5,-0.866,10.11
RR-0886,25.2,61.0,18,79.2,41.6,677.2,-0.5,-0.866,11.43
RR-0887,20.0,58.0,13,60.7,34.0,414.4,-0.866,-0.5,7.17
RR-0888,11.0,55.2,18,59.8,35.5,0.0,-0.866,0.5,10.18
RR-0889,28.4,52.7,23,69.1,38.6,470.6,0.866,-0.5,12.91
RR-0890,19.7,50.7,14,82.0,33.9,205.5,-0.9659,0.2588,10.09
RR-0891,28.5,50.7,18,18.0,47.7,333.4,-0.7071,-0.7071,10.72
RR-0892,17.9,64.8,19,48.4,42.9,468.1,-0.9659,0.2588,8.6
RR-0893,30.4,48.9,23,61.7,42.0,331.5,-0.7071,-0.7071,14.24
RR-0894,33.5,46.4,19,55.0,37.9,524.1,0.0,-1.0,18.02
RR-0895,16.3,60.9,21,62.5,55.7,284.7,0.0,-1.0,12.13
RR-0896,25.2,51.2,20,68.6,61.2,87.7,-0.7071,-0.7071,12.55
RR-0897,28.6,59.6,12,59.0,45.4,622.5,-0.9659,0.2588,10.86
RR-0898,22.3,69.3,20,82.0,35.1,482.8,-1.0,-0.0,11.23
RR-0899,36.3,54.6,20,68.0,38.0,642.9,-0.9659,-0.2588,19.5
RR-0900,19.2,61.1,20,70.0,49.6,594.3,-0.9659,0.2588,11.8
RR-0901,27.5,53.0,13,82.0,24.7,542.4,-0.7071,-0.7071,10.06
RR-0902,21.2,55.4,15,68.1,45.8,64.8,0.5,-0.866,10.36
RR-0903,32.4,52.3,21,82.0,50.6,143.0,-0.866,0.5,16.41
RR-0904,29.2,50.7,25,67.1,49.2,448.0,-1.0,-0.0,17.65
RR-0905,30.5,66.4,28,82.0,60.2,848.9,-0.9659,0.2588,18.54
RR-0906,19.0,56.3,16,74.0,39.7,616.7,0.866,-0.5,7.01
RR-0907,15.5,79.0,19,52.6,50.4,325.7,-0.5,-0.866,11.45
RR-0908,23.6,55.7,12,63.6,30.2,298.7,0.0,-1.0,10.53
RR-0909,29.8,52.2,14,82.0,31.4,521.2,-0.7071,-0.7071,14.28
RR-0910,34.2,53.8,11,63.7,31.0,313.6,0.0,-1.0,17.51
RR-0911,26.1,53.6,19,80.2,41.4,302.0,0.7071,-0.7071,13.33
RR-0912,20.1,46.3,26,82.0,55.2,712.9,-0.9659,-0.2588,8.74
RR-0913,16.0,60.9,22,58.6,50.9,687.6,0.7071,-0.7071,8.44
RR-0914,17.6,64.8,8,81.6,29.0,712.1,0.866,-0.5,8.03
RR-0915,23.2,60.2,25,55.3,42.1,543.2,0.5,-0.866,11.89
RR-0916,29.3,49.3,20,44.3,49.6,301.7,0.5,-0.866,14.18
RR-0917,25.9,57.2,18,65.4,32.6,503.3,-0.2588,-0.9659,9.77
RR-0918,20.9,60.1,27,31.5,56.8,547.1,-0.5,-0.866,10.29
RR-0919,15.8,50.9,23,48.1,35.0,127.2,-0.866,0.5,7.43
RR-0920,32.6,53.9,18,54.0,46.6,26.5,0.866,-0.5,18.66
RR-0921,15.5,62.5,21,53.2,51.6,568.8,-0.2588,-0.9659,11.55
RR-0922,27.1,58.2,18,73.4,30.3,890.9,0.0,-1.0,14.51
RR-0923,20.1,60.1,21,70.1,42.3,341.6,-0.9659,-0.2588,7.88
RR-0924,29.0,52.2,11,73.7,36.0,633.0,0.5,-0.866,11.66
RR-0925,23.7,63.0,19,74.0,49.8,257.9,0.7071,-0.7071,10.68
RR-0926,23.1,54.5,15,18.0,43.7,713.4,-0.5,-0.866,11.17
RR-0927,13.2,61.3,20,44.5,43.3,495.4,-0.5,-0.866,9.23
RR-0928,25.4,52.3,21,82.0,43.7,513.3,-0.2588,-0.9659,11.67
RR-0929,24.8,60.1,19,77.9,55.9,687.7,-0.2588,-0.9659,12.64
RR-0930,32.2,55.5,21,49.9,59.5,367.3,-0.7071,-0.7071,18.22
RR-0931,28.8,55.9,17,44.3,50.6,104.2,0.866,-0.5,14.79
RR-0932,20.6,55.1,16,62.1,44.4,753.0,-0.7071,-0.7071,9.62
RR-0933,23.7,52.0,17,73.2,42.9,391.9,0.0,-1.0,9.88
RR-0934,24.8,52.2,22,47.4,42.3,309.7,-0.5,-0.866,9.03
RR-0935,22.5,53.5,13,78.5,44.2,90.1,-0.9659,0.2588,9.2
RR-0936,23.1,56.4,18,48.7,48.7,15.8,0.2588,-0.9659,9.01
RR-0937,17.8,63.8,14,43.4,47.5,122.6,0.7071,-0.7071,8.78
RR-0938,20.6,46.6,21,60.1,45.7,28.0,0.866,-0.5,10.41
RR-0939,37.4,46.8,28,65.2,42.7,339.2,-0.9659,0.2588,21.03
RR-0940,16.3,69.4,17,82.0,37.8,457.7,-0.9659,-0.2588,8.73
RR-0941,28.0,59.8,17,82.0,40.4,344.4,-1.0,-0.0,11.71
RR-0942,31.1,58.0,20,65.4,37.9,900.0,-0.2588,-0.9659,16.09
RR-0943,26.1,53.0,16,70.7,43.0,303.4,-0.9659,-0.2588,14.6
RR-0944,21.4,59.5,21,41.0,41.7,493.9,0.5,-0.866,9.44
RR-0945,18.3,71.7,12,66.9,44.7,65.9,-1.0,-0.0,11.55
RR-0946,32.8,50.6,18,57.6,35.0,552.0,-0.866,-0.5,13.18
RR-0947,36.7,44.3,16,33.2,48.9,762.4,-0.9659,0.2588,22.45
RR-0948,27.1,59.6,19,18.0,44.9,530.7,0.7071,-0.7071,11.15
RR-0949,34.7,53.2,24,45.2,37.4,532.0,0.5,-0.866,19.33
RR-0950,22.8,49.7,19,50.6,32.4,440.0,-0.5,-0.866,8.09
RR-0951,18.1,59.1,17,78.5,49.3,697.3,0.0,-1.0,8.67
RR-0952,28.2,61.4,19,49.1,42.3,549.4,-0.7071,-0.7071,9.84
RR-0953,13.5,51.8,17,52.2,48.8,361.1,-0.9659,-0.2588,8.9
RR-0954,30.4,60.7,13,69.3,39.9,190.9,0.7071,-0.7071,15.84
RR-0955,18.7,48.6,21,82.0,54.9,416.7,0.866,-0.5,11.79
RR-0956,28.2,55.8,19,50.3,56.7,599.0,0.5,-0.866,13.2
RR-0957,27.8,66.3,23,82.0,47.0,491.9,-0.7071,-0.7071,14.18
RR-0958,7.5,55.9,18,52.9,45.5,522.7,0.7071,-0.7071,11.65
RR-0959,27.4,69.6,15,56.1,36.4,836.1,-0.5,-0.866,11.23
RR-0960,23.2,61.6,17,20.4,30.7,155.7,0.0,-1.0,11.31
RR-0961,16.0,75.8,20,81.6,42.4,664.3,0.0,-1.0,12.81
RR-0962,29.2,43.7,13,64.8,36.4,573.4,-0.7071,-0.7071,14.34
RR-0963,28.2,42.2,23,76.0,62.6,383.7,0.866,-0.5,15.36
RR-0964,19.7,51.3,16,63.5,36.8,118.2,-0.9659,-0.2588,9.86
RR-0965,25.1,61.4,18,81.2,53.6,4.5,-0.9659,-0.2588,12.21
RR-0966,20.1,59.6,24,47.0,65.2,603.9,-0.866,-0.5,10.16
RR-0967,16.2,53.3,18,57.9,50.4,318.3,-0.866,-0.5,8.49
RR-0968,25.5,55.0,13,82.0,37.2,262.0,0.7071,-0.7071,12.14
RR-0969,31.6,54.3,18,63.5,42.7,900.0,-0.2588,-0.9659,16.32
RR-0970,16.5,44.6,23,71.9,56.2,428.4,-0.9659,0.2588,8.34
RR-0971,27.8,59.1,14,82.0,40.8,630.4,-1.0,-0.0,10.54
RR-0972,15.2,69.5,17,18.0,40.5,92.3,-0.866,-0.5,8.16
RR-0973,31.7,44.9,20,48.5,47.1,590.6,0.7071,-0.7071,15.3
RR-0974,23.0,56.1,16,69.6,46.7,563.4,-0.866,-0.5,9.95
RR-0975,21.6,54.2,12,79.0,34.7,85.7,-0.866,0.5,8.27
RR-0976,40.1,36.2,17,18.0,33.1,403.9,0.0,-1.0,23.15
RR-0977,31.5,53.7,19,57.9,51.3,110.6,-0.866,-0.5,14.05
RR-0978,11.6,68.0,19,32.0,38.4,354.7,0.0,-1.0,8.68
RR-0979,25.7,56.0,18,63.3,32.1,765.5,-0.9659,-0.2588,8.93
RR-0980,26.3,43.7,25,68.8,50.8,489.6,0.0,-1.0,14.47
RR-0981,28.9,57.4,21,36.0,51.6,303.8,0.5,-0.866,15.55
RR-0982,26.4,64.7,22,70.6,54.7,477.3,-0.2588,-0.9659,15.7
RR-0983,36.4,50.6,23,18.0,43.9,467.2,0.7071,-0.7071,19.5
RR-0984,25.2,52.8,15,47.1,39.7,458.9,0.0,-1.0,8.47
RR-0985,9.2,61.4,20,57.0,43.6,411.5,0.0,-1.0,7.48
RR-0986,25.0,54.8,22,81.7,48.5,347.2,0.0,-1.0,12.23
RR-0987,20.5,62.1,12,82.0,30.5,0.0,-0.9659,0.2588,6.39
RR-0988,18.8,72.9,15,54.2,31.6,574.5,-0.9659,0.2588,9.07
RR-0989,32.1,57.9,16,82.0,33.6,669.4,-0.866,0.5,12.85
RR-0990,21.8,53.1,20,33.0,33.1,395.2,-0.5,-0.866,8.08
RR-0991,27.4,55.6,13,82.0,26.1,730.8,-0.2588,-0.9659,9.43
RR-0992,31.4,58.8,23,41.3,57.1,4.3,0.2588,-0.9659,18.44
RR-0993,29.5,47.3,25,60.7,54.5,692.8,-1.0,-0.0,12.69
RR-0994,19.9,67.0,17,60.2,39.0,185.5,-0.9659,-0.2588,8.14
RR-0995,17.9,58.2,17,53.3,41.5,88.7,-0.9659,0.2588,8.37
RR-0996,30.3,51.1,13,81.3,28.1,498.0,-0.9659,0.2588,13.7
RR-0997,29.6,57.5,13,72.2,39.2,307.4,-0.9659,-0.2588,13.63
RR-0998,26.4,51.9,16,49.4,42.4,599.2,0.7071,-0.7071,9.57
RR-0999,17.1,58.9,18,50.9,54.6,481.0,-0.9659,0.2588,11.65
RR-1000,17.8,66.4,21,32.5,38.9,558.8,0.866,-0.5,12.26
