job_id,item_count,active_packers,distinct_skus,fragile_pct,walking_distance_m,rush_order,packing_minutes
PACK-0001,417,5,60,9.3,358.7,0,81.11
PACK-0002,278,2,29,26.7,349.2,0,114.73
PACK-0003,423,6,8,8.1,142.4,0,57.53
PACK-0004,338,4,16,20.2,256.4,0,83.16
PACK-0005,72,4,14,8.8,199.2,0,50.02
PACK-0006,208,3,4,22.2,237.0,0,62.04
PACK-0007,323,8,2,13.9,230.8,0,42.01
PACK-0008,394,4,9,21.2,196.6,1,91.25
PACK-0009,342,8,9,27.2,101.3,0,55.63
PACK-0010,37,2,3,11.3,297.5,0,37.87
PACK-0011,396,4,7,38.0,50.2,0,67.66
PACK-0012,492,2,18,41.8,356.2,1,160.1
PACK-0013,470,4,22,9.1,231.0,0,91.03
PACK-0014,105,8,24,13.4,642.4,1,62.14
PACK-0015,109,6,7,44.6,154.1,0,41.45
PACK-0016,199,4,5,17.8,148.1,0,54.15
PACK-0017,165,2,64,7.2,44.7,0,85.7
PACK-0018,105,5,2,21.2,68.0,1,39.24
PACK-0019,412,5,2,17.3,189.4,1,63.46
PACK-0020,416,8,1,32.2,129.0,0,45.29
PACK-0021,341,4,13,9.0,344.3,0,73.03
PACK-0022,370,2,30,16.5,437.9,0,131.27
PACK-0023,366,5,5,13.3,123.0,1,70.06
PACK-0024,194,1,13,27.5,495.8,1,138.63
PACK-0025,264,4,8,33.6,488.5,0,70.59
PACK-0026,278,5,11,19.4,176.6,0,65.48
PACK-0027,369,5,5,4.3,157.8,0,61.24
PACK-0028,274,7,3,28.7,202.3,1,49.45
PACK-0029,174,3,11,24.7,102.2,0,68.16
PACK-0030,67,4,1,12.1,186.7,1,23.06
PACK-0031,171,3,17,22.4,63.2,0,64.93
PACK-0032,43,1,13,20.9,185.4,0,54.02
PACK-0033,181,3,11,16.9,246.8,0,60.03
PACK-0034,376,8,12,25.9,55.9,0,59.67
PACK-0035,397,4,36,21.3,55.9,0,94.75
PACK-0036,353,2,3,16.7,451.8,0,103.78
PACK-0037,332,8,5,14.2,267.0,0,51.32
PACK-0038,483,6,3,10.0,230.7,0,59.95
PACK-0039,460,7,3,29.4,179.1,0,50.44
PACK-0040,281,1,6,10.9,190.3,0,149.16
PACK-0041,347,7,6,39.3,225.3,0,58.75
PACK-0042,401,6,5,4.1,186.8,1,61.1
PACK-0043,452,1,7,32.4,320.1,0,233.53
PACK-0044,318,3,1,17.4,339.1,0,69.19
PACK-0045,236,8,3,22.4,186.8,0,40.15
PACK-0046,179,8,8,16.6,413.6,1,60.66
PACK-0047,246,6,5,14.3,239.4,1,58.75
PACK-0048,79,2,6,41.6,40.4,0,48.96
PACK-0049,114,4,4,14.3,87.8,0,40.64
PACK-0050,394,8,14,7.5,80.8,0,46.36
PACK-0051,388,8,12,1.8,158.6,0,61.54
PACK-0052,275,2,14,10.2,308.2,1,95.96
PACK-0053,350,4,9,48.5,259.7,1,87.58
PACK-0054,107,4,42,50.3,103.8,0,64.1
PACK-0055,92,6,34,28.0,53.3,0,56.65
PACK-0056,60,8,2,13.7,118.2,0,21.49
PACK-0057,37,4,7,28.7,107.8,0,39.47
PACK-0058,305,5,7,31.7,383.8,1,78.21
PACK-0059,200,2,8,21.9,216.2,0,84.37
PACK-0060,162,3,3,16.8,573.8,1,66.14
PACK-0061,443,8,7,10.3,55.5,0,57.55
PACK-0062,145,3,11,8.1,90.1,0,48.51
PACK-0063,333,5,17,8.7,261.1,0,71.62
PACK-0064,105,1,4,38.3,134.6,0,68.03
PACK-0065,256,3,2,41.1,86.1,0,55.64
PACK-0066,206,2,8,37.5,333.2,0,80.87
PACK-0067,273,6,3,22.0,163.3,0,44.61
PACK-0068,36,4,2,13.2,359.7,0,36.72
PACK-0069,435,4,9,23.6,119.2,0,85.72
PACK-0070,307,4,5,6.7,120.4,0,57.36
PACK-0071,31,6,45,19.8,93.5,0,48.5
PACK-0072,388,6,10,13.5,188.4,0,68.56
PACK-0073,102,7,17,13.6,126.6,0,47.04
PACK-0074,199,7,13,18.6,155.2,0,44.67
PACK-0075,328,3,13,19.5,318.9,1,98.52
PACK-0076,45,2,5,25.0,91.0,0,40.47
PACK-0077,107,8,1,9.7,163.7,1,30.21
PACK-0078,195,5,15,18.8,110.2,0,55.13
PACK-0079,493,1,31,44.2,81.2,0,260.63
PACK-0080,295,5,3,16.4,450.0,0,57.01
PACK-0081,250,7,7,5.8,413.7,0,52.81
PACK-0082,500,2,7,5.1,120.1,1,141.18
PACK-0083,324,5,15,26.6,191.6,0,66.06
PACK-0084,322,4,5,60.3,141.2,1,72.57
PACK-0085,324,8,17,34.3,233.8,0,64.69
PACK-0086,435,6,3,4.2,206.9,0,49.7
PACK-0087,482,1,2,24.6,470.1,0,238.7
PACK-0088,46,8,11,11.4,230.9,1,53.12
PACK-0089,498,3,2,15.8,142.0,0,86.86
PACK-0090,392,1,8,10.2,220.8,1,211.71
PACK-0091,286,6,3,13.0,255.8,0,46.0
PACK-0092,151,7,42,17.0,232.9,0,61.68
PACK-0093,233,7,2,15.1,291.5,0,40.4
PACK-0094,33,4,53,35.7,61.7,0,55.24
PACK-0095,255,1,4,36.7,286.6,0,139.87
PACK-0096,205,7,7,32.1,674.7,0,53.6
PACK-0097,437,8,13,11.0,177.3,0,78.83
PACK-0098,197,4,16,18.0,372.5,0,64.46
PACK-0099,144,6,5,25.1,118.1,0,44.4
PACK-0100,114,4,8,20.2,85.4,0,37.02
PACK-0101,233,4,6,22.1,95.2,0,45.05
PACK-0102,159,3,4,10.6,181.5,0,55.54
PACK-0103,454,1,11,33.1,97.1,0,222.61
PACK-0104,458,5,4,32.9,137.0,0,65.16
PACK-0105,295,5,2,3.1,136.4,0,53.79
PACK-0106,420,3,2,41.0,219.2,0,89.23
PACK-0107,191,5,1,13.4,254.1,0,35.43
PACK-0108,439,6,3,20.1,1061.2,0,74.71
PACK-0109,254,5,16,16.4,127.3,0,61.29
PACK-0110,101,7,4,10.1,217.7,0,35.56
PACK-0111,434,6,7,23.7,123.4,1,69.36
PACK-0112,500,2,11,18.9,154.5,0,138.27
PACK-0113,148,6,11,11.3,303.0,0,43.9
PACK-0114,464,6,12,33.6,72.6,0,70.88
PACK-0115,134,6,80,13.4,479.9,1,77.04
PACK-0116,418,6,11,10.6,137.0,1,71.17
PACK-0117,52,2,27,41.0,201.0,0,58.8
PACK-0118,356,6,5,24.6,126.1,1,63.4
PACK-0119,38,5,4,28.6,109.1,0,41.65
PACK-0120,224,2,10,20.1,133.1,0,80.98
PACK-0121,193,6,4,7.0,248.2,0,42.28
PACK-0122,360,3,80,3.4,313.1,0,114.35
PACK-0123,329,8,3,16.0,441.9,0,53.34
PACK-0124,451,4,5,8.8,259.0,0,80.81
PACK-0125,492,5,23,32.9,475.0,0,94.16
PACK-0126,279,3,10,24.4,128.8,0,76.94
PACK-0127,185,6,7,31.2,81.6,0,44.98
PACK-0128,89,3,8,12.7,454.7,1,62.75
PACK-0129,414,1,6,29.4,291.4,0,213.92
PACK-0130,430,8,12,43.5,139.1,0,68.4
PACK-0131,119,1,11,19.3,204.6,0,92.07
PACK-0132,121,2,4,36.0,170.0,0,52.73
PACK-0133,160,5,4,15.9,208.8,0,47.21
PACK-0134,127,6,9,27.1,153.1,0,43.43
PACK-0135,330,5,1,16.4,159.5,0,49.05
PACK-0136,475,4,5,33.2,217.4,0,84.18
PACK-0137,461,2,9,30.7,413.3,0,138.61
PACK-0138,106,2,4,15.5,178.7,0,55.55
PACK-0139,48,7,7,13.7,137.4,0,30.64
PACK-0140,31,7,7,33.7,357.1,0,49.69
PACK-0141,289,2,10,17.1,275.5,0,97.19
PACK-0142,123,6,7,32.8,68.3,0,52.44
PACK-0143,405,3,8,5.8,174.4,0,89.36
PACK-0144,380,1,2,39.5,224.1,1,192.74
PACK-0145,41,2,7,43.1,257.5,1,66.82
PACK-0146,347,3,9,17.2,171.7,0,83.74
PACK-0147,445,7,3,12.9,64.3,0,44.8
PACK-0148,96,4,38,24.0,314.2,1,73.83
PACK-0149,400,4,13,16.9,156.0,0,91.99
PACK-0150,113,7,3,9.7,164.0,0,39.58
PACK-0151,359,3,6,15.9,232.0,0,83.0
PACK-0152,169,8,1,29.4,112.5,0,35.2
PACK-0153,59,8,2,18.2,138.3,0,29.78
PACK-0154,379,4,21,18.2,525.6,0,90.08
PACK-0155,212,1,10,18.1,234.7,0,125.94
PACK-0156,146,8,2,18.2,243.3,0,41.61
PACK-0157,357,2,6,28.0,118.7,0,113.43
PACK-0158,417,8,2,26.5,194.0,0,51.3
PACK-0159,323,6,4,13.9,401.4,0,54.48
PACK-0160,73,3,3,38.4,490.5,0,44.52
PACK-0161,230,5,5,33.9,267.3,0,51.08
PACK-0162,218,8,2,12.9,139.0,0,31.33
PACK-0163,421,6,7,25.4,250.1,0,70.36
PACK-0164,419,2,5,7.6,309.5,0,124.96
PACK-0165,80,5,2,25.5,396.8,0,33.95
PACK-0166,285,6,4,18.0,394.4,0,58.0
PACK-0167,420,2,12,15.7,111.0,1,138.09
PACK-0168,399,4,18,45.4,347.2,0,85.3
PACK-0169,77,8,9,17.6,143.8,1,45.24
PACK-0170,126,6,22,3.4,163.6,0,51.98
PACK-0171,78,4,18,3.7,186.7,0,44.13
PACK-0172,77,1,9,12.9,220.3,0,73.24
PACK-0173,421,2,5,13.6,377.4,0,117.99
PACK-0174,465,3,4,7.7,146.1,0,93.04
PACK-0175,221,1,4,8.2,102.7,0,118.89
PACK-0176,299,5,7,12.2,386.1,0,54.78
PACK-0177,246,7,14,23.9,255.6,0,57.13
PACK-0178,118,5,1,17.0,240.4,1,39.24
PACK-0179,475,7,3,3.7,275.0,0,44.21
PACK-0180,490,5,1,36.0,130.7,0,60.77
PACK-0181,193,8,8,37.2,307.3,0,44.5
PACK-0182,228,8,6,8.0,77.7,0,48.29
PACK-0183,266,8,8,5.3,183.3,0,48.51
PACK-0184,473,3,4,20.2,69.5,0,97.1
PACK-0185,414,6,12,18.6,182.9,0,66.46
PACK-0186,343,7,2,12.7,176.5,0,53.08
PACK-0187,168,6,1,8.0,191.4,0,37.9
PACK-0188,387,5,6,13.7,163.4,0,61.23
PACK-0189,325,3,10,23.3,233.9,0,87.01
PACK-0190,444,5,26,36.3,139.0,0,85.43
PACK-0191,126,4,5,14.2,51.3,1,50.18
PACK-0192,192,5,17,25.1,272.3,0,66.61
PACK-0193,461,2,7,6.1,325.1,0,140.48
PACK-0194,373,2,3,27.4,394.1,0,109.19
PACK-0195,143,3,27,21.7,215.2,0,71.06
PACK-0196,463,3,15,14.7,170.4,0,109.66
PACK-0197,133,3,11,30.1,311.3,0,60.86
PACK-0198,150,4,7,19.9,251.7,1,57.22
PACK-0199,89,2,4,2.4,219.5,1,60.51
PACK-0200,350,5,9,23.4,120.5,0,73.9
PACK-0201,260,5,34,2.7,148.6,0,66.63
PACK-0202,81,6,6,13.7,355.5,0,32.92
PACK-0203,145,1,26,24.6,110.6,0,105.24
PACK-0204,58,1,11,26.5,471.2,0,65.42
PACK-0205,379,3,6,7.1,75.2,0,84.85
PACK-0206,88,6,8,18.4,211.7,0,39.48
PACK-0207,208,7,16,35.4,399.4,0,69.49
PACK-0208,134,6,3,33.9,259.6,0,39.15
PACK-0209,272,7,6,33.0,240.4,0,44.4
PACK-0210,111,3,15,33.6,40.6,0,61.51
PACK-0211,354,4,10,4.6,241.6,0,75.26
PACK-0212,341,8,7,11.7,502.5,0,59.55
PACK-0213,379,3,17,18.4,215.8,0,97.8
PACK-0214,67,1,3,19.7,74.8,0,55.24
PACK-0215,354,2,6,18.9,147.7,0,94.46
PACK-0216,384,8,50,4.9,224.5,0,73.22
PACK-0217,212,7,3,27.8,374.7,0,49.21
PACK-0218,109,6,17,13.0,147.5,0,48.93
PACK-0219,49,4,6,3.1,296.0,1,43.76
PACK-0220,70,2,1,26.2,212.6,0,38.83
PACK-0221,281,2,1,17.1,189.8,0,80.31
PACK-0222,430,6,24,16.0,137.6,0,75.02
PACK-0223,228,6,15,10.9,125.1,0,57.1
PACK-0224,408,1,22,12.7,201.1,0,216.17
PACK-0225,292,4,3,27.1,639.0,0,66.41
PACK-0226,421,5,3,13.7,202.7,0,62.03
PACK-0227,438,7,7,25.3,107.4,0,65.13
PACK-0228,294,1,14,28.2,275.3,0,166.11
PACK-0229,387,2,5,5.7,63.3,0,110.9
PACK-0230,345,8,4,29.8,148.7,0,48.92
PACK-0231,162,6,6,19.8,186.4,1,39.54
PACK-0232,415,5,14,30.5,399.1,0,80.9
PACK-0233,498,8,49,35.3,172.1,0,75.72
PACK-0234,92,8,11,31.4,565.5,0,48.36
PACK-0235,122,1,3,21.7,182.6,1,89.44
PACK-0236,154,7,9,14.4,205.2,1,55.3
PACK-0237,495,8,20,41.2,254.0,1,75.07
PACK-0238,472,1,14,6.5,342.5,0,239.62
PACK-0239,422,1,8,17.3,73.5,0,209.05
PACK-0240,196,2,12,29.7,125.5,0,74.11
PACK-0241,354,7,3,12.6,197.7,0,47.63
PACK-0242,251,1,5,26.6,226.1,0,142.98
PACK-0243,182,2,2,35.6,326.9,0,64.91
PACK-0244,444,3,3,22.5,494.8,1,104.25
PACK-0245,256,5,4,10.0,128.4,0,50.21
PACK-0246,219,7,5,27.7,343.3,0,50.89
PACK-0247,382,3,9,17.6,89.2,1,95.79
PACK-0248,308,7,5,23.8,164.0,0,45.17
PACK-0249,231,6,14,42.8,364.6,1,68.0
PACK-0250,36,6,28,26.1,115.9,0,52.94
PACK-0251,480,2,3,28.5,62.9,0,123.25
PACK-0252,44,5,1,11.4,68.4,0,19.49
PACK-0253,193,1,10,35.0,244.2,0,123.66
PACK-0254,109,1,4,34.7,389.2,0,80.2
PACK-0255,246,1,2,18.4,649.9,0,144.24
PACK-0256,181,8,18,60.0,174.0,0,55.97
PACK-0257,383,6,6,3.3,116.5,0,58.32
PACK-0258,500,2,12,15.0,197.9,0,139.17
PACK-0259,219,3,6,4.3,175.8,0,65.91
PACK-0260,220,4,2,14.0,26.5,0,45.32
PACK-0261,485,7,13,29.9,66.7,0,64.44
PACK-0262,176,6,1,56.8,223.2,0,40.5
PACK-0263,248,8,8,6.4,103.6,0,50.92
PACK-0264,89,8,1,7.5,288.0,0,26.32
PACK-0265,422,3,10,9.2,443.0,0,92.9
PACK-0266,363,1,4,43.7,224.7,0,188.69
PACK-0267,89,7,3,21.0,224.9,0,40.3
PACK-0268,313,2,12,15.4,134.6,0,107.78
PACK-0269,406,4,3,29.3,267.8,0,78.88
PACK-0270,90,4,5,8.1,167.0,0,33.01
PACK-0271,350,3,2,36.6,50.0,0,72.39
PACK-0272,186,2,22,15.3,316.7,1,96.73
PACK-0273,182,8,2,11.1,330.5,0,37.15
PACK-0274,302,4,4,29.8,197.2,0,65.18
PACK-0275,282,3,8,29.0,286.9,0,75.85
PACK-0276,211,5,55,16.8,101.7,0,78.91
PACK-0277,376,4,3,16.9,419.3,0,77.45
PACK-0278,242,1,8,23.5,137.0,1,136.82
PACK-0279,254,2,4,14.3,155.2,0,87.24
PACK-0280,205,4,3,25.6,137.5,0,52.6
PACK-0281,384,1,17,10.2,380.0,1,208.72
PACK-0282,206,5,7,26.3,67.7,0,53.25
PACK-0283,485,3,5,31.5,147.8,0,99.9
PACK-0284,81,3,15,20.8,251.7,0,50.77
PACK-0285,484,8,2,11.9,173.2,0,41.97
PACK-0286,490,2,9,34.7,312.7,0,140.13
PACK-0287,461,7,25,20.9,384.8,0,77.09
PACK-0288,313,3,6,29.6,133.5,0,85.23
PACK-0289,260,4,10,8.0,188.0,1,73.95
PACK-0290,459,7,3,10.7,153.0,0,56.51
PACK-0291,306,7,2,7.1,516.2,0,51.27
PACK-0292,402,8,6,5.5,303.5,1,60.2
PACK-0293,388,3,21,10.3,531.4,0,108.25
PACK-0294,49,3,2,38.1,217.7,0,27.47
PACK-0295,301,5,3,44.5,46.7,1,59.28
PACK-0296,247,1,15,12.7,181.2,1,155.99
PACK-0297,271,4,12,6.0,110.2,1,69.62
PACK-0298,333,4,2,8.8,142.8,0,60.5
PACK-0299,65,4,7,30.3,408.3,0,44.69
PACK-0300,491,2,9,9.8,289.7,1,148.69
PACK-0301,255,7,32,19.3,543.6,0,72.04
PACK-0302,55,1,11,17.0,802.2,0,64.88
PACK-0303,355,2,17,18.7,66.3,0,120.12
PACK-0304,466,1,12,28.0,262.0,0,237.67
PACK-0305,178,6,19,16.9,375.0,0,63.1
PACK-0306,250,2,5,7.1,188.6,0,80.64
PACK-0307,267,2,3,22.7,399.4,1,96.88
PACK-0308,416,6,22,9.3,435.2,1,82.05
PACK-0309,308,4,6,15.8,387.5,0,69.22
PACK-0310,153,7,4,23.3,610.4,1,54.5
PACK-0311,148,3,3,7.7,241.2,0,41.8
PACK-0312,50,1,14,30.1,379.1,1,77.98
PACK-0313,258,4,4,58.9,71.9,0,59.35
PACK-0314,207,7,6,23.7,115.5,0,42.82
PACK-0315,407,3,21,35.5,299.0,0,109.59
PACK-0316,378,1,6,32.7,214.7,0,190.9
PACK-0317,155,1,13,14.1,285.1,1,121.88
PACK-0318,321,6,7,8.7,272.1,0,57.8
PACK-0319,382,6,3,35.8,114.0,0,49.99
PACK-0320,302,6,10,43.7,303.6,0,62.99
PACK-0321,141,3,12,33.2,164.4,0,53.69
PACK-0322,99,5,6,14.9,68.9,0,39.14
PACK-0323,216,1,10,23.4,82.6,0,121.51
PACK-0324,166,7,2,18.5,231.9,1,38.95
PACK-0325,449,7,17,15.8,72.9,0,71.46
PACK-0326,397,1,19,30.4,334.5,0,213.99
PACK-0327,90,1,2,7.1,67.1,0,62.55
PACK-0328,334,5,22,8.5,142.5,1,73.8
PACK-0329,478,7,18,17.1,100.8,0,65.9
PACK-0330,108,4,4,43.2,267.3,0,36.57
PACK-0331,269,6,6,18.0,198.4,1,64.55
PACK-0332,259,4,6,2.3,449.0,0,63.64
PACK-0333,159,1,3,14.2,132.9,0,100.71
PACK-0334,157,7,7,16.9,494.9,0,46.27
PACK-0335,207,7,2,26.3,229.0,1,43.16
PACK-0336,393,8,2,6.1,342.4,1,57.81
PACK-0337,348,7,5,67.2,185.5,0,55.27
PACK-0338,229,1,2,47.1,123.6,0,126.88
PACK-0339,422,8,6,29.0,53.9,0,62.62
PACK-0340,113,4,3,30.4,133.5,0,38.74
PACK-0341,424,3,5,32.7,303.8,0,95.62
PACK-0342,226,8,51,34.1,160.6,1,76.43
PACK-0343,497,6,7,12.0,290.5,0,68.16
PACK-0344,479,3,42,42.4,73.3,0,119.45
PACK-0345,469,5,16,55.2,56.8,0,79.85
PACK-0346,148,5,2,16.3,112.0,1,32.25
PACK-0347,488,5,18,19.3,133.9,0,83.51
PACK-0348,100,4,10,43.1,151.2,0,46.1
PACK-0349,435,7,5,4.4,243.0,0,51.47
PACK-0350,283,8,7,21.5,150.9,0,56.5
PACK-0351,449,4,2,32.1,139.7,0,67.8
PACK-0352,34,5,1,23.9,183.1,0,22.81
PACK-0353,493,1,17,26.8,281.3,0,247.31
PACK-0354,239,7,2,6.3,276.5,0,34.17
PACK-0355,171,6,4,29.6,150.9,0,43.31
PACK-0356,423,3,10,28.1,73.3,0,92.9
PACK-0357,206,4,10,32.0,166.2,0,56.72
PACK-0358,314,2,5,29.5,242.0,0,99.86
PACK-0359,282,2,7,8.8,218.8,1,95.74
PACK-0360,132,1,11,18.3,438.3,0,97.32
PACK-0361,41,1,7,18.0,264.4,0,56.14
PACK-0362,384,2,18,34.7,242.8,0,123.6
PACK-0363,168,6,12,11.3,101.2,0,58.28
PACK-0364,144,3,7,42.3,187.3,0,55.05
PACK-0365,490,4,2,29.2,112.4,0,72.25
PACK-0366,169,8,13,8.2,211.6,0,38.9
PACK-0367,494,1,7,29.1,26.8,0,248.59
PACK-0368,285,4,5,28.3,464.5,1,73.31
PACK-0369,263,7,3,23.2,112.8,0,44.17
PACK-0370,105,3,2,18.2,373.2,0,38.5
PACK-0371,50,2,8,30.9,101.4,0,43.44
PACK-0372,209,7,41,6.3,118.0,0,61.78
PACK-0373,271,6,6,24.6,49.8,0,53.22
PACK-0374,63,2,3,26.2,300.6,0,42.57
PACK-0375,264,4,4,48.0,254.4,1,69.44
PACK-0376,388,1,7,18.2,244.2,0,201.47
PACK-0377,344,5,6,2.1,183.9,0,61.03
PACK-0378,480,7,7,32.4,89.6,0,63.53
PACK-0379,206,7,5,10.0,104.9,0,46.99
PACK-0380,84,5,5,19.8,69.3,0,33.42
PACK-0381,236,5,2,5.3,230.1,0,46.72
PACK-0382,138,4,5,5.1,269.2,0,50.49
PACK-0383,345,1,16,15.6,419.3,0,185.92
PACK-0384,324,4,3,24.7,482.6,0,63.1
PACK-0385,289,4,3,28.6,122.1,0,59.93
PACK-0386,230,7,38,30.1,244.3,0,58.05
PACK-0387,159,4,4,24.5,506.7,1,58.84
PACK-0388,441,3,2,29.3,304.9,0,82.26
PACK-0389,398,8,4,9.5,86.9,1,60.1
PACK-0390,223,1,15,31.1,200.8,1,147.63
PACK-0391,68,5,10,16.3,79.0,0,44.91
PACK-0392,262,3,6,18.3,115.6,0,63.97
PACK-0393,100,3,7,24.6,55.0,1,58.42
PACK-0394,223,3,4,32.8,157.1,0,61.98
PACK-0395,408,4,3,27.7,112.3,0,63.39
PACK-0396,103,8,17,33.6,197.5,0,41.24
PACK-0397,166,5,4,44.1,146.2,0,42.62
PACK-0398,423,7,15,48.9,206.1,0,78.84
PACK-0399,439,3,26,8.8,148.6,0,100.8
PACK-0400,335,8,9,12.7,147.4,0,46.1
PACK-0401,61,6,4,8.1,89.6,1,40.06
PACK-0402,497,6,1,17.4,169.8,0,51.58
PACK-0403,458,6,4,4.2,116.7,0,64.15
PACK-0404,209,5,10,36.6,207.1,0,59.33
PACK-0405,220,1,3,19.7,53.5,0,121.97
PACK-0406,473,5,24,31.2,139.2,1,88.85
PACK-0407,431,7,23,5.9,169.2,1,76.15
PACK-0408,116,8,4,16.0,189.3,0,30.71
PACK-0409,293,4,6,15.5,193.4,0,73.31
PACK-0410,190,8,33,24.0,216.0,0,59.43
PACK-0411,399,1,3,39.1,249.5,0,199.62
PACK-0412,261,2,4,17.4,517.3,0,81.36
PACK-0413,325,1,6,18.5,165.9,0,165.88
PACK-0414,99,7,13,61.3,150.8,0,48.74
PACK-0415,50,5,1,15.4,272.8,0,16.88
PACK-0416,316,3,45,6.6,193.4,0,96.7
PACK-0417,306,6,4,49.7,254.4,0,48.1
PACK-0418,296,8,7,12.9,172.5,0,42.49
PACK-0419,456,4,7,61.6,170.0,0,91.53
PACK-0420,323,5,17,23.3,322.5,0,83.58
PACK-0421,97,7,4,20.0,316.0,1,45.0
PACK-0422,86,4,39,8.0,249.8,0,60.8
PACK-0423,298,2,6,28.0,264.4,0,95.91
PACK-0424,206,8,6,19.0,174.1,0,42.66
PACK-0425,154,6,2,19.2,475.7,1,44.82
PACK-0426,357,6,2,27.9,486.4,1,67.29
PACK-0427,144,1,9,25.6,59.7,0,93.05
PACK-0428,241,4,5,9.8,212.5,0,61.85
PACK-0429,289,1,6,24.5,131.8,0,151.98
PACK-0430,324,2,3,3.7,120.2,1,102.96
PACK-0431,31,2,18,27.1,165.5,0,55.84
PACK-0432,113,5,8,15.3,68.7,1,54.04
PACK-0433,179,3,10,51.2,310.8,0,75.73
PACK-0434,484,1,8,10.3,200.7,0,231.36
PACK-0435,263,1,33,4.4,100.4,0,151.51
PACK-0436,156,6,20,40.8,323.0,1,64.12
PACK-0437,306,5,40,41.1,54.9,0,75.3
PACK-0438,119,7,7,2.5,346.6,0,37.17
PACK-0439,461,3,2,16.8,107.1,0,91.96
PACK-0440,134,5,16,2.0,180.3,0,47.91
PACK-0441,300,2,9,11.8,211.5,0,96.3
PACK-0442,199,1,10,13.3,132.8,1,125.81
PACK-0443,36,7,13,22.1,58.6,1,49.61
PACK-0444,473,1,28,14.4,245.8,0,244.43
PACK-0445,434,8,5,21.6,248.8,0,55.81
PACK-0446,243,1,5,24.9,295.0,0,136.54
PACK-0447,351,8,58,23.5,154.1,0,76.49
PACK-0448,270,7,2,21.5,345.7,0,39.56
PACK-0449,175,8,7,59.4,187.8,0,56.26
PACK-0450,399,7,6,6.8,223.9,0,49.98
PACK-0451,182,5,11,30.5,57.6,0,47.85
PACK-0452,476,1,2,24.3,255.6,0,221.37
PACK-0453,113,1,2,46.8,223.8,0,79.54
PACK-0454,152,2,10,24.0,254.5,0,67.94
PACK-0455,349,1,35,43.7,174.0,1,197.3
PACK-0456,175,1,8,16.2,239.2,0,108.68
PACK-0457,495,7,21,21.7,56.9,0,67.7
PACK-0458,488,6,5,6.6,103.8,1,67.94
PACK-0459,84,7,23,11.9,250.7,0,50.07
PACK-0460,145,7,5,25.0,75.0,0,46.07
PACK-0461,154,2,12,28.2,213.5,0,82.56
PACK-0462,340,1,8,13.5,192.3,0,165.64
PACK-0463,305,6,6,19.4,226.3,0,55.77
PACK-0464,342,8,2,24.5,176.9,0,45.07
PACK-0465,301,1,16,14.4,190.5,1,174.2
PACK-0466,93,1,8,50.5,535.9,0,75.3
PACK-0467,390,2,22,32.0,133.3,0,130.95
PACK-0468,264,4,5,8.8,154.3,0,55.8
PACK-0469,432,8,4,30.9,154.9,0,58.48
PACK-0470,356,7,8,19.1,301.3,0,57.29
PACK-0471,425,3,16,7.0,219.3,0,95.73
PACK-0472,128,5,5,11.8,520.5,0,42.93
PACK-0473,140,6,11,13.6,429.5,1,64.96
PACK-0474,264,3,7,19.9,146.9,0,71.59
PACK-0475,145,5,3,4.1,150.4,0,39.87
PACK-0476,444,8,11,6.9,63.9,0,59.2
PACK-0477,326,8,12,15.1,157.0,0,54.67
PACK-0478,200,7,8,28.1,326.2,0,47.16
PACK-0479,113,3,6,7.4,304.1,0,61.22
PACK-0480,133,1,13,8.9,165.0,0,97.83
PACK-0481,201,6,11,28.1,345.4,0,51.85
PACK-0482,276,1,26,25.6,111.3,0,163.36
PACK-0483,304,3,12,27.3,143.6,1,85.81
PACK-0484,56,2,69,25.1,187.3,0,66.91
PACK-0485,140,5,1,19.3,373.8,0,37.93
PACK-0486,421,2,5,13.8,285.6,0,126.36
PACK-0487,211,1,12,20.8,323.3,1,137.13
PACK-0488,216,8,9,27.1,287.0,0,49.63
PACK-0489,175,3,5,25.2,380.6,0,67.09
PACK-0490,43,1,5,21.5,202.5,0,51.92
PACK-0491,457,1,6,32.6,267.5,1,231.15
PACK-0492,188,8,3,25.5,137.1,0,28.82
PACK-0493,366,1,2,33.3,281.4,0,177.24
PACK-0494,334,1,2,24.9,324.6,0,169.9
PACK-0495,106,1,22,14.3,157.6,0,84.49
PACK-0496,161,2,41,24.2,146.7,0,88.01
PACK-0497,46,5,2,40.3,262.6,0,25.13
PACK-0498,42,4,6,4.2,521.6,0,39.58
PACK-0499,227,1,2,51.7,481.4,0,128.12
PACK-0500,292,7,37,10.9,297.9,0,79.32
PACK-0501,240,4,14,21.7,124.8,0,71.13
PACK-0502,73,8,4,18.3,162.1,1,44.02
PACK-0503,97,3,7,18.1,442.5,0,49.0
PACK-0504,344,1,7,23.3,401.9,1,192.86
PACK-0505,335,6,1,27.8,139.8,1,46.43
PACK-0506,403,4,11,19.3,106.1,0,82.36
PACK-0507,184,5,18,23.6,385.4,0,69.8
PACK-0508,300,2,1,18.8,166.1,0,72.1
PACK-0509,246,1,10,15.2,570.6,1,158.2
PACK-0510,265,2,10,36.4,225.0,0,98.97
PACK-0511,403,1,19,23.5,146.3,0,212.22
PACK-0512,349,5,3,14.8,376.7,0,56.97
PACK-0513,443,7,4,18.8,79.0,0,57.36
PACK-0514,466,1,3,21.3,116.4,1,238.87
PACK-0515,448,6,6,6.4,275.6,1,74.61
PACK-0516,78,2,11,35.1,253.6,0,62.4
PACK-0517,141,5,10,34.3,320.2,0,57.79
PACK-0518,427,8,5,19.3,333.9,0,54.99
PACK-0519,329,4,2,34.0,181.5,0,52.51
PACK-0520,485,7,19,30.8,310.0,0,77.54
PACK-0521,243,6,52,47.0,288.4,0,84.77
PACK-0522,135,5,24,29.4,290.4,0,62.75
PACK-0523,289,5,7,11.0,337.9,0,60.25
PACK-0524,76,1,1,33.4,385.6,0,56.44
PACK-0525,438,5,12,34.2,77.9,0,85.52
PACK-0526,162,6,26,24.7,140.2,1,63.3
PACK-0527,127,2,1,19.5,111.7,0,51.03
PACK-0528,162,1,4,13.4,157.2,0,101.57
PACK-0529,220,8,2,13.9,321.9,0,45.81
PACK-0530,488,7,25,23.4,171.1,0,66.79
PACK-0531,220,1,8,5.5,710.6,0,130.1
PACK-0532,457,8,15,15.6,246.1,1,62.7
PACK-0533,358,4,9,33.2,305.1,0,72.67
PACK-0534,113,8,7,21.2,149.2,1,53.12
PACK-0535,232,8,13,46.7,122.6,0,57.66
PACK-0536,398,3,22,56.3,173.3,1,115.56
PACK-0537,182,6,14,14.8,222.0,0,59.13
PACK-0538,148,5,2,17.2,141.6,0,29.29
PACK-0539,33,6,10,28.6,79.6,1,41.19
PACK-0540,249,2,1,28.1,117.6,0,77.14
PACK-0541,384,4,19,29.6,325.5,0,79.14
PACK-0542,58,4,8,15.6,183.4,0,37.01
PACK-0543,348,3,1,10.8,247.6,0,70.27
PACK-0544,159,4,6,6.1,298.8,0,54.76
PACK-0545,131,1,23,18.1,301.4,0,102.78
PACK-0546,291,5,4,11.1,83.1,0,56.02
PACK-0547,334,1,4,68.9,190.4,1,186.63
PACK-0548,420,4,23,38.0,310.8,0,97.94
PACK-0549,32,1,11,7.5,363.5,0,45.92
PACK-0550,114,4,3,24.0,140.1,0,51.11
PACK-0551,477,8,12,39.0,192.7,0,72.24
PACK-0552,234,3,3,39.7,618.2,0,70.53
PACK-0553,433,1,3,40.6,251.2,0,206.15
PACK-0554,298,1,36,19.2,117.6,0,171.74
PACK-0555,179,3,3,28.1,181.5,1,59.8
PACK-0556,348,2,4,54.9,182.5,0,101.31
PACK-0557,134,8,3,11.6,96.3,0,33.37
PACK-0558,184,4,12,5.3,593.2,0,65.13
PACK-0559,84,8,1,18.4,147.5,0,23.47
PACK-0560,100,8,6,25.7,138.9,0,36.04
PACK-0561,392,7,7,20.4,318.5,0,61.19
PACK-0562,123,3,2,26.1,156.9,0,38.37
PACK-0563,214,1,2,15.6,414.4,1,115.8
PACK-0564,222,5,11,43.9,48.3,1,63.91
PACK-0565,344,3,2,5.0,89.7,1,79.87
PACK-0566,495,4,13,20.0,221.4,1,102.52
PACK-0567,78,2,26,46.7,219.3,0,68.68
PACK-0568,278,8,2,13.8,70.1,1,45.38
PACK-0569,500,4,4,26.8,143.3,0,84.59
PACK-0570,456,5,10,14.1,139.1,0,70.96
PACK-0571,464,5,18,6.6,289.4,0,91.72
PACK-0572,406,8,10,16.6,258.4,0,59.02
PACK-0573,298,4,20,7.7,176.7,0,74.23
PACK-0574,469,3,4,45.0,85.5,0,95.28
PACK-0575,133,7,30,19.6,62.4,0,57.91
PACK-0576,198,6,4,53.9,261.7,0,52.93
PACK-0577,224,2,3,11.6,174.2,0,70.42
PACK-0578,255,3,20,14.0,691.7,0,93.86
PACK-0579,432,6,27,12.7,167.0,1,78.86
PACK-0580,100,8,3,25.2,73.3,0,36.6
PACK-0581,405,3,16,41.9,204.3,0,107.6
PACK-0582,465,7,1,18.3,325.2,0,48.62
PACK-0583,159,3,20,2.4,94.0,1,70.73
PACK-0584,344,6,6,18.5,321.1,0,58.08
PACK-0585,337,1,6,42.7,322.3,0,173.52
PACK-0586,203,3,3,13.2,204.3,0,55.4
PACK-0587,183,5,12,15.4,48.4,0,52.25
PACK-0588,498,8,11,52.8,441.5,0,69.66
PACK-0589,92,4,3,8.3,80.5,0,34.0
PACK-0590,352,8,4,42.1,432.0,0,50.71
PACK-0591,293,2,3,37.1,198.2,0,91.81
PACK-0592,325,3,9,6.0,521.5,0,82.31
PACK-0593,447,3,10,6.8,327.3,0,95.01
PACK-0594,85,7,12,23.2,625.6,0,55.24
PACK-0595,465,8,3,20.5,241.1,1,63.27
PACK-0596,448,1,3,29.6,198.7,0,218.1
PACK-0597,498,5,19,23.8,216.4,0,91.9
PACK-0598,347,1,17,16.7,139.7,0,181.64
PACK-0599,222,5,2,47.6,237.7,1,49.15
PACK-0600,211,3,11,0.8,563.9,0,72.52
PACK-0601,370,8,3,48.1,318.5,0,41.97
PACK-0602,121,7,10,41.4,376.5,0,43.71
PACK-0603,199,5,4,43.0,360.8,0,54.01
PACK-0604,416,6,17,28.8,43.4,1,68.39
PACK-0605,235,6,11,11.2,151.2,1,55.59
PACK-0606,139,8,1,24.7,315.9,0,28.24
PACK-0607,318,2,4,22.3,312.3,0,103.75
PACK-0608,120,1,20,14.0,585.4,0,111.36
PACK-0609,353,8,7,16.0,47.4,0,53.73
PACK-0610,182,2,14,4.0,227.5,0,74.14
PACK-0611,287,1,5,13.5,170.2,0,143.03
PACK-0612,71,6,6,27.5,174.6,1,48.49
PACK-0613,443,4,3,8.0,78.1,1,80.6
PACK-0614,175,7,1,4.1,117.3,1,32.26
PACK-0615,417,3,38,29.8,250.3,0,111.72
PACK-0616,62,1,8,22.4,163.8,0,64.82
PACK-0617,374,8,5,20.7,76.1,1,49.92
PACK-0618,152,4,15,32.9,509.1,0,64.84
PACK-0619,167,6,8,13.0,251.8,0,46.94
PACK-0620,248,2,6,40.8,106.7,0,92.62
PACK-0621,446,7,4,19.3,48.5,1,56.76
PACK-0622,95,4,1,18.6,102.4,1,33.98
PACK-0623,391,8,3,22.8,43.5,0,52.49
PACK-0624,192,7,4,6.4,135.7,0,39.51
PACK-0625,64,4,4,22.9,206.5,0,36.95
PACK-0626,36,5,1,4.0,384.3,0,34.6
PACK-0627,64,3,4,27.8,297.3,0,42.07
PACK-0628,35,4,6,12.5,90.4,0,39.01
PACK-0629,38,6,12,4.9,85.7,0,42.63
PACK-0630,428,2,6,39.2,285.3,1,129.36
PACK-0631,398,7,10,20.4,529.2,0,67.09
PACK-0632,191,6,4,37.9,83.8,0,36.38
PACK-0633,341,8,12,16.8,351.1,0,50.14
PACK-0634,49,2,4,19.9,140.4,0,51.29
PACK-0635,443,3,48,18.8,90.0,0,111.05
PACK-0636,180,5,6,12.4,622.9,0,47.57
PACK-0637,445,7,5,5.3,148.1,0,50.27
PACK-0638,478,1,4,18.1,327.3,0,241.7
PACK-0639,189,2,13,24.2,247.0,0,76.65
PACK-0640,211,1,6,28.1,39.4,1,122.96
PACK-0641,465,7,4,58.6,424.8,0,68.34
PACK-0642,90,6,8,27.2,396.6,0,46.86
PACK-0643,222,6,14,42.8,131.1,0,51.37
PACK-0644,212,6,5,52.3,147.4,0,53.6
PACK-0645,340,4,24,16.6,208.5,0,85.95
PACK-0646,296,4,9,12.9,326.9,0,70.8
PACK-0647,375,5,10,19.8,238.6,1,83.99
PACK-0648,174,6,1,47.6,309.8,0,44.1
PACK-0649,51,5,23,19.8,38.6,1,49.93
PACK-0650,31,1,18,4.6,213.9,1,57.42
PACK-0651,434,7,8,18.9,731.1,0,72.4
PACK-0652,456,5,1,28.7,129.3,0,52.83
PACK-0653,443,6,4,14.7,90.1,0,67.45
PACK-0654,462,6,9,32.1,154.7,0,70.1
PACK-0655,118,6,33,20.8,345.9,1,70.63
PACK-0656,338,1,5,33.2,257.8,0,178.41
PACK-0657,186,5,7,25.3,290.8,0,54.37
PACK-0658,249,2,7,20.2,561.1,0,88.81
PACK-0659,178,6,4,51.8,55.1,0,45.39
PACK-0660,304,5,12,15.5,252.9,0,64.81
PACK-0661,332,3,13,12.9,783.7,0,96.38
PACK-0662,121,5,23,6.7,139.4,0,49.67
PACK-0663,385,5,2,39.8,296.4,0,61.84
PACK-0664,151,5,3,15.3,52.9,0,35.73
PACK-0665,466,4,3,27.6,251.8,0,81.46
PACK-0666,72,3,3,27.8,232.7,1,44.75
PACK-0667,122,1,4,31.9,234.4,0,90.42
PACK-0668,316,3,10,19.5,118.2,1,87.08
PACK-0669,76,1,9,33.9,342.8,1,82.43
PACK-0670,330,8,4,28.0,269.3,0,42.44
PACK-0671,123,7,5,51.5,100.7,0,43.46
PACK-0672,333,2,18,24.7,87.4,0,111.84
PACK-0673,493,6,4,21.4,165.7,0,67.59
PACK-0674,313,7,3,13.1,199.3,0,43.52
PACK-0675,331,7,9,34.4,126.1,0,48.98
PACK-0676,434,5,7,13.6,309.6,0,76.74
PACK-0677,77,4,13,8.7,377.8,0,50.71
PACK-0678,287,8,6,1.3,248.5,0,44.82
PACK-0679,249,3,5,5.6,232.9,1,69.27
PACK-0680,112,7,5,8.4,142.5,1,49.01
PACK-0681,30,4,31,15.1,137.4,1,60.18
PACK-0682,412,8,25,16.7,283.3,0,65.18
PACK-0683,143,6,4,6.6,270.1,1,47.43
PACK-0684,229,6,2,36.5,352.9,0,39.02
PACK-0685,255,3,4,15.4,241.2,0,64.93
PACK-0686,310,3,17,36.7,235.6,0,97.04
PACK-0687,281,4,38,7.0,382.0,0,82.07
PACK-0688,175,3,31,8.8,24.4,0,70.35
PACK-0689,252,7,15,12.2,199.5,0,52.86
PACK-0690,347,4,1,16.6,46.3,0,55.14
PACK-0691,274,5,19,45.3,160.1,1,85.97
PACK-0692,122,6,8,21.9,529.7,1,50.74
PACK-0693,437,6,11,45.4,112.3,0,75.29
PACK-0694,437,3,7,24.6,386.7,0,93.43
PACK-0695,344,1,4,14.4,141.3,1,175.98
PACK-0696,86,8,16,23.7,204.0,1,56.65
PACK-0697,279,1,2,37.8,22.1,0,133.37
PACK-0698,209,4,6,10.6,265.0,0,49.95
PACK-0699,50,5,10,25.8,494.2,0,38.42
PACK-0700,471,2,1,39.6,104.7,0,112.8
PACK-0701,72,3,2,26.1,303.9,0,31.11
PACK-0702,291,1,7,29.5,204.7,0,164.55
PACK-0703,120,5,11,53.6,125.0,1,59.08
PACK-0704,243,4,3,25.9,257.2,1,58.82
PACK-0705,373,7,5,18.6,68.4,0,49.4
PACK-0706,424,5,4,24.3,443.1,0,75.93
PACK-0707,458,7,2,51.9,240.8,0,54.65
PACK-0708,387,2,10,15.1,97.1,0,118.45
PACK-0709,491,6,19,21.0,285.0,0,79.49
PACK-0710,339,1,19,13.0,90.7,0,177.02
PACK-0711,288,5,4,17.7,216.3,0,49.81
PACK-0712,337,4,6,4.9,854.3,0,66.23
PACK-0713,428,7,4,5.8,433.9,1,61.76
PACK-0714,409,3,2,46.0,406.6,0,91.43
PACK-0715,90,1,6,17.9,187.9,0,69.58
PACK-0716,65,8,7,2.6,244.5,0,33.2
PACK-0717,287,3,8,39.2,76.8,0,81.54
PACK-0718,65,2,2,28.6,110.7,0,31.87
PACK-0719,44,5,2,35.6,510.3,0,42.09
PACK-0720,497,7,6,16.4,82.2,0,66.32
PACK-0721,64,7,8,17.0,318.8,0,44.16
PACK-0722,68,6,36,9.3,190.8,1,58.76
PACK-0723,187,3,12,11.2,394.4,1,68.71
PACK-0724,280,6,16,12.3,186.8,0,58.83
PACK-0725,313,8,4,24.6,146.9,0,46.73
PACK-0726,396,8,3,42.8,220.9,1,58.65
PACK-0727,120,2,8,11.5,211.0,0,51.14
PACK-0728,475,1,3,37.3,197.8,0,231.76
PACK-0729,379,6,16,23.8,180.6,0,67.76
PACK-0730,102,3,27,5.3,59.4,0,62.44
PACK-0731,50,4,26,14.2,85.7,1,56.85
PACK-0732,138,1,3,47.9,315.8,0,89.96
PACK-0733,178,2,48,10.0,464.3,0,88.54
PACK-0734,110,3,25,52.3,289.4,0,70.92
PACK-0735,471,8,15,32.6,223.7,0,72.55
PACK-0736,330,5,3,21.2,145.4,0,49.48
PACK-0737,208,2,11,4.6,283.4,0,79.66
PACK-0738,368,6,23,9.2,347.5,1,82.44
PACK-0739,376,5,5,4.5,349.4,0,63.55
PACK-0740,455,5,5,24.8,498.0,0,76.02
PACK-0741,51,1,11,40.4,479.9,0,65.32
PACK-0742,114,1,6,4.3,90.1,0,78.03
PACK-0743,414,3,6,31.6,122.8,0,95.36
PACK-0744,351,5,6,19.2,416.0,0,68.51
PACK-0745,121,4,6,17.3,211.1,0,46.83
PACK-0746,146,5,6,14.2,158.3,1,55.49
PACK-0747,446,1,2,16.9,262.0,0,220.48
PACK-0748,340,4,17,18.8,85.1,0,76.61
PACK-0749,133,2,4,16.2,72.6,0,48.06
PACK-0750,197,8,34,4.6,81.2,1,65.54
PACK-0751,448,6,7,7.4,526.2,0,69.41
PACK-0752,271,6,12,21.0,146.1,0,60.0
PACK-0753,344,3,5,1.9,234.4,0,76.52
PACK-0754,419,3,2,7.3,245.1,1,95.38
PACK-0755,492,7,7,31.6,136.8,0,63.68
PACK-0756,422,8,38,47.0,297.5,0,71.37
PACK-0757,287,5,11,21.2,90.1,0,55.16
PACK-0758,190,5,2,16.7,86.1,0,37.05
PACK-0759,251,5,40,13.8,124.7,0,77.18
PACK-0760,451,1,11,20.7,159.0,0,227.68
PACK-0761,166,1,11,14.9,577.5,1,122.26
PACK-0762,294,8,5,54.9,414.9,0,62.64
PACK-0763,180,7,3,29.5,148.6,1,44.67
PACK-0764,125,3,6,25.8,84.0,0,49.52
PACK-0765,92,6,20,16.0,51.3,1,61.52
PACK-0766,421,5,11,28.1,109.3,0,78.46
PACK-0767,170,8,9,16.0,218.5,1,55.46
PACK-0768,241,7,13,9.2,204.2,0,59.11
PACK-0769,229,5,3,12.1,267.4,0,49.08
PACK-0770,259,6,3,27.4,528.4,0,52.43
PACK-0771,477,6,12,11.6,87.2,0,75.28
PACK-0772,272,4,12,11.0,380.1,0,71.29
PACK-0773,291,1,8,27.2,51.1,0,148.1
PACK-0774,84,7,24,13.1,86.7,1,51.04
PACK-0775,181,5,13,24.4,188.3,1,71.38
PACK-0776,217,4,14,25.0,352.8,0,61.12
PACK-0777,223,6,2,12.4,155.8,0,43.76
PACK-0778,218,6,6,22.6,262.8,0,50.39
PACK-0779,268,3,15,10.0,476.6,1,92.45
PACK-0780,345,1,4,31.1,147.2,0,166.17
PACK-0781,150,1,10,31.1,146.7,0,96.09
PACK-0782,266,2,6,15.0,152.5,0,85.2
PACK-0783,277,3,53,13.9,168.1,0,100.74
PACK-0784,224,8,6,40.0,118.9,1,52.6
PACK-0785,147,5,6,25.4,412.0,0,54.58
PACK-0786,495,8,28,23.1,429.8,0,78.76
PACK-0787,77,8,4,24.2,395.0,0,31.99
PACK-0788,144,1,26,11.8,291.0,0,105.86
PACK-0789,332,7,7,30.1,263.6,0,49.17
PACK-0790,36,6,32,20.7,472.7,0,50.61
PACK-0791,356,5,1,40.7,227.3,0,48.86
PACK-0792,294,2,2,42.4,78.1,0,81.76
PACK-0793,473,4,11,11.7,505.7,1,105.43
PACK-0794,42,6,15,22.8,330.7,0,45.81
PACK-0795,376,1,2,30.3,284.5,0,184.7
PACK-0796,199,5,2,22.8,466.9,1,54.39
PACK-0797,470,1,17,31.1,613.5,1,254.02
PACK-0798,223,7,11,50.8,197.5,0,61.25
PACK-0799,44,3,6,16.6,331.5,1,51.98
PACK-0800,49,7,2,20.4,494.6,0,39.1
PACK-0801,352,6,8,5.6,482.2,0,59.55
PACK-0802,406,4,30,10.7,161.4,0,89.28
PACK-0803,371,5,3,41.6,443.4,0,69.46
PACK-0804,174,3,9,26.1,215.3,0,56.8
PACK-0805,170,8,2,25.5,48.8,0,26.91
PACK-0806,326,6,5,16.1,270.6,0,58.32
PACK-0807,165,8,7,16.6,53.4,0,31.36
PACK-0808,500,6,3,30.0,115.5,1,64.69
PACK-0809,437,6,31,27.3,97.9,0,78.3
PACK-0810,446,4,2,9.2,187.4,0,75.16
PACK-0811,371,6,7,29.6,135.5,0,67.28
PACK-0812,215,3,5,51.5,619.8,0,68.73
PACK-0813,144,6,6,52.6,145.2,0,46.87
PACK-0814,157,8,8,12.3,161.1,0,52.82
PACK-0815,30,8,7,13.0,109.9,1,31.94
PACK-0816,259,1,8,32.8,59.3,0,145.12
PACK-0817,230,5,1,45.4,245.2,0,49.24
PACK-0818,120,6,12,17.1,174.1,0,49.07
PACK-0819,306,8,17,18.1,98.2,0,55.36
PACK-0820,264,6,4,52.6,222.3,0,45.13
PACK-0821,157,4,26,33.7,188.0,0,54.07
PACK-0822,244,1,8,26.6,250.6,1,154.21
PACK-0823,409,3,5,28.5,99.3,0,90.02
PACK-0824,197,6,3,20.5,65.9,1,47.95
PACK-0825,295,3,21,30.7,40.3,0,80.13
PACK-0826,389,1,12,26.3,406.4,0,206.19
PACK-0827,334,2,6,27.3,279.7,0,105.62
PACK-0828,53,8,19,26.8,441.5,1,58.77
PACK-0829,116,2,4,11.0,332.1,0,58.56
PACK-0830,276,3,5,17.9,295.1,1,71.06
PACK-0831,279,7,7,28.1,303.4,0,62.9
PACK-0832,167,2,6,22.5,497.9,0,81.15
PACK-0833,285,2,11,12.2,318.9,0,92.58
PACK-0834,447,6,7,35.1,89.1,0,64.61
PACK-0835,338,6,1,12.4,140.1,0,47.12
PACK-0836,30,1,6,24.8,219.5,0,44.9
PACK-0837,189,8,13,22.1,297.9,0,49.4
PACK-0838,155,3,3,22.5,367.9,0,58.44
PACK-0839,175,2,22,31.4,34.0,0,83.7
PACK-0840,307,8,7,64.3,73.1,0,58.72
PACK-0841,398,8,2,24.9,65.7,0,47.1
PACK-0842,306,8,1,15.8,113.7,0,37.83
PACK-0843,166,1,6,31.5,423.8,1,112.47
PACK-0844,300,1,7,11.7,282.2,0,160.19
PACK-0845,188,6,8,49.2,252.9,0,53.91
PACK-0846,486,7,2,15.9,273.4,0,57.3
PACK-0847,268,2,1,17.8,297.1,0,73.38
PACK-0848,332,6,5,10.5,144.3,1,56.62
PACK-0849,343,2,4,9.9,184.9,0,100.75
PACK-0850,367,7,19,6.1,308.8,0,65.0
PACK-0851,421,5,2,0.9,559.0,0,60.4
PACK-0852,105,4,67,68.1,286.7,0,76.89
PACK-0853,391,1,3,15.6,114.3,0,197.95
PACK-0854,472,8,5,31.9,790.1,0,68.21
PACK-0855,60,4,1,5.4,168.1,0,25.56
PACK-0856,256,4,1,14.5,181.6,0,43.95
PACK-0857,431,3,11,22.6,135.1,1,107.93
PACK-0858,43,2,53,9.7,108.8,0,63.73
PACK-0859,249,4,2,6.0,64.2,0,44.7
PACK-0860,237,8,43,4.6,33.2,1,69.66
PACK-0861,385,5,4,1.3,86.2,0,58.94
PACK-0862,142,8,9,41.1,166.7,0,44.27
PACK-0863,192,8,18,2.2,281.8,0,46.22
PACK-0864,458,2,5,16.3,264.2,0,130.36
PACK-0865,117,4,12,26.8,335.7,0,52.55
PACK-0866,457,7,25,39.2,162.8,0,83.1
PACK-0867,136,6,7,21.1,240.4,0,43.44
PACK-0868,439,7,3,49.2,278.8,0,65.48
PACK-0869,163,7,14,15.8,132.8,0,40.99
PACK-0870,431,6,13,52.6,58.2,0,71.99
PACK-0871,209,6,7,19.2,226.1,1,64.27
PACK-0872,257,5,3,16.0,206.9,0,49.83
PACK-0873,167,1,8,24.5,152.3,0,102.58
PACK-0874,35,7,2,14.7,587.2,0,37.58
PACK-0875,316,8,7,41.2,150.0,0,46.36
PACK-0876,64,8,4,7.4,473.2,0,33.44
PACK-0877,312,5,15,21.0,191.8,0,69.39
PACK-0878,203,1,2,8.3,168.6,0,116.08
PACK-0879,183,7,13,30.3,206.5,0,59.59
PACK-0880,389,8,14,8.7,201.8,0,59.99
PACK-0881,272,1,4,19.3,658.2,0,145.92
PACK-0882,327,1,29,5.1,116.6,0,180.44
PACK-0883,115,2,7,15.1,69.8,1,61.54
PACK-0884,174,8,1,28.5,38.2,0,21.46
PACK-0885,265,6,4,29.9,107.3,0,50.55
PACK-0886,489,8,5,17.7,64.3,0,55.71
PACK-0887,303,4,14,14.1,177.4,0,69.04
PACK-0888,384,1,1,18.6,59.4,0,174.27
PACK-0889,327,8,18,13.4,488.2,1,69.99
PACK-0890,195,6,5,19.6,62.3,0,44.62
PACK-0891,429,7,27,15.2,102.4,0,69.89
PACK-0892,335,5,44,37.7,83.7,0,82.43
PACK-0893,132,5,16,30.3,316.5,1,62.52
PACK-0894,464,7,2,16.8,155.6,0,53.41
PACK-0895,473,2,3,39.2,385.2,0,134.74
PACK-0896,474,7,12,22.8,149.8,0,69.46
PACK-0897,366,4,4,44.9,66.3,1,84.64
PACK-0898,76,1,2,36.2,141.2,0,65.11
PACK-0899,451,3,8,18.2,209.8,0,97.82
PACK-0900,177,2,4,39.3,444.0,0,74.19
PACK-0901,419,8,8,14.5,51.1,0,60.66
PACK-0902,142,8,13,7.9,295.0,1,63.54
PACK-0903,246,2,17,3.2,130.7,0,91.3
PACK-0904,59,2,8,16.7,160.9,1,60.86
PACK-0905,386,1,25,5.3,68.2,0,208.07
PACK-0906,391,7,11,7.5,280.2,0,57.76
PACK-0907,387,7,4,56.7,426.3,0,59.13
PACK-0908,485,8,15,33.9,129.8,0,65.8
PACK-0909,160,3,11,3.3,281.8,1,65.15
PACK-0910,206,7,20,27.2,201.2,0,55.3
PACK-0911,178,4,8,20.0,359.9,0,62.53
PACK-0912,379,5,4,60.2,148.8,0,65.58
PACK-0913,450,2,8,11.8,245.2,0,132.01
PACK-0914,291,4,5,1.4,175.2,0,51.7
PACK-0915,46,7,8,17.4,173.9,1,41.72
PACK-0916,443,1,23,9.5,207.7,0,229.03
PACK-0917,411,6,49,17.2,69.6,0,73.32
PACK-0918,499,7,21,23.7,261.2,0,85.66
PACK-0919,490,6,5,29.4,230.6,0,66.7
PACK-0920,490,6,6,19.3,112.2,0,72.56
PACK-0921,181,5,11,26.1,103.9,1,60.92
PACK-0922,391,3,10,28.5,55.7,0,92.43
PACK-0923,97,7,2,33.1,508.3,0,34.32
PACK-0924,136,8,1,24.5,105.9,0,27.79
PACK-0925,311,6,4,36.0,185.1,0,50.58
PACK-0926,497,7,3,21.5,127.8,0,58.83
PACK-0927,92,1,3,12.2,131.1,0,69.72
PACK-0928,400,2,2,42.1,387.2,0,114.51
PACK-0929,266,6,5,26.8,294.9,0,47.95
PACK-0930,372,4,7,19.8,117.7,0,77.83
PACK-0931,378,8,12,25.7,222.1,1,53.91
PACK-0932,495,7,11,38.8,115.3,0,77.3
PACK-0933,196,4,8,29.0,153.2,0,55.03
PACK-0934,385,2,6,13.7,68.0,0,108.58
PACK-0935,325,1,2,22.4,483.0,0,167.88
PACK-0936,106,3,31,22.4,78.7,0,68.69
PACK-0937,98,8,4,33.4,375.6,0,49.14
PACK-0938,414,3,3,17.4,241.3,1,92.04
PACK-0939,83,3,4,22.2,353.6,0,47.58
PACK-0940,386,8,20,40.5,130.0,0,64.06
PACK-0941,374,7,6,54.2,118.6,0,66.25
PACK-0942,112,3,3,17.7,80.4,0,36.38
PACK-0943,183,7,4,25.0,223.0,0,47.47
PACK-0944,91,1,4,53.2,399.2,0,68.54
PACK-0945,126,1,24,8.4,37.8,0,95.48
PACK-0946,98,8,5,6.4,243.5,0,32.79
PACK-0947,453,3,4,15.3,389.3,0,90.44
PACK-0948,163,8,5,3.8,221.4,0,42.98
PACK-0949,183,2,2,9.1,185.5,0,55.06
PACK-0950,35,2,10,16.0,50.0,0,47.98
PACK-0951,361,4,3,60.1,141.0,0,67.84
PACK-0952,428,7,40,15.6,537.7,0,83.84
PACK-0953,223,3,6,32.5,741.8,1,85.97
PACK-0954,126,6,32,36.6,172.2,1,70.13
PACK-0955,274,2,4,25.0,412.7,1,100.89
PACK-0956,70,2,2,24.8,337.2,0,42.1
PACK-0957,346,8,6,53.6,159.5,0,55.52
PACK-0958,211,5,10,15.0,770.5,0,71.45
PACK-0959,488,5,19,39.8,192.2,0,83.85
PACK-0960,272,5,16,14.8,170.0,1,73.35
PACK-0961,241,5,22,17.1,480.5,0,67.57
PACK-0962,476,4,14,19.9,308.6,1,95.42
PACK-0963,121,2,2,14.7,159.6,0,47.31
PACK-0964,287,4,15,22.4,316.1,1,72.31
PACK-0965,184,3,4,5.4,309.2,0,57.83
PACK-0966,38,3,4,29.7,206.4,0,28.59
PACK-0967,57,8,4,43.1,545.2,0,32.08
PACK-0968,379,5,17,29.9,283.9,0,71.92
PACK-0969,341,4,3,14.8,81.1,1,68.03
PACK-0970,175,8,2,15.3,116.9,0,29.87
PACK-0971,38,5,16,12.6,252.7,0,39.24
PACK-0972,369,4,4,14.4,58.2,0,68.72
PACK-0973,95,4,4,32.9,217.2,1,52.61
PACK-0974,69,5,29,18.0,157.4,0,50.19
PACK-0975,138,4,2,20.9,346.3,1,50.03
PACK-0976,354,7,7,20.3,240.3,0,50.59
PACK-0977,188,6,1,3.5,276.8,1,38.6
PACK-0978,413,2,7,24.7,82.5,0,127.48
PACK-0979,187,1,10,22.1,276.8,0,125.67
PACK-0980,414,7,16,20.4,163.1,0,73.86
PACK-0981,278,6,6,3.6,83.0,1,53.83
PACK-0982,494,1,9,10.7,361.1,0,254.26
PACK-0983,378,1,22,29.7,143.2,0,211.54
PACK-0984,155,8,3,13.8,424.9,1,40.75
PACK-0985,477,5,4,13.9,460.8,0,74.84
PACK-0986,431,1,2,31.6,457.5,0,219.02
PACK-0987,334,3,10,4.7,313.8,0,88.82
PACK-0988,72,8,11,9.2,529.6,0,44.94
PACK-0989,74,3,1,38.3,186.7,0,33.28
PACK-0990,117,7,7,6.7,283.9,0,42.2
PACK-0991,364,3,4,35.3,91.9,0,76.78
PACK-0992,490,2,3,23.3,449.9,1,142.29
PACK-0993,293,6,8,25.1,513.9,0,62.07
PACK-0994,73,7,2,22.1,164.3,0,29.98
PACK-0995,329,6,12,1.1,169.8,0,55.34
PACK-0996,285,1,23,15.4,92.4,1,170.2
PACK-0997,276,7,5,3.4,93.6,1,48.34
PACK-0998,305,5,1,42.0,327.4,0,50.02
PACK-0999,411,1,5,31.5,238.3,0,196.37
PACK-1000,447,2,9,17.3,139.1,0,127.59
PACK-1001,265,2,19,1.2,158.7,0,99.23
PACK-1002,318,1,6,15.7,132.9,0,161.02
PACK-1003,490,3,20,20.9,108.4,0,113.09
PACK-1004,383,1,7,45.8,124.1,1,203.16
PACK-1005,395,1,4,11.8,70.2,1,194.34
PACK-1006,190,2,4,28.7,253.5,0,64.91
PACK-1007,129,5,10,32.2,147.9,0,48.88
PACK-1008,183,6,16,25.2,207.5,0,60.55
PACK-1009,405,7,10,32.3,265.5,0,63.53
PACK-1010,423,1,16,12.4,148.8,0,215.34
PACK-1011,451,6,10,9.5,145.4,1,65.33
PACK-1012,31,6,2,38.8,288.5,0,28.9
PACK-1013,235,5,17,17.4,134.0,0,58.48
PACK-1014,214,1,43,46.2,153.9,0,141.31
PACK-1015,332,6,10,55.8,204.8,0,62.69
PACK-1016,125,4,2,10.4,274.4,1,50.73
PACK-1017,226,6,27,18.3,115.9,0,57.39
PACK-1018,137,2,3,5.8,517.0,0,53.48
PACK-1019,183,7,12,35.7,85.9,0,47.2
PACK-1020,222,6,14,14.5,131.1,0,55.99
PACK-1021,245,4,15,13.5,248.3,0,69.23
PACK-1022,168,7,10,21.3,219.9,0,49.07
PACK-1023,183,5,2,3.6,293.6,0,40.36
PACK-1024,434,3,3,19.8,157.3,0,88.52
PACK-1025,130,2,6,21.8,99.6,1,59.64
PACK-1026,129,7,3,5.1,407.9,0,39.83
PACK-1027,114,5,20,26.2,430.0,0,63.31
PACK-1028,320,6,1,4.8,34.6,0,37.38
PACK-1029,97,7,2,45.5,50.6,0,26.77
PACK-1030,147,8,3,19.7,381.0,0,43.08
PACK-1031,32,4,3,20.4,100.9,0,24.82
PACK-1032,457,7,7,12.3,378.5,0,71.52
PACK-1033,58,7,18,26.2,215.0,1,53.07
PACK-1034,254,6,3,17.8,535.1,0,53.06
PACK-1035,393,5,10,12.3,106.0,1,74.28
PACK-1036,395,5,6,34.9,103.1,0,57.55
PACK-1037,286,8,6,8.2,118.7,0,40.33
PACK-1038,379,2,6,20.0,132.0,0,114.21
PACK-1039,93,8,19,21.9,182.7,0,46.21
PACK-1040,170,6,7,9.1,484.9,0,45.82
PACK-1041,371,5,6,10.0,102.7,0,63.58
PACK-1042,229,3,11,13.3,418.1,0,71.88
PACK-1043,472,5,14,19.9,210.8,0,81.9
PACK-1044,111,7,36,18.5,320.3,0,64.77
PACK-1045,221,6,7,20.2,381.8,0,50.7
PACK-1046,153,5,8,21.5,139.4,0,43.52
PACK-1047,440,1,2,27.7,177.1,0,208.94
PACK-1048,397,8,1,9.7,457.4,0,44.59
PACK-1049,264,1,21,7.8,270.7,0,157.9
PACK-1050,309,2,5,27.9,247.8,0,100.99
PACK-1051,384,5,45,52.9,187.0,0,89.78
PACK-1052,249,4,1,13.0,246.9,0,44.67
PACK-1053,166,5,54,5.3,48.8,0,58.32
PACK-1054,491,2,5,17.9,150.8,1,138.19
PACK-1055,106,3,6,22.0,591.9,0,59.43
PACK-1056,419,2,30,5.7,262.7,0,141.01
PACK-1057,368,8,10,31.0,52.8,0,64.13
PACK-1058,482,8,3,53.8,254.7,0,62.16
PACK-1059,194,4,14,10.3,259.1,0,66.93
PACK-1060,96,6,5,15.3,315.7,0,42.59
PACK-1061,147,5,1,19.3,590.3,0,36.76
PACK-1062,172,6,14,22.9,343.3,0,54.81
PACK-1063,358,1,13,36.4,122.5,0,188.97
PACK-1064,439,3,7,8.4,119.2,0,93.08
PACK-1065,47,8,22,21.1,240.9,0,58.67
PACK-1066,498,7,3,2.8,257.4,0,56.38
PACK-1067,163,2,7,28.9,220.0,0,71.99
PACK-1068,234,8,15,14.8,290.5,0,50.92
PACK-1069,149,7,4,21.1,188.8,0,43.97
PACK-1070,33,3,8,12.1,124.1,0,33.86
PACK-1071,149,4,20,3.0,222.5,1,62.24
PACK-1072,497,2,5,19.7,270.9,0,134.5
PACK-1073,471,1,6,22.0,501.2,0,235.85
PACK-1074,266,8,21,17.1,135.5,1,62.26
PACK-1075,111,5,26,28.1,181.4,0,54.77
PACK-1076,333,5,7,27.5,302.2,0,61.86
PACK-1077,486,8,3,29.0,322.3,1,64.15
PACK-1078,280,4,18,37.3,72.6,0,65.66
PACK-1079,381,8,10,10.4,245.5,0,58.0
PACK-1080,463,7,10,24.5,164.1,0,68.08
PACK-1081,190,3,3,8.7,125.1,0,42.39
PACK-1082,295,7,7,11.3,239.2,0,54.4
PACK-1083,112,1,6,36.6,142.6,0,80.6
PACK-1084,412,1,6,40.0,196.0,0,205.73
PACK-1085,390,2,4,20.7,185.4,0,106.18
PACK-1086,139,5,20,2.8,278.8,0,62.87
PACK-1087,475,3,5,44.0,258.1,0,101.12
PACK-1088,477,1,1,49.7,163.0,0,226.03
PACK-1089,498,1,4,10.5,256.4,0,235.44
PACK-1090,399,5,19,21.3,120.0,0,77.77
PACK-1091,318,7,9,6.5,341.3,0,56.85
PACK-1092,82,7,11,24.2,53.0,0,41.0
PACK-1093,357,6,8,28.1,327.1,1,71.43
PACK-1094,451,7,3,21.3,157.5,0,53.75
PACK-1095,300,1,10,32.8,379.6,0,175.89
PACK-1096,221,2,15,29.8,270.9,0,94.39
PACK-1097,156,6,8,31.6,129.8,0,49.4
PACK-1098,145,5,16,16.0,298.8,0,51.44
PACK-1099,151,8,9,10.2,178.9,0,41.85
PACK-1100,420,4,4,12.9,106.8,0,73.14
PACK-1101,409,7,19,18.9,192.0,0,63.8
PACK-1102,215,4,15,4.2,370.6,0,67.16
PACK-1103,258,2,20,1.1,272.9,0,101.9
PACK-1104,123,4,10,25.3,223.4,0,55.61
PACK-1105,89,5,29,26.1,404.0,0,57.01
PACK-1106,351,4,21,33.8,290.3,0,80.93
PACK-1107,159,8,8,37.3,140.0,0,52.59
PACK-1108,407,1,8,6.4,92.6,0,198.53
PACK-1109,30,6,7,5.2,91.1,0,41.21
PACK-1110,425,2,7,22.0,423.9,0,124.45
PACK-1111,95,8,4,32.6,112.3,0,41.16
PACK-1112,320,6,5,3.2,64.9,0,44.1
PACK-1113,465,8,6,6.6,105.4,0,57.4
PACK-1114,280,1,7,25.0,219.8,1,162.25
PACK-1115,145,2,4,9.6,558.2,0,70.72
PACK-1116,391,8,12,29.8,54.2,0,59.57
PACK-1117,441,3,5,14.1,499.4,0,98.04
PACK-1118,234,1,7,19.3,116.6,0,135.58
PACK-1119,443,6,10,33.9,95.8,0,71.84
PACK-1120,397,2,8,5.7,85.0,1,120.26
PACK-1121,190,6,6,42.7,262.1,0,51.02
PACK-1122,133,5,11,20.1,343.8,0,54.05
PACK-1123,290,7,80,58.8,97.6,0,79.64
PACK-1124,44,8,1,25.5,264.1,0,25.82
PACK-1125,490,2,5,42.4,553.9,0,149.79
PACK-1126,285,7,9,16.5,360.9,0,55.98
PACK-1127,121,1,8,23.3,350.9,1,103.73
PACK-1128,319,3,2,8.0,136.7,0,62.49
PACK-1129,46,8,19,2.7,114.5,0,40.7
PACK-1130,139,7,5,8.4,320.7,0,47.42
PACK-1131,499,1,2,32.4,164.6,0,236.45
PACK-1132,146,4,9,17.1,302.3,0,60.18
PACK-1133,362,3,2,32.3,133.9,0,75.76
PACK-1134,63,3,6,8.6,96.7,1,49.06
PACK-1135,323,1,7,47.9,113.8,0,169.28
PACK-1136,30,2,2,68.1,447.1,0,45.12
PACK-1137,94,4,3,25.4,222.0,1,45.69
PACK-1138,443,1,27,2.7,206.7,1,236.6
PACK-1139,359,2,23,5.5,145.3,0,112.01
PACK-1140,239,1,2,18.1,92.9,0,122.06
PACK-1141,149,7,25,16.6,97.6,0,48.31
PACK-1142,302,7,2,45.2,199.5,0,44.05
PACK-1143,39,8,14,26.2,216.3,0,48.94
PACK-1144,493,4,12,40.0,241.5,0,100.24
PACK-1145,409,2,4,40.0,191.3,1,130.4
PACK-1146,318,1,2,13.1,209.2,0,159.3
PACK-1147,304,5,5,29.3,102.3,0,59.25
PACK-1148,356,3,7,27.3,304.2,0,90.84
PACK-1149,433,5,6,3.3,238.5,0,64.02
PACK-1150,234,8,11,8.7,168.0,0,49.55
PACK-1151,152,2,9,16.6,351.4,0,74.14
PACK-1152,327,3,21,20.1,608.5,0,102.66
PACK-1153,214,4,5,24.4,564.2,1,67.5
PACK-1154,66,4,9,4.1,193.3,1,51.94
PACK-1155,399,7,1,41.5,314.4,1,63.26
PACK-1156,164,6,9,33.0,407.4,0,55.34
PACK-1157,338,7,40,39.8,274.4,0,73.97
PACK-1158,296,3,6,17.0,84.5,0,75.39
PACK-1159,88,6,2,29.5,335.2,0,28.51
PACK-1160,472,4,31,9.0,268.6,1,103.83
PACK-1161,105,6,5,8.1,211.9,0,38.43
PACK-1162,460,8,1,30.6,223.4,0,45.12
PACK-1163,236,4,1,23.7,36.0,0,47.92
PACK-1164,108,6,14,19.0,126.2,0,49.18
PACK-1165,326,2,67,20.2,99.2,0,124.85
PACK-1166,365,3,38,14.5,135.1,0,99.73
PACK-1167,443,8,5,6.4,407.6,0,56.11
PACK-1168,368,8,6,5.5,224.7,0,49.03
PACK-1169,500,6,8,24.8,181.7,1,75.41
PACK-1170,159,4,2,15.1,147.7,0,44.5
PACK-1171,219,4,3,30.6,143.7,0,50.04
PACK-1172,118,7,10,8.0,399.5,0,53.41
PACK-1173,264,1,9,14.1,371.3,0,149.39
PACK-1174,84,2,30,8.4,44.0,0,62.19
PACK-1175,328,3,9,28.2,281.0,0,87.66
PACK-1176,372,8,5,8.1,92.9,0,42.95
PACK-1177,442,8,12,23.6,131.3,0,60.19
PACK-1178,384,2,21,9.4,221.5,1,130.28
PACK-1179,340,6,80,14.7,380.0,0,83.8
PACK-1180,453,8,6,13.9,346.8,0,55.62
PACK-1181,277,8,5,37.9,90.6,0,47.43
PACK-1182,142,2,6,11.4,122.4,0,68.23
PACK-1183,268,5,1,37.7,139.4,0,42.29
PACK-1184,339,1,11,25.9,335.2,0,180.75
PACK-1185,166,5,13,14.5,163.9,0,62.57
PACK-1186,393,7,34,18.6,161.3,0,71.63
PACK-1187,361,7,7,11.4,153.6,0,50.77
PACK-1188,282,4,8,30.3,221.2,0,66.92
PACK-1189,55,5,36,33.4,87.3,0,56.07
PACK-1190,241,3,8,11.0,243.6,0,62.09
PACK-1191,244,2,5,51.5,195.9,0,92.04
PACK-1192,389,1,9,31.6,32.9,0,201.53
PACK-1193,364,2,22,36.7,96.0,0,122.44
PACK-1194,365,2,4,19.2,572.3,1,118.28
PACK-1195,168,6,16,16.1,186.9,0,54.04
PACK-1196,344,8,4,3.0,328.6,0,47.06
PACK-1197,408,5,9,16.6,263.3,0,71.85
PACK-1198,190,2,1,1.5,127.0,0,51.06
PACK-1199,99,8,3,5.7,121.9,0,34.18
PACK-1200,250,8,8,26.3,271.8,1,55.33
