trip_id,started_at,member_type,purpose,distance_km,duration_min,rain_mm
HV-0319,2026-04-01 06:10,Member,Commute,5.01,17.3,0.0
HV-0068,2026-04-01 07:50,Day pass,Errand,2.54,15.5,0.0
HV-0241,2026-04-01 08:38,Member,Errand,3.31,24.1,0.0
HV-0363,2026-04-01 08:48,Member,Commute,6.59,30.2,0.0
HV-0578,2026-04-01 09:13,Member,Commute,4.37,16.1,0.0
HV-0042,2026-04-01 12:07,Day pass,Errand,4.08,23.6,0.0
HV-0565,2026-04-01 12:15,Member,Commute,5.92,25.4,0.0
HV-0429,2026-04-01 13:00,Member,Errand,2.85,19.4,0.0
HV-0338,2026-04-01 13:19,Day pass,Commute,4.17,22.6,0.0
HV-0411,2026-04-01 13:52,Member,Errand,2.17,13.2,0.0
HV-0408,2026-04-01 14:04,Day pass,Errand,3.58,19.1,0.0
HV-0128,2026-04-01 14:11,Member,Commute,4.26,21.1,0.0
HV-0040,2026-04-01 17:27,Member,Commute,4.3,13.9,0.0
HV-0198,2026-04-01 18:58,Member,Commute,4.23,23.8,0.0
HV-0011,2026-04-02 09:30,Member,Leisure,9.55,51.9,0.0
HV-0041,2026-04-02 10:31,Member,Errand,2.25,13.2,0.0
HV-0478,2026-04-02 11:30,Member,Commute,4.13,15.5,0.0
HV-0247,2026-04-02 13:38,Member,Commute,4.16,22.4,0.0
HV-0317,2026-04-02 19:24,Member,Commute,3.17,11.2,0.0
HV-0121,2026-04-02 19:46,Day pass,Errand,5.12,30.6,0.0
HV-0563,2026-04-02 20:21,Member,Commute,2.49,10.1,0.0
HV-0414,2026-04-02 20:28,Member,Commute,4.87,19.0,0.0
HV-0323,2026-04-02 22:16,Member,Commute,8.74,35.4,0.0
HV-0118,2026-04-03 07:14,Member,Commute,12.55,49.5,1.3
HV-0468,2026-04-03 09:00,Member,Errand,3.81,25.0,1.3
HV-0588,2026-04-03 09:58,Day pass,Commute,3.18,15.3,1.3
HV-0610,2026-04-03 10:40,Member,Errand,3.03,20.2,1.3
HV-0598,2026-04-03 11:09,Member,Commute,5.81,24.1,1.3
HV-0341,2026-04-03 16:01,Day pass,Commute,3.4,16.9,1.3
HV-0447,2026-04-03 16:51,Member,Commute,2.74,7.9,1.3
HV-0293,2026-04-03 17:11,Day pass,Commute,3.72,19.2,1.3
HV-0091,2026-04-03 18:34,Member,Commute,4.07,20.0,1.3
HV-0119,2026-04-03 18:49,Member,Commute,3.02,13.6,1.3
HV-0413,2026-04-03 20:38,Member,Commute,2.38,10.8,1.3
HV-0151,2026-04-03 21:36,Member,Commute,3.61,14.0,1.3
HV-0612,2026-04-04 07:50,Day pass,Leisure,6.88,37.5,0.0
HV-0542,2026-04-04 09:22,Member,Errand,4.28,23.0,0.0
HV-0619,2026-04-04 09:42,Day pass,Leisure,4.31,24.2,0.0
HV-0140,2026-04-04 13:22,Day pass,Leisure,7.56,40.9,0.0
HV-0248,2026-04-04 14:07,Day pass,Leisure,8.82,46.6,0.0
HV-0260,2026-04-04 14:55,Member,Errand,3.56,25.7,0.0
HV-0353,2026-04-04 15:22,Day pass,Errand,5.0,32.4,0.0
HV-0493,2026-04-04 15:53,Member,Commute,4.12,17.9,0.0
HV-0516,2026-04-04 16:18,Day pass,Errand,3.8,27.5,0.0
HV-0539,2026-04-04 16:58,Member,Leisure,5.04,29.2,0.0
HV-0020,2026-04-04 17:55,Member,Commute,4.27,18.7,0.0
HV-0664,2026-04-04 18:50,Day pass,Commute,2.87,9.9,0.0
HV-0139,2026-04-04 20:37,Member,Errand,4.12,28.1,0.0
HV-0487,2026-04-05 07:03,Member,Leisure,8.66,41.0,0.0
HV-0629,2026-04-05 14:40,Member,Leisure,7.49,36.1,0.0
HV-0014,2026-04-05 14:44,Day pass,Commute,5.86,18.9,0.0
HV-0349,2026-04-05 15:13,Day pass,Errand,3.06,22.0,0.0
HV-0029,2026-04-05 15:45,Day pass,Leisure,6.31,30.9,0.0
HV-0038,2026-04-05 16:21,Day pass,Errand,2.62,13.2,0.0
HV-0102,2026-04-05 17:28,Day pass,Errand,2.96,19.3,0.0
HV-0645,2026-04-05 17:42,Day pass,Commute,3.11,10.8,0.0
HV-0566,2026-04-05 18:20,Member,Errand,3.47,25.0,0.0
HV-0209,2026-04-05 18:30,Member,Leisure,7.05,38.0,0.0
HV-0141,2026-04-05 19:11,Day pass,Leisure,10.23,51.1,0.0
HV-0551,2026-04-05 19:50,Day pass,Leisure,5.86,30.3,0.0
HV-0282,2026-04-05 20:05,Member,Leisure,7.82,41.1,0.0
HV-0599,2026-04-06 07:25,Member,Commute,3.76,14.9,5.7
HV-0440,2026-04-06 08:55,Member,Commute,5.31,20.3,5.7
HV-0368,2026-04-06 09:09,Day pass,Errand,3.88,29.5,5.7
HV-0245,2026-04-06 09:25,Member,Commute,2.81,14.4,5.7
HV-0555,2026-04-06 09:46,Member,Commute,5.97,25.3,5.7
HV-0438,2026-04-06 10:45,Member,Errand,4.02,27.3,5.7
HV-0518,2026-04-06 12:08,Member,Commute,3.44,16.1,5.7
HV-0697,2026-04-06 12:31,Member,Commute,5.86,29.5,5.7
HV-0207,2026-04-06 13:17,Member,Commute,7.44,32.0,5.7
HV-0410,2026-04-06 15:24,Member,Commute,2.21,11.0,5.7
HV-0441,2026-04-06 17:31,Member,Commute,6.02,27.4,5.7
HV-0132,2026-04-06 18:14,Member,Commute,3.71,22.7,5.7
HV-0649,2026-04-06 18:31,Member,Commute,4.24,15.9,5.7
HV-0393,2026-04-06 18:42,Day pass,Commute,3.45,15.5,5.7
HV-0497,2026-04-06 19:01,Member,Commute,6.64,25.8,5.7
HV-0507,2026-04-06 19:46,Member,Commute,2.72,12.8,5.7
HV-0275,2026-04-07 08:03,Member,Commute,5.81,27.1,5.8
HV-0448,2026-04-07 09:42,Member,Commute,3.46,18.7,5.8
HV-0175,2026-04-07 09:49,Member,Errand,3.53,20.8,5.8
HV-0348,2026-04-07 16:01,Member,Commute,6.77,28.0,5.8
HV-0286,2026-04-07 18:33,Day pass,Commute,5.81,26.8,5.8
HV-0239,2026-04-07 18:53,Day pass,Errand,3.46,30.2,5.8
HV-0288,2026-04-07 20:34,Member,Commute,3.75,18.6,5.8
HV-0104,2026-04-07 22:06,Day pass,Errand,3.23,19.4,5.8
HV-0164,2026-04-08 07:18,Member,Commute,6.35,25.0,0.0
HV-0695,2026-04-08 08:09,Member,Commute,3.89,11.7,0.0
HV-0265,2026-04-08 08:30,Member,Commute,3.76,16.3,0.0
HV-0096,2026-04-08 09:34,Member,Commute,3.38,10.4,0.0
HV-0676,2026-04-08 09:40,Member,Commute,3.87,18.5,0.0
HV-0669,2026-04-08 11:34,Member,Errand,2.89,22.8,0.0
HV-0034,2026-04-08 12:47,Day pass,Commute,2.16,9.6,0.0
HV-0084,2026-04-08 13:45,Member,Commute,4.67,19.0,0.0
HV-0228,2026-04-08 16:01,Member,Commute,5.53,24.2,0.0
HV-0226,2026-04-08 16:09,Member,Leisure,13.06,60.0,0.0
HV-0080,2026-04-08 16:37,Member,Commute,3.22,13.8,0.0
HV-0278,2026-04-08 17:49,Member,Commute,3.31,8.8,0.0
HV-0419,2026-04-08 19:14,Member,Commute,2.86,12.5,0.0
HV-0326,2026-04-09 08:58,Member,Commute,3.08,13.5,2.8
HV-0382,2026-04-09 09:35,Member,Commute,5.6,23.6,2.8
HV-0528,2026-04-09 09:57,Member,Commute,6.51,28.3,2.8
HV-0513,2026-04-09 11:01,Member,Commute,4.65,19.3,2.8
HV-0564,2026-04-09 11:55,Member,Leisure,5.59,30.7,2.8
HV-0573,2026-04-09 15:22,Member,Leisure,8.95,46.6,2.8
HV-0303,2026-04-09 16:33,Member,Commute,4.21,14.3,2.8
HV-0214,2026-04-09 19:53,Day pass,Commute,2.96,13.0,2.8
HV-0179,2026-04-09 20:14,Member,Commute,8.81,37.5,2.8
HV-0028,2026-04-09 21:02,Member,Commute,3.42,20.1,2.8
HV-0335,2026-04-10 07:24,Member,Errand,4.18,25.6,0.0
HV-0484,2026-04-10 07:28,Member,Commute,3.29,10.8,0.0
HV-0266,2026-04-10 09:13,Member,Errand,4.17,22.1,0.0
HV-0337,2026-04-10 09:46,Member,Commute,3.93,17.2,0.0
HV-0019,2026-04-10 10:56,Member,Commute,4.31,19.7,0.0
HV-0581,2026-04-10 11:45,Member,Errand,3.79,22.0,0.0
HV-0492,2026-04-10 14:27,Member,Commute,5.47,22.0,0.0
HV-0571,2026-04-10 16:57,Member,Commute,6.36,28.0,0.0
HV-0361,2026-04-10 17:14,Day pass,Errand,2.34,15.2,0.0
HV-0714,2026-04-10 17:18,Member,Commute,4.3,16.1,0.0
HV-0033,2026-04-10 17:34,Day pass,Leisure,7.82,43.6,0.0
HV-0376,2026-04-10 18:57,Member,Commute,4.08,16.5,0.0
HV-0455,2026-04-10 19:18,Member,Commute,5.13,21.5,0.0
HV-0707,2026-04-10 20:02,Member,Commute,5.59,23.8,0.0
HV-0614,2026-04-10 20:06,Member,Commute,6.91,31.2,0.0
HV-0567,2026-04-11 07:06,Member,Leisure,8.76,49.9,0.0
HV-0149,2026-04-11 09:00,Day pass,Leisure,7.44,33.3,0.0
HV-0445,2026-04-11 09:25,Day pass,Commute,4.52,22.3,0.0
HV-0482,2026-04-11 09:55,Member,Leisure,10.55,52.0,0.0
HV-0010,2026-04-11 12:39,Member,Leisure,11.02,55.5,0.0
HV-0432,2026-04-11 12:43,Member,Leisure,3.68,23.1,0.0
HV-0163,2026-04-11 15:16,Member,Errand,1.56,8.5,0.0
HV-0090,2026-04-11 16:32,Day pass,Leisure,11.62,63.0,0.0
HV-0460,2026-04-11 18:25,Day pass,Commute,6.4,28.1,0.0
HV-0504,2026-04-11 19:14,Member,Commute,2.97,14.0,0.0
HV-0456,2026-04-11 19:32,Day pass,Commute,3.3,16.0,0.0
HV-0031,2026-04-11 20:01,Member,Leisure,11.64,55.2,0.0
HV-0170,2026-04-11 20:48,Day pass,Leisure,8.29,42.3,0.0
HV-0692,2026-04-12 06:46,Member,Leisure,7.76,39.8,0.0
HV-0553,2026-04-12 08:52,Member,Leisure,10.06,49.5,0.0
HV-0305,2026-04-12 09:41,Day pass,Leisure,7.39,39.4,0.0
HV-0073,2026-04-12 09:52,Member,Leisure,10.06,51.3,0.0
HV-0392,2026-04-12 10:16,Member,Leisure,11.61,58.0,0.0
HV-0227,2026-04-12 11:12,Day pass,Leisure,2.88,15.4,0.0
HV-0060,2026-04-12 16:01,Member,Errand,2.85,15.8,0.0
HV-0500,2026-04-12 19:08,Day pass,Errand,3.63,23.2,0.0
HV-0156,2026-04-12 19:29,Member,Errand,3.57,24.6,0.0
HV-0346,2026-04-12 19:55,Member,Errand,4.53,27.0,0.0
HV-0271,2026-04-12 19:59,Day pass,Errand,3.17,22.9,0.0
HV-0427,2026-04-13 07:06,Day pass,Commute,5.97,24.7,0.3
HV-0186,2026-04-13 08:00,Day pass,Errand,4.0,21.5,0.3
HV-0075,2026-04-13 08:40,Day pass,Leisure,6.14,37.8,0.3
HV-0255,2026-04-13 09:04,Day pass,Errand,3.09,20.1,0.3
HV-0044,2026-04-13 09:35,Member,Errand,2.46,20.1,0.3
HV-0035,2026-04-13 13:46,Member,Errand,3.75,20.4,0.3
HV-0092,2026-04-13 14:16,Member,Leisure,5.46,32.4,0.3
HV-0430,2026-04-13 14:48,Member,Errand,2.86,20.3,0.3
HV-0181,2026-04-13 15:30,Day pass,Commute,4.74,26.8,0.3
HV-0673,2026-04-13 15:33,Member,Commute,4.86,18.1,0.3
HV-0589,2026-04-13 17:56,Member,Commute,5.48,21.2,0.3
HV-0002,2026-04-13 18:05,Member,Errand,4.23,30.3,0.3
HV-0295,2026-04-13 18:41,Member,Leisure,5.25,26.4,0.3
HV-0332,2026-04-13 18:41,Member,Commute,3.34,13.4,0.3
HV-0069,2026-04-13 21:46,Member,Commute,3.37,19.3,0.3
HV-0062,2026-04-14 07:02,Day pass,Leisure,10.03,49.4,2.2
HV-0434,2026-04-14 07:04,Member,Commute,3.93,19.1,2.2
HV-0056,2026-04-14 09:21,Day pass,Commute,2.94,15.3,2.2
HV-0089,2026-04-14 11:08,Member,Errand,4.08,20.6,2.2
HV-0720,2026-04-14 11:16,Day pass,Leisure,8.35,38.2,2.2
HV-0304,2026-04-14 12:41,Day pass,Errand,2.59,17.9,2.2
HV-0622,2026-04-14 13:21,Day pass,Commute,3.3,18.3,2.2
HV-0211,2026-04-14 14:34,Member,Commute,5.41,25.2,2.2
HV-0681,2026-04-14 16:54,Day pass,Errand,2.87,21.2,2.2
HV-0122,2026-04-14 16:57,Member,Errand,7.28,40.9,2.2
HV-0415,2026-04-14 17:21,Day pass,Errand,4.54,23.4,2.2
HV-0620,2026-04-14 17:58,Member,Commute,4.11,21.3,2.2
HV-0110,2026-04-14 19:54,Day pass,Leisure,7.44,41.1,2.2
HV-0051,2026-04-14 21:02,Member,Commute,3.34,21.6,2.2
HV-0078,2026-04-15 08:21,Day pass,Commute,2.74,15.9,0.0
HV-0474,2026-04-15 08:39,Day pass,Errand,2.52,17.2,0.0
HV-0269,2026-04-15 17:12,Member,Commute,3.76,13.8,0.0
HV-0143,2026-04-15 17:27,Member,Errand,5.4,30.5,0.0
HV-0264,2026-04-15 18:49,Member,Commute,4.93,16.7,0.0
HV-0443,2026-04-15 19:43,Member,Commute,2.46,10.4,0.0
HV-0628,2026-04-15 20:06,Member,Errand,3.43,19.4,0.0
HV-0212,2026-04-15 20:23,Day pass,Leisure,8.42,46.7,0.0
HV-0608,2026-04-16 10:05,Member,Errand,2.95,21.1,0.0
HV-0384,2026-04-16 10:28,Member,Errand,2.05,18.8,0.0
HV-0562,2026-04-16 13:22,Day pass,Errand,2.65,17.5,0.0
HV-0663,2026-04-16 13:54,Member,Commute,2.64,16.0,0.0
HV-0021,2026-04-16 14:45,Member,Commute,3.91,17.9,0.0
HV-0307,2026-04-16 15:36,Member,Commute,3.77,17.4,0.0
HV-0691,2026-04-16 15:38,Member,Commute,3.06,9.6,0.0
HV-0171,2026-04-16 15:41,Day pass,Commute,4.13,16.7,0.0
HV-0501,2026-04-16 16:51,Member,Commute,3.82,15.0,0.0
HV-0541,2026-04-16 19:19,Member,Commute,2.99,19.1,0.0
HV-0178,2026-04-16 20:07,Member,Errand,3.4,25.2,0.0
HV-0169,2026-04-17 07:45,Member,Errand,1.96,15.1,0.7
HV-0017,2026-04-17 09:53,Member,Commute,6.27,27.9,0.7
HV-0222,2026-04-17 10:09,Day pass,Errand,3.15,25.2,0.7
HV-0331,2026-04-17 10:57,Day pass,Leisure,6.31,39.2,0.7
HV-0176,2026-04-17 11:25,Day pass,Leisure,8.02,44.4,0.7
HV-0046,2026-04-17 13:31,Member,Commute,6.74,22.1,0.7
HV-0270,2026-04-17 14:25,Member,Errand,4.65,30.5,0.7
HV-0112,2026-04-17 14:42,Member,Errand,4.57,33.6,0.7
HV-0356,2026-04-17 16:11,Member,Commute,5.24,21.5,0.7
HV-0117,2026-04-17 17:02,Member,Errand,3.58,24.5,0.7
HV-0200,2026-04-17 17:03,Day pass,Commute,4.44,19.4,0.7
HV-0613,2026-04-17 17:54,Member,Commute,3.9,18.1,0.7
HV-0294,2026-04-17 18:08,Member,Commute,4.61,21.9,0.7
HV-0404,2026-04-18 08:41,Member,Commute,4.57,17.5,0.0
HV-0596,2026-04-18 09:59,Member,Leisure,5.16,28.2,0.0
HV-0262,2026-04-18 12:49,Day pass,Leisure,7.74,44.3,0.0
HV-0569,2026-04-18 13:28,Day pass,Errand,3.13,26.3,0.0
HV-0047,2026-04-18 15:49,Day pass,Leisure,5.03,24.2,0.0
HV-0464,2026-04-18 16:53,Member,Commute,6.85,29.6,0.0
HV-0459,2026-04-18 17:24,Member,Leisure,6.06,29.1,0.0
HV-0602,2026-04-18 17:33,Member,Leisure,6.32,35.3,0.0
HV-0715,2026-04-18 17:40,Member,Errand,2.72,16.3,0.0
HV-0502,2026-04-18 17:44,Member,Leisure,5.18,28.0,0.0
HV-0458,2026-04-18 18:50,Member,Errand,2.8,17.8,0.0
HV-0557,2026-04-19 09:49,Member,Commute,1.96,11.0,4.1
HV-0625,2026-04-19 10:06,Member,Errand,5.14,33.1,4.1
HV-0584,2026-04-19 11:05,Member,Errand,4.66,30.0,4.1
HV-0229,2026-04-19 13:07,Member,Leisure,6.42,30.2,4.1
HV-0450,2026-04-19 15:16,Day pass,Leisure,8.69,46.8,4.1
HV-0711,2026-04-19 16:07,Member,Leisure,6.55,33.2,4.1
HV-0085,2026-04-19 16:10,Member,Commute,5.86,27.2,4.1
HV-0238,2026-04-19 16:32,Day pass,Leisure,9.83,50.8,4.1
HV-0709,2026-04-19 16:40,Day pass,Leisure,8.07,47.6,4.1
HV-0479,2026-04-19 16:50,Member,Commute,2.2,12.6,4.1
HV-0094,2026-04-19 17:56,Member,Leisure,4.11,27.9,4.1
HV-0437,2026-04-19 19:55,Member,Commute,4.37,19.7,4.1
HV-0359,2026-04-19 20:19,Member,Leisure,5.4,32.9,4.1
HV-0488,2026-04-19 22:34,Day pass,Leisure,5.91,42.5,4.1
HV-0636,2026-04-20 06:37,Member,Commute,3.02,13.8,0.0
HV-0524,2026-04-20 07:56,Day pass,Errand,4.65,25.0,0.0
HV-0253,2026-04-20 08:27,Member,Commute,5.88,25.4,0.0
HV-0095,2026-04-20 08:30,Member,Commute,5.04,21.4,0.0
HV-0113,2026-04-20 09:53,Member,Commute,4.18,17.0,0.0
HV-0289,2026-04-20 10:30,Member,Errand,3.24,26.6,0.0
HV-0202,2026-04-20 11:38,Member,Commute,3.07,11.8,0.0
HV-0125,2026-04-20 12:57,Member,Errand,4.37,23.8,0.0
HV-0655,2026-04-20 16:07,Member,Commute,3.99,17.3,0.0
HV-0435,2026-04-20 18:37,Member,Commute,5.38,19.7,0.0
HV-0196,2026-04-20 18:52,Member,Commute,7.42,28.2,0.0
HV-0698,2026-04-20 18:53,Member,Errand,3.22,21.8,0.0
HV-0535,2026-04-20 19:02,Day pass,Commute,3.34,11.8,0.0
HV-0024,2026-04-20 22:24,Member,Commute,4.23,18.4,0.0
HV-0088,2026-04-21 10:03,Member,Commute,5.12,21.8,0.0
HV-0615,2026-04-21 10:54,Member,Commute,3.53,14.4,0.0
HV-0243,2026-04-21 11:47,Member,Commute,4.41,17.3,0.0
HV-0107,2026-04-21 13:31,Member,Commute,5.44,21.9,0.0
HV-0703,2026-04-21 17:38,Day pass,Commute,3.79,18.2,0.0
HV-0572,2026-04-21 20:10,Day pass,Commute,2.72,12.6,0.0
HV-0101,2026-04-22 07:36,Member,Commute,2.87,18.0,0.0
HV-0641,2026-04-22 08:11,Member,Commute,2.86,11.0,0.0
HV-0639,2026-04-22 10:17,Member,Commute,4.49,13.7,0.0
HV-0277,2026-04-22 10:25,Day pass,Errand,5.84,36.3,0.0
HV-0476,2026-04-22 12:09,Member,Commute,2.96,11.7,0.0
HV-0483,2026-04-22 14:48,Day pass,Commute,5.59,23.7,0.0
HV-0244,2026-04-22 16:00,Member,Commute,3.04,11.8,0.0
HV-0016,2026-04-22 18:06,Member,Errand,5.15,29.0,0.0
HV-0453,2026-04-22 18:25,Day pass,Errand,4.29,28.1,0.0
HV-0005,2026-04-22 18:31,Member,Errand,2.25,15.7,0.0
HV-0039,2026-04-22 22:18,Day pass,Leisure,6.54,37.7,0.0
HV-0161,2026-04-23 08:21,Day pass,Errand,5.61,29.3,6.1
HV-0333,2026-04-23 08:36,Member,Commute,6.42,29.9,6.1
HV-0436,2026-04-23 08:38,Member,Commute,2.97,15.1,6.1
HV-0311,2026-04-23 09:00,Member,Commute,2.78,12.2,6.1
HV-0273,2026-04-23 12:53,Day pass,Commute,4.51,21.0,6.1
HV-0424,2026-04-23 15:14,Member,Commute,4.43,18.3,6.1
HV-0251,2026-04-23 15:23,Member,Commute,5.64,25.7,6.1
HV-0490,2026-04-23 16:28,Day pass,Commute,3.51,11.0,6.1
HV-0355,2026-04-23 16:52,Member,Commute,5.16,25.2,6.1
HV-0699,2026-04-23 17:19,Member,Errand,2.37,17.4,6.1
HV-0580,2026-04-23 17:46,Member,Commute,4.56,20.5,6.1
HV-0350,2026-04-23 17:48,Member,Errand,4.29,30.3,6.1
HV-0312,2026-04-23 18:22,Member,Errand,2.98,23.1,6.1
HV-0343,2026-04-23 18:24,Member,Errand,2.27,17.9,6.1
HV-0591,2026-04-23 19:01,Day pass,Commute,7.8,38.4,6.1
HV-0043,2026-04-23 19:58,Member,Commute,4.59,19.5,6.1
HV-0494,2026-04-23 19:58,Member,Errand,2.93,23.2,6.1
HV-0267,2026-04-23 20:00,Member,Commute,4.92,25.5,6.1
HV-0006,2026-04-24 09:54,Member,Leisure,9.1,51.7,0.0
HV-0197,2026-04-24 10:42,Member,Commute,3.43,15.7,0.0
HV-0183,2026-04-24 10:57,Day pass,Commute,3.72,18.1,0.0
HV-0391,2026-04-24 11:23,Member,Commute,4.23,16.8,0.0
HV-0662,2026-04-24 15:35,Member,Errand,4.09,25.9,0.0
HV-0603,2026-04-24 16:05,Member,Commute,4.67,24.0,0.0
HV-0103,2026-04-24 19:55,Member,Commute,4.17,15.4,0.0
HV-0559,2026-04-25 07:05,Day pass,Errand,3.26,21.0,0.0
HV-0690,2026-04-25 07:51,Day pass,Leisure,6.48,32.1,0.0
HV-0188,2026-04-25 07:57,Day pass,Leisure,6.08,31.2,0.0
HV-0027,2026-04-25 08:34,Member,Leisure,7.11,39.7,0.0
HV-0454,2026-04-25 10:30,Day pass,Errand,3.75,25.7,0.0
HV-0531,2026-04-25 12:20,Member,Leisure,9.58,50.0,0.0
HV-0395,2026-04-25 15:06,Day pass,Leisure,7.05,41.6,0.0
HV-0433,2026-04-25 16:42,Day pass,Leisure,5.72,28.9,0.0
HV-0250,2026-04-25 16:54,Member,Leisure,7.95,40.3,0.0
HV-0087,2026-04-25 17:10,Day pass,Leisure,7.98,42.7,0.0
HV-0538,2026-04-25 18:03,Day pass,Leisure,7.51,37.9,0.0
HV-0322,2026-04-25 18:09,Day pass,Leisure,6.94,35.4,0.0
HV-0537,2026-04-25 18:58,Member,Leisure,8.69,44.9,0.0
HV-0590,2026-04-25 21:28,Day pass,Leisure,5.32,29.8,0.0
HV-0388,2026-04-26 07:56,Day pass,Leisure,7.28,39.5,0.0
HV-0299,2026-04-26 08:11,Member,Leisure,7.22,34.9,0.0
HV-0666,2026-04-26 08:12,Member,Commute,3.19,13.7,0.0
HV-0548,2026-04-26 08:27,Member,Leisure,11.64,55.1,0.0
HV-0114,2026-04-26 09:06,Member,Commute,2.9,18.7,0.0
HV-0050,2026-04-26 09:44,Day pass,Errand,2.91,24.6,0.0
HV-0661,2026-04-26 12:15,Day pass,Leisure,5.46,29.9,0.0
HV-0475,2026-04-26 13:35,Member,Leisure,3.43,17.5,0.0
HV-0252,2026-04-26 14:28,Member,Leisure,8.05,43.1,0.0
HV-0556,2026-04-26 16:51,Day pass,Errand,1.9,13.2,0.0
HV-0505,2026-04-26 17:32,Member,Leisure,5.98,35.8,0.0
HV-0215,2026-04-26 17:40,Day pass,Leisure,8.08,40.3,0.0
HV-0451,2026-04-26 18:02,Day pass,Leisure,5.12,24.5,0.0
HV-0674,2026-04-26 19:37,Member,Leisure,7.18,37.8,0.0
HV-0710,2026-04-26 21:36,Day pass,Commute,3.0,14.6,0.0
HV-0336,2026-04-27 08:35,Member,Commute,4.35,13.0,0.0
HV-0224,2026-04-27 08:39,Member,Commute,4.97,14.7,0.0
HV-0201,2026-04-27 09:09,Member,Commute,2.78,17.3,0.0
HV-0362,2026-04-27 09:10,Member,Commute,3.0,13.0,0.0
HV-0708,2026-04-27 12:06,Member,Commute,3.92,18.2,0.0
HV-0065,2026-04-27 14:30,Member,Leisure,8.04,40.6,0.0
HV-0461,2026-04-27 15:35,Member,Commute,5.16,24.5,0.0
HV-0684,2026-04-27 16:21,Day pass,Errand,2.32,20.2,0.0
HV-0670,2026-04-27 17:28,Day pass,Errand,2.77,16.3,0.0
HV-0515,2026-04-27 18:34,Member,Commute,3.1,13.2,0.0
HV-0637,2026-04-27 20:32,Day pass,Errand,2.42,8.3,0.0
HV-0378,2026-04-28 06:35,Day pass,Errand,5.05,35.6,0.0
HV-0309,2026-04-28 07:12,Member,Commute,3.95,19.0,0.0
HV-0111,2026-04-28 11:44,Member,Leisure,14.08,71.7,0.0
HV-0007,2026-04-28 14:05,Member,Commute,3.8,18.8,0.0
HV-0491,2026-04-28 15:29,Member,Commute,4.94,15.1,0.0
HV-0036,2026-04-28 15:42,Day pass,Errand,3.75,22.9,0.0
HV-0049,2026-04-28 17:15,Member,Leisure,10.51,49.9,0.0
HV-0422,2026-04-28 18:09,Member,Commute,2.84,13.5,0.0
HV-0423,2026-04-28 18:14,Day pass,Errand,3.26,19.4,0.0
HV-0137,2026-04-28 18:25,Member,Errand,3.73,21.5,0.0
HV-0106,2026-04-28 21:04,Member,Commute,9.46,35.0,0.0
HV-0232,2026-04-29 07:51,Member,Commute,3.69,16.6,6.6
HV-0374,2026-04-29 08:51,Day pass,Leisure,9.12,49.8,6.6
HV-0544,2026-04-29 12:52,Member,Commute,2.53,9.2,6.6
HV-0280,2026-04-29 14:21,Member,Errand,4.77,32.8,6.6
HV-0682,2026-04-29 16:26,Member,Commute,6.82,30.9,6.6
HV-0276,2026-04-29 17:38,Member,Commute,2.56,16.7,6.6
HV-0659,2026-04-29 21:18,Member,Leisure,6.5,36.7,6.6
HV-0354,2026-04-30 07:23,Day pass,Commute,4.5,24.5,13.0
HV-0675,2026-04-30 09:27,Member,Commute,5.82,25.9,13.0
HV-0605,2026-04-30 09:34,Member,Commute,2.67,11.9,13.0
HV-0185,2026-04-30 10:44,Member,Errand,5.07,32.7,13.0
HV-0191,2026-04-30 12:48,Member,Commute,6.38,32.8,13.0
HV-0508,2026-04-30 14:06,Member,Leisure,10.18,54.5,13.0
HV-0321,2026-04-30 14:57,Member,Commute,4.43,18.9,13.0
HV-0233,2026-04-30 15:16,Day pass,Leisure,4.82,33.4,13.0
HV-0166,2026-04-30 20:29,Member,Commute,5.78,25.1,13.0
HV-0462,2026-05-01 07:36,Member,Commute,4.05,19.1,0.0
HV-0172,2026-05-01 08:15,Member,Commute,7.17,24.7,0.0
HV-0651,2026-05-01 09:50,Member,Commute,5.94,28.3,0.0
HV-0585,2026-05-01 14:26,Member,Commute,5.6,20.3,0.0
HV-0148,2026-05-01 15:19,Member,Commute,4.06,11.3,0.0
HV-0647,2026-05-01 15:25,Member,Commute,3.3,11.6,0.0
HV-0048,2026-05-01 17:29,Member,Commute,3.14,14.8,0.0
HV-0389,2026-05-01 18:08,Member,Commute,3.86,16.0,0.0
HV-0671,2026-05-01 18:11,Member,Errand,3.21,20.0,0.0
HV-0314,2026-05-01 20:54,Member,Commute,4.45,19.5,0.0
HV-0203,2026-05-02 06:51,Member,Errand,2.81,19.9,0.0
HV-0558,2026-05-02 06:54,Member,Leisure,7.88,43.0,0.0
HV-0643,2026-05-02 07:19,Day pass,Leisure,5.24,30.5,0.0
HV-0070,2026-05-02 10:46,Member,Errand,4.99,25.3,0.0
HV-0660,2026-05-02 10:51,Member,Commute,2.2,12.3,0.0
HV-0426,2026-05-02 12:47,Member,Errand,4.25,21.8,0.0
HV-0013,2026-05-02 15:59,Day pass,Leisure,7.24,38.8,0.0
HV-0495,2026-05-02 16:31,Member,Errand,3.81,25.0,0.0
HV-0115,2026-05-02 17:13,Day pass,Errand,2.92,19.0,0.0
HV-0259,2026-05-02 19:45,Day pass,Leisure,9.0,49.8,0.0
HV-0668,2026-05-02 20:45,Member,Commute,3.94,20.5,0.0
HV-0604,2026-05-02 22:58,Member,Leisure,9.49,47.4,0.0
HV-0184,2026-05-03 09:23,Member,Commute,4.1,15.4,5.0
HV-0217,2026-05-03 10:45,Day pass,Leisure,6.26,37.1,5.0
HV-0471,2026-05-03 11:22,Day pass,Errand,3.85,30.6,5.0
HV-0592,2026-05-03 12:14,Member,Errand,4.08,24.2,5.0
HV-0425,2026-05-03 12:19,Member,Leisure,12.99,62.5,5.0
HV-0624,2026-05-03 13:23,Member,Leisure,7.1,43.1,5.0
HV-0320,2026-05-03 13:42,Day pass,Commute,6.43,30.4,5.0
HV-0719,2026-05-03 13:54,Member,Errand,2.72,19.4,5.0
HV-0694,2026-05-03 14:38,Member,Leisure,8.0,42.2,5.0
HV-0601,2026-05-03 17:01,Member,Leisure,8.35,43.3,5.0
HV-0646,2026-05-03 17:52,Member,Commute,6.62,27.0,5.0
HV-0568,2026-05-03 18:32,Day pass,Errand,4.06,29.0,5.0
HV-0195,2026-05-04 08:46,Member,Commute,2.49,12.8,0.0
HV-0506,2026-05-04 09:39,Member,Commute,5.01,25.2,0.0
HV-0653,2026-05-04 10:01,Member,Commute,4.18,16.7,0.0
HV-0077,2026-05-04 11:11,Member,Commute,6.38,23.8,0.0
HV-0717,2026-05-04 12:43,Day pass,Errand,4.24,29.0,0.0
HV-0150,2026-05-04 14:08,Day pass,Leisure,7.28,41.2,0.0
HV-0340,2026-05-04 17:14,Member,Errand,2.81,17.9,0.0
HV-0366,2026-05-04 17:26,Day pass,Errand,3.17,22.1,0.0
HV-0205,2026-05-04 18:45,Member,Commute,3.47,18.2,0.0
HV-0577,2026-05-05 07:10,Member,Leisure,6.11,29.6,0.0
HV-0291,2026-05-05 09:19,Member,Commute,4.59,17.9,0.0
HV-0412,2026-05-05 12:02,Day pass,Errand,3.87,20.1,0.0
HV-0463,2026-05-05 12:22,Day pass,Errand,3.38,26.1,0.0
HV-0131,2026-05-05 14:08,Day pass,Errand,3.26,22.7,0.0
HV-0527,2026-05-05 15:23,Member,Commute,6.12,23.6,0.0
HV-0543,2026-05-05 16:55,Day pass,Commute,4.07,12.1,0.0
HV-0249,2026-05-05 17:00,Member,Commute,4.8,22.7,0.0
HV-0237,2026-05-05 18:55,Member,Commute,4.37,19.4,0.0
HV-0261,2026-05-05 21:05,Member,Commute,2.84,10.6,0.0
HV-0650,2026-05-05 22:14,Day pass,Commute,2.98,10.7,0.0
HV-0570,2026-05-06 07:12,Day pass,Leisure,12.09,59.0,0.0
HV-0206,2026-05-06 08:06,Member,Commute,3.52,12.7,0.0
HV-0308,2026-05-06 08:20,Member,Commute,5.04,21.2,0.0
HV-0510,2026-05-06 08:34,Member,Errand,3.52,23.8,0.0
HV-0652,2026-05-06 09:25,Member,Errand,4.2,28.3,0.0
HV-0083,2026-05-06 10:00,Member,Commute,3.86,18.3,0.0
HV-0263,2026-05-06 10:52,Member,Commute,5.14,18.8,0.0
HV-0371,2026-05-06 12:20,Member,Leisure,9.8,51.9,0.0
HV-0416,2026-05-06 14:59,Member,Commute,4.48,18.5,0.0
HV-0136,2026-05-06 17:03,Member,Commute,2.89,11.7,0.0
HV-0302,2026-05-06 17:33,Member,Commute,4.41,19.2,0.0
HV-0442,2026-05-06 17:37,Day pass,Commute,5.0,20.3,0.0
HV-0313,2026-05-06 17:38,Member,Commute,3.29,9.3,0.0
HV-0477,2026-05-06 18:33,Day pass,Commute,5.09,20.9,0.0
HV-0100,2026-05-06 19:13,Member,Commute,2.03,11.3,0.0
HV-0394,2026-05-06 19:35,Member,Errand,3.25,22.0,0.0
HV-0135,2026-05-06 19:55,Day pass,Errand,4.66,34.1,0.0
HV-0644,2026-05-07 08:05,Day pass,Errand,3.32,15.9,7.5
HV-0218,2026-05-07 08:14,Day pass,Commute,3.73,15.9,7.5
HV-0627,2026-05-07 08:31,Day pass,Commute,3.78,19.7,7.5
HV-0159,2026-05-07 09:27,Day pass,Commute,3.06,11.1,7.5
HV-0287,2026-05-07 10:13,Member,Commute,4.29,18.6,7.5
HV-0600,2026-05-07 10:26,Member,Commute,2.88,11.3,7.5
HV-0357,2026-05-07 12:57,Member,Commute,4.54,21.9,7.5
HV-0519,2026-05-07 19:11,Day pass,Errand,3.26,24.4,7.5
HV-0300,2026-05-07 20:43,Member,Errand,3.5,23.2,7.5
HV-0633,2026-05-08 07:16,Member,Leisure,6.78,31.5,0.0
HV-0160,2026-05-08 08:32,Member,Commute,3.07,12.9,0.0
HV-0540,2026-05-08 08:37,Member,Commute,3.19,14.4,0.0
HV-0193,2026-05-08 08:51,Day pass,Commute,4.97,20.6,0.0
HV-0290,2026-05-08 09:04,Member,Commute,3.99,14.9,0.0
HV-0499,2026-05-08 10:32,Member,Commute,3.4,16.3,0.0
HV-0168,2026-05-08 15:39,Member,Commute,3.27,13.0,0.0
HV-0418,2026-05-09 10:04,Member,Leisure,9.93,49.9,0.0
HV-0405,2026-05-09 12:04,Member,Errand,2.59,15.3,0.0
HV-0061,2026-05-09 13:40,Member,Errand,2.14,16.2,0.0
HV-0420,2026-05-09 14:13,Day pass,Leisure,4.81,31.1,0.0
HV-0012,2026-05-09 14:38,Member,Leisure,5.91,32.6,0.0
HV-0387,2026-05-09 16:07,Member,Errand,2.72,22.3,0.0
HV-0199,2026-05-09 16:24,Member,Leisure,10.59,56.6,0.0
HV-0680,2026-05-09 16:41,Member,Errand,5.86,31.1,0.0
HV-0152,2026-05-09 16:48,Day pass,Leisure,6.73,35.6,0.0
HV-0609,2026-05-09 18:42,Member,Leisure,9.22,47.7,0.0
HV-0486,2026-05-09 21:48,Day pass,Leisure,4.88,24.6,0.0
HV-0223,2026-05-10 07:19,Member,Leisure,6.93,35.3,0.0
HV-0403,2026-05-10 07:42,Day pass,Commute,6.17,22.8,0.0
HV-0679,2026-05-10 08:09,Day pass,Errand,4.54,26.1,0.0
HV-0400,2026-05-10 08:46,Day pass,Leisure,6.43,37.7,0.0
HV-0480,2026-05-10 09:00,Member,Leisure,11.64,58.8,0.0
HV-0718,2026-05-10 09:59,Member,Errand,4.13,24.0,0.0
HV-0219,2026-05-10 10:23,Day pass,Commute,3.75,13.8,0.0
HV-0063,2026-05-10 10:46,Member,Errand,2.34,17.3,0.0
HV-0549,2026-05-10 11:13,Member,Leisure,9.56,47.7,0.0
HV-0587,2026-05-10 11:39,Member,Leisure,5.9,28.1,0.0
HV-0145,2026-05-10 12:50,Day pass,Leisure,10.7,48.9,0.0
HV-0093,2026-05-10 13:50,Member,Leisure,10.73,54.1,0.0
HV-0375,2026-05-10 14:30,Member,Leisure,9.17,44.7,0.0
HV-0485,2026-05-10 15:26,Member,Leisure,9.56,49.3,0.0
HV-0706,2026-05-10 15:30,Day pass,Errand,3.35,20.5,0.0
HV-0365,2026-05-10 17:58,Day pass,Errand,3.78,22.6,0.0
HV-0351,2026-05-10 18:24,Member,Commute,2.72,13.4,0.0
HV-0001,2026-05-11 07:07,Day pass,Leisure,8.31,43.2,0.0
HV-0026,2026-05-11 07:44,Member,Commute,4.57,18.5,0.0
HV-0360,2026-05-11 08:12,Member,Leisure,8.09,43.5,0.0
HV-0116,2026-05-11 08:19,Day pass,Commute,4.65,21.4,0.0
HV-0470,2026-05-11 08:26,Day pass,Errand,2.55,16.1,0.0
HV-0257,2026-05-11 09:05,Member,Commute,3.91,14.7,0.0
HV-0617,2026-05-11 09:14,Member,Commute,3.96,16.6,0.0
HV-0055,2026-05-11 12:41,Member,Commute,3.13,17.3,0.0
HV-0347,2026-05-11 12:41,Member,Errand,6.96,35.7,0.0
HV-0713,2026-05-11 12:59,Day pass,Leisure,5.24,29.9,0.0
HV-0665,2026-05-11 14:16,Member,Commute,4.8,24.1,0.0
HV-0079,2026-05-11 14:38,Member,Errand,3.05,20.0,0.0
HV-0372,2026-05-11 14:41,Member,Commute,4.99,17.3,0.0
HV-0687,2026-05-11 15:02,Member,Leisure,7.67,41.6,0.0
HV-0157,2026-05-11 16:23,Day pass,Commute,3.66,18.9,0.0
HV-0685,2026-05-11 16:35,Day pass,Errand,2.95,20.1,0.0
HV-0210,2026-05-11 18:12,Member,Errand,3.48,18.1,0.0
HV-0298,2026-05-11 18:14,Day pass,Errand,3.69,18.7,0.0
HV-0165,2026-05-11 19:07,Member,Commute,3.04,20.0,0.0
HV-0272,2026-05-11 21:22,Member,Commute,5.75,24.0,0.0
HV-0520,2026-05-12 07:19,Member,Commute,4.45,26.2,10.7
HV-0705,2026-05-12 07:34,Day pass,Commute,4.56,21.2,10.7
HV-0547,2026-05-12 08:16,Day pass,Commute,5.04,17.3,10.7
HV-0386,2026-05-12 08:32,Member,Commute,2.55,15.1,10.7
HV-0099,2026-05-12 09:10,Member,Commute,3.56,17.0,10.7
HV-0281,2026-05-12 09:31,Member,Commute,5.03,24.0,10.7
HV-0561,2026-05-12 09:34,Day pass,Errand,4.01,22.0,10.7
HV-0381,2026-05-12 10:55,Member,Commute,2.64,12.5,10.7
HV-0503,2026-05-12 12:26,Member,Errand,3.33,20.7,10.7
HV-0081,2026-05-12 15:14,Member,Commute,5.78,22.3,10.7
HV-0469,2026-05-12 16:07,Member,Commute,5.15,26.0,10.7
HV-0716,2026-05-12 17:25,Member,Commute,7.19,29.6,10.7
HV-0342,2026-05-12 17:49,Member,Errand,4.81,28.1,10.7
HV-0109,2026-05-12 18:06,Day pass,Errand,3.42,23.1,10.7
HV-0003,2026-05-12 20:11,Member,Commute,4.62,19.8,10.7
HV-0552,2026-05-13 07:13,Day pass,Errand,4.31,20.7,1.8
HV-0138,2026-05-13 08:28,Day pass,Leisure,9.59,47.4,1.8
HV-0550,2026-05-13 09:04,Day pass,Commute,3.46,17.0,1.8
HV-0611,2026-05-13 10:01,Member,Commute,2.68,13.0,1.8
HV-0316,2026-05-13 12:22,Member,Commute,6.7,30.7,1.8
HV-0576,2026-05-13 13:10,Member,Commute,4.3,23.8,1.8
HV-0667,2026-05-13 14:29,Member,Commute,3.62,18.8,1.8
HV-0678,2026-05-13 14:59,Member,Commute,3.81,20.1,1.8
HV-0052,2026-05-13 16:08,Member,Commute,5.98,20.7,1.8
HV-0120,2026-05-13 16:15,Member,Commute,5.48,20.7,1.8
HV-0407,2026-05-13 16:15,Member,Leisure,7.59,46.5,1.8
HV-0066,2026-05-13 17:52,Member,Commute,3.59,18.9,1.8
HV-0370,2026-05-13 18:09,Day pass,Commute,3.58,11.5,1.8
HV-0147,2026-05-13 18:23,Member,Commute,6.65,29.7,1.8
HV-0594,2026-05-13 21:05,Member,Commute,5.43,26.1,1.8
HV-0023,2026-05-13 22:52,Member,Commute,2.22,10.5,1.8
HV-0129,2026-05-13 22:59,Member,Errand,5.8,34.8,1.8
HV-0279,2026-05-14 07:14,Member,Commute,3.01,14.7,1.8
HV-0018,2026-05-14 07:41,Member,Errand,3.62,23.9,1.8
HV-0097,2026-05-14 08:15,Day pass,Errand,4.86,29.8,1.8
HV-0330,2026-05-14 09:08,Member,Commute,4.88,18.7,1.8
HV-0509,2026-05-14 09:28,Day pass,Commute,3.69,14.2,1.8
HV-0385,2026-05-14 10:41,Member,Commute,6.02,23.3,1.8
HV-0402,2026-05-14 11:08,Day pass,Leisure,7.14,36.3,1.8
HV-0397,2026-05-14 12:49,Member,Commute,4.82,27.3,1.8
HV-0057,2026-05-14 13:13,Member,Commute,3.5,15.4,1.8
HV-0554,2026-05-14 13:29,Member,Errand,8.64,44.6,1.8
HV-0296,2026-05-14 16:31,Day pass,Commute,5.23,17.3,1.8
HV-0030,2026-05-14 17:23,Member,Errand,4.09,25.2,1.8
HV-0213,2026-05-14 17:42,Member,Commute,3.07,19.5,1.8
HV-0301,2026-05-14 18:46,Member,Commute,3.59,20.7,1.8
HV-0689,2026-05-14 19:36,Day pass,Errand,4.83,31.1,1.8
HV-0546,2026-05-14 19:43,Member,Errand,2.14,17.3,1.8
HV-0134,2026-05-15 07:06,Member,Commute,3.31,18.1,0.0
HV-0525,2026-05-15 08:23,Member,Commute,3.5,15.9,0.0
HV-0334,2026-05-15 08:40,Member,Commute,4.41,19.0,0.0
HV-0086,2026-05-15 09:35,Member,Commute,5.45,24.5,0.0
HV-0124,2026-05-15 11:22,Member,Errand,4.36,22.9,0.0
HV-0325,2026-05-15 11:41,Member,Commute,5.13,23.8,0.0
HV-0236,2026-05-15 13:58,Member,Leisure,4.92,26.0,0.0
HV-0529,2026-05-15 16:40,Member,Commute,10.25,35.3,0.0
HV-0058,2026-05-15 17:39,Member,Errand,3.38,23.0,0.0
HV-0053,2026-05-15 17:51,Day pass,Commute,3.39,14.6,0.0
HV-0256,2026-05-15 18:02,Member,Commute,4.71,18.2,0.0
HV-0532,2026-05-15 19:08,Member,Commute,3.23,16.1,0.0
HV-0242,2026-05-16 08:10,Member,Leisure,10.51,54.9,0.0
HV-0616,2026-05-16 08:18,Member,Errand,2.54,14.1,0.0
HV-0082,2026-05-16 08:31,Member,Commute,5.48,25.4,0.0
HV-0358,2026-05-16 09:18,Member,Commute,4.61,22.3,0.0
HV-0297,2026-05-16 10:13,Member,Errand,3.47,23.7,0.0
HV-0626,2026-05-16 12:21,Member,Leisure,8.29,38.6,0.0
HV-0688,2026-05-16 14:04,Member,Commute,3.43,10.8,0.0
HV-0274,2026-05-16 14:23,Member,Errand,2.18,12.2,0.0
HV-0526,2026-05-16 16:11,Member,Leisure,7.37,41.8,0.0
HV-0344,2026-05-16 16:52,Member,Errand,4.02,21.1,0.0
HV-0144,2026-05-16 17:20,Day pass,Leisure,6.16,36.0,0.0
HV-0126,2026-05-16 20:02,Member,Leisure,9.68,54.8,0.0
HV-0597,2026-05-16 22:17,Day pass,Errand,3.2,26.1,0.0
HV-0329,2026-05-17 07:20,Day pass,Leisure,9.12,50.8,0.0
HV-0621,2026-05-17 08:45,Member,Leisure,9.83,46.8,0.0
HV-0399,2026-05-17 12:25,Member,Errand,3.67,24.9,0.0
HV-0466,2026-05-17 14:26,Member,Errand,3.0,17.5,0.0
HV-0008,2026-05-17 14:56,Day pass,Leisure,6.22,33.0,0.0
HV-0059,2026-05-17 16:33,Day pass,Leisure,7.53,45.2,0.0
HV-0173,2026-05-17 22:54,Member,Leisure,7.19,34.3,0.0
HV-0632,2026-05-18 11:47,Member,Commute,4.87,22.8,1.5
HV-0606,2026-05-18 13:40,Day pass,Errand,3.55,20.7,1.5
HV-0246,2026-05-18 16:36,Member,Commute,5.26,26.0,1.5
HV-0593,2026-05-18 17:53,Member,Commute,4.33,19.6,1.5
HV-0586,2026-05-19 06:13,Member,Commute,3.81,14.4,0.0
HV-0045,2026-05-19 07:00,Member,Commute,2.76,15.1,0.0
HV-0167,2026-05-19 10:59,Member,Errand,4.98,31.9,0.0
HV-0064,2026-05-19 11:42,Member,Commute,5.06,21.2,0.0
HV-0579,2026-05-19 14:07,Member,Commute,3.71,17.1,0.0
HV-0240,2026-05-19 17:22,Member,Commute,5.23,16.1,0.0
HV-0379,2026-05-19 17:43,Member,Commute,3.36,17.9,0.0
HV-0231,2026-05-19 18:05,Member,Errand,2.97,18.5,0.0
HV-0364,2026-05-19 18:10,Day pass,Leisure,6.56,37.0,0.0
HV-0352,2026-05-19 18:54,Member,Commute,3.89,12.2,0.0
HV-0712,2026-05-19 19:48,Member,Leisure,11.52,62.3,0.0
HV-0022,2026-05-19 19:59,Member,Commute,5.53,19.6,0.0
HV-0702,2026-05-19 20:37,Day pass,Commute,4.4,21.5,0.0
HV-0310,2026-05-20 06:53,Member,Commute,4.45,21.3,0.0
HV-0339,2026-05-20 08:04,Member,Errand,2.74,21.4,0.0
HV-0315,2026-05-20 09:49,Member,Commute,5.96,29.0,0.0
HV-0182,2026-05-20 10:03,Member,Errand,3.34,21.6,0.0
HV-0401,2026-05-20 10:47,Member,Commute,6.86,29.1,0.0
HV-0701,2026-05-20 11:31,Member,Errand,5.09,24.9,0.0
HV-0657,2026-05-20 11:41,Member,Commute,4.66,21.1,0.0
HV-0439,2026-05-20 13:27,Day pass,Commute,3.89,18.2,0.0
HV-0417,2026-05-20 14:19,Day pass,Commute,4.3,16.1,0.0
HV-0638,2026-05-20 17:10,Member,Commute,3.43,15.8,0.0
HV-0015,2026-05-21 09:12,Member,Commute,2.63,15.5,3.1
HV-0428,2026-05-21 13:18,Day pass,Errand,3.07,25.0,3.1
HV-0635,2026-05-21 13:35,Day pass,Commute,5.2,23.5,3.1
HV-0654,2026-05-21 13:47,Member,Commute,5.1,22.3,3.1
HV-0511,2026-05-21 18:08,Day pass,Errand,7.8,38.9,3.1
HV-0383,2026-05-21 18:42,Day pass,Commute,4.47,22.7,3.1
HV-0623,2026-05-21 19:37,Day pass,Errand,3.13,17.0,3.1
HV-0204,2026-05-22 09:38,Member,Leisure,6.85,37.7,0.0
HV-0472,2026-05-22 10:05,Member,Errand,4.52,26.3,0.0
HV-0258,2026-05-22 16:22,Member,Commute,3.38,15.2,0.0
HV-0533,2026-05-22 16:23,Day pass,Commute,3.88,17.6,0.0
HV-0582,2026-05-22 17:33,Member,Errand,3.24,18.0,0.0
HV-0658,2026-05-22 17:34,Member,Errand,4.02,24.8,0.0
HV-0656,2026-05-22 18:32,Member,Commute,3.53,13.4,0.0
HV-0545,2026-05-22 20:33,Member,Errand,3.74,24.9,0.0
HV-0268,2026-05-22 22:19,Day pass,Commute,4.46,16.6,0.0
HV-0284,2026-05-23 08:30,Member,Commute,5.75,26.1,0.0
HV-0177,2026-05-23 09:11,Member,Leisure,5.66,34.4,0.0
HV-0127,2026-05-23 09:44,Day pass,Leisure,6.66,32.7,0.0
HV-0142,2026-05-23 10:55,Member,Leisure,11.28,50.8,0.0
HV-0630,2026-05-23 13:46,Day pass,Leisure,5.38,31.0,0.0
HV-0583,2026-05-23 15:43,Member,Leisure,8.85,44.8,0.0
HV-0467,2026-05-23 15:53,Member,Commute,4.18,18.9,0.0
HV-0146,2026-05-23 16:37,Member,Errand,4.3,20.4,0.0
HV-0489,2026-05-23 17:29,Member,Leisure,5.94,34.2,0.0
HV-0377,2026-05-23 18:05,Member,Commute,5.58,21.6,0.0
HV-0174,2026-05-23 18:13,Member,Leisure,6.78,34.7,0.0
HV-0054,2026-05-23 19:12,Member,Commute,2.5,11.1,0.0
HV-0285,2026-05-23 19:40,Member,Leisure,7.82,37.1,0.0
HV-0108,2026-05-23 20:13,Member,Errand,4.73,25.8,0.0
HV-0037,2026-05-23 21:05,Member,Errand,3.91,22.2,0.0
HV-0373,2026-05-24 08:38,Member,Commute,3.85,23.4,0.0
HV-0318,2026-05-24 11:56,Member,Errand,3.64,20.6,0.0
HV-0512,2026-05-24 13:24,Day pass,Leisure,5.65,29.7,0.0
HV-0155,2026-05-24 13:57,Member,Errand,4.62,21.6,0.0
HV-0216,2026-05-24 16:56,Day pass,Leisure,6.77,33.4,0.0
HV-0446,2026-05-24 17:45,Member,Commute,5.01,23.7,0.0
HV-0189,2026-05-24 17:54,Member,Leisure,6.26,34.6,0.0
HV-0574,2026-05-24 18:11,Member,Leisure,10.15,48.1,0.0
HV-0153,2026-05-24 18:13,Member,Commute,2.85,17.1,0.0
HV-0677,2026-05-24 18:22,Member,Leisure,9.74,53.8,0.0
HV-0071,2026-05-24 18:28,Member,Leisure,6.36,37.1,0.0
HV-0067,2026-05-24 18:29,Day pass,Errand,2.2,12.9,0.0
HV-0449,2026-05-24 19:08,Member,Leisure,12.3,59.8,0.0
HV-0686,2026-05-24 20:07,Member,Errand,3.4,26.0,0.0
HV-0025,2026-05-24 21:08,Member,Leisure,7.87,43.1,0.0
HV-0634,2026-05-25 08:38,Member,Errand,3.15,20.0,0.0
HV-0607,2026-05-25 08:53,Member,Leisure,4.81,27.7,0.0
HV-0225,2026-05-25 09:24,Member,Commute,4.89,17.0,0.0
HV-0234,2026-05-25 09:48,Member,Commute,3.44,12.9,0.0
HV-0595,2026-05-25 15:44,Member,Errand,2.93,18.0,0.0
HV-0452,2026-05-25 15:56,Member,Errand,2.62,20.5,0.0
HV-0431,2026-05-25 17:02,Member,Commute,2.96,14.4,0.0
HV-0123,2026-05-25 20:21,Member,Commute,4.38,14.7,0.0
HV-0221,2026-05-26 08:05,Day pass,Leisure,10.34,53.0,0.0
HV-0640,2026-05-26 09:09,Member,Commute,5.17,24.2,0.0
HV-0575,2026-05-26 10:44,Day pass,Leisure,8.6,45.0,0.0
HV-0457,2026-05-26 13:28,Member,Leisure,7.04,35.8,0.0
HV-0522,2026-05-26 13:30,Member,Commute,3.13,13.9,0.0
HV-0672,2026-05-26 13:36,Day pass,Errand,3.33,21.7,0.0
HV-0009,2026-05-26 16:05,Member,Errand,4.21,26.1,0.0
HV-0098,2026-05-26 16:28,Member,Commute,6.94,26.4,0.0
HV-0631,2026-05-26 17:30,Member,Commute,4.02,15.3,0.0
HV-0517,2026-05-26 19:39,Member,Errand,4.51,25.7,0.0
HV-0369,2026-05-26 20:10,Member,Errand,2.84,19.7,0.0
HV-0700,2026-05-27 08:13,Day pass,Commute,4.44,19.2,0.0
HV-0704,2026-05-27 10:15,Member,Commute,5.58,18.9,0.0
HV-0327,2026-05-27 10:57,Member,Errand,5.22,33.4,0.0
HV-0292,2026-05-27 12:50,Member,Leisure,4.47,30.8,0.0
HV-0345,2026-05-27 13:41,Member,Errand,5.2,30.1,0.0
HV-0162,2026-05-27 15:18,Member,Commute,4.22,18.9,0.0
HV-0004,2026-05-27 15:57,Member,Commute,3.55,16.3,0.0
HV-0444,2026-05-27 16:11,Member,Errand,3.2,18.7,0.0
HV-0693,2026-05-27 16:44,Member,Errand,2.05,18.9,0.0
HV-0192,2026-05-27 16:52,Member,Commute,3.84,20.4,0.0
HV-0421,2026-05-27 17:38,Day pass,Errand,3.94,25.3,0.0
HV-0194,2026-05-27 17:40,Member,Commute,3.16,13.3,0.0
HV-0514,2026-05-27 18:32,Member,Commute,4.05,16.3,0.0
HV-0696,2026-05-27 19:58,Member,Commute,7.66,32.5,0.0
HV-0481,2026-05-27 21:06,Member,Commute,6.3,19.4,0.0
HV-0235,2026-05-28 06:15,Member,Leisure,9.08,45.0,7.6
HV-0496,2026-05-28 09:13,Day pass,Commute,5.42,25.8,7.6
HV-0390,2026-05-28 09:49,Day pass,Commute,3.37,22.0,7.6
HV-0648,2026-05-28 16:34,Day pass,Errand,3.33,20.3,7.6
HV-0618,2026-05-28 16:37,Member,Commute,5.42,25.8,7.6
HV-0367,2026-05-28 16:45,Day pass,Commute,3.54,16.0,7.6
HV-0158,2026-05-28 17:00,Member,Errand,3.81,25.5,7.6
HV-0530,2026-05-28 20:05,Member,Commute,4.96,26.8,7.6
HV-0187,2026-05-28 21:26,Member,Errand,3.79,27.1,7.6
HV-0180,2026-05-29 09:01,Member,Commute,3.26,13.4,0.0
HV-0398,2026-05-29 09:37,Member,Leisure,6.33,35.6,0.0
HV-0380,2026-05-29 11:24,Day pass,Commute,4.89,19.6,0.0
HV-0328,2026-05-29 11:31,Day pass,Errand,2.78,20.4,0.0
HV-0465,2026-05-29 12:18,Member,Commute,3.18,12.1,0.0
HV-0190,2026-05-29 14:23,Member,Commute,3.56,16.4,0.0
HV-0283,2026-05-29 14:23,Member,Commute,3.46,19.9,0.0
HV-0306,2026-05-29 15:52,Member,Commute,7.27,29.6,0.0
HV-0534,2026-05-29 16:27,Member,Commute,4.57,20.5,0.0
HV-0536,2026-05-30 08:34,Day pass,Leisure,10.98,58.4,0.0
HV-0105,2026-05-30 09:30,Member,Errand,3.66,21.0,0.0
HV-0560,2026-05-30 11:35,Member,Leisure,5.24,29.8,0.0
HV-0074,2026-05-30 11:54,Day pass,Errand,4.22,22.6,0.0
HV-0230,2026-05-30 15:20,Member,Leisure,4.2,17.4,0.0
HV-0254,2026-05-30 17:18,Member,Commute,2.82,14.5,0.0
HV-0076,2026-05-30 17:31,Day pass,Leisure,7.2,40.7,0.0
HV-0642,2026-05-30 17:45,Day pass,Leisure,10.46,53.7,0.0
HV-0208,2026-05-30 18:05,Member,Leisure,9.54,50.4,0.0
HV-0396,2026-05-30 18:21,Day pass,Leisure,9.25,45.2,0.0
HV-0498,2026-05-30 18:43,Member,Commute,3.94,20.0,0.0
HV-0032,2026-05-30 20:15,Member,Leisure,8.48,46.6,0.0
HV-0473,2026-05-31 07:00,Member,Leisure,10.11,51.3,13.3
HV-0521,2026-05-31 07:13,Day pass,Leisure,12.54,63.0,13.3
HV-0523,2026-05-31 08:57,Member,Errand,3.62,20.0,13.3
HV-0683,2026-05-31 10:10,Day pass,Errand,2.51,19.0,13.3
HV-0133,2026-05-31 10:47,Day pass,Leisure,4.51,30.8,13.3
HV-0072,2026-05-31 10:55,Member,Leisure,8.2,40.2,13.3
HV-0220,2026-05-31 11:06,Member,Leisure,8.76,47.0,13.3
HV-0406,2026-05-31 11:21,Member,Commute,4.0,17.2,13.3
HV-0409,2026-05-31 14:16,Member,Errand,4.12,28.2,13.3
HV-0324,2026-05-31 15:23,Member,Commute,5.44,24.3,13.3
HV-0130,2026-05-31 17:32,Day pass,Errand,5.2,37.9,13.3
HV-0154,2026-05-31 19:56,Day pass,Leisure,8.92,40.3,13.3
