title,price,currency,total_reviews,avg_rating
"Whispering Leaves",12.99,USD,1050300,4.2
"Berry Tales",0.0,USD,985500,4.5
"Moon Over Pine",7.50,USD,899000,4.6
"Desert Echoes",15.00,USD,1724500,4.4
"Golden Harvest",9.99,USD,990000,4.3
"Crimson Snow",14.50,USD,1135000,4.1
"Silent Creek",1.99,USD,1240000,4.5
"Shattered Wings",19.99,USD,1545000,4.7
"Fading Embers",5.49,USD,945000,4.2
"Emerald Song",29.99,USD,715000,4.0
"Valley of Roses",2.99,USD,1823000,4.5
"Silver Steps",24.00,USD,1333000,4.4
"Glass Meadows",8.99,USD,225000,4.1
"Autumn Rain",10.49,USD,860000,4.3
"Dawn Chorus",12.00,USD,432000,4.0
"Wreath of Ivy",6.75,USD,1510000,4.6
"Marble Sands",3.50,USD,775000,4.2
"Whispered Roots",11.99,USD,990500,4.5
"Cinder & Ash",4.99,USD,1120000,4.4
"Painted Grove",28.00,USD,150000,4.0
"Nightfall Bloom",7.25,USD,630000,4.3
"Scarlet Horizon",5.00,USD,1478000,4.1
"Riversong Trail",15.99,USD,210000,4.5
"Frosted Pines",9.50,USD,334000,4.0
"Amber Fields",20.00,USD,950000,4.2
"Lavender Moon",22.50,USD,1299000,4.6
"Ironwood Ridge",3.99,USD,543000,4.1
"Orchid Falls",0.0,USD,604000,4.0
"Timber Cry",18.49,USD,1543000,4.5
"Garden of Echoes",10.00,USD,811000,4.3
"Velvet Lagoon",29.00,USD,1200000,4.2
"Stardust Path",8.50,USD,220000,4.4
"Wildflower Rest",1.00,USD,452000,4.1
"Jade Wisp",27.99,USD,340000,4.0
"Ruby Branches",23.50,USD,1580000,4.6
"Opal Creek",5.99,USD,910000,4.2
"Silent Thicket",16.75,USD,1000500,4.5
"Blossom Vale",21.00,USD,1112000,4.7
"Feathered Sun",2.49,USD,987000,4.3
"Mist Hollow",12.75,USD,678000,4.1
"Thorn & Honey",28.99,USD,1730000,4.5
"Gentle Ashes",0.0,USD,459000,4.0
"Summer Echo",19.50,USD,300000,4.4
"Fallen Branch",9.00,USD,765000,4.2
"Willow Shade",4.50,USD,874000,4.1
"Rising Ember",17.25,USD,1055000,4.6
"Glass Lilies",14.99,USD,940000,4.3
"Frozen Glade",11.25,USD,1550000,4.5
"Yarrow Bloom",25.00,USD,607000,4.2
"Sunlit Dunes",29.50,USD,442000,4.0
"Hidden Laurel",0.99,USD,310000,4.1
"Frost Moon",18.00,USD,1890000,4.7
"Storm Whisper",26.50,USD,1430000,4.4
"Harbor Tears",20.99,USD,750000,4.3
"Copper Hollow",7.00,USD,581000,4.0
"Evergreen Mist",5.50,USD,990000,4.2
"Lily Shores",4.25,USD,1444000,4.5
"Flint Heart",16.00,USD,1235000,4.3
"Twilight Ember",13.49,USD,200000,4.0
"Opaline Feather",2.99,USD,987600,4.1
"Thistle Grove",29.99,USD,400000,4.2
"Quiet Lantern",19.00,USD,233000,4.3
"Echoing Brook",6.00,USD,450000,4.4
"Tempest Oak",25.75,USD,650000,4.5
"Sandstone Peak",14.00,USD,1678000,4.1
"Dusk Blossom",10.99,USD,2101000,4.6
"Maroon Drift",9.25,USD,777000,4.2
"Stray Petals",1.50,USD,1983000,4.3
"River Lanterns",28.00,USD,567000,4.1
"Oyster Vale",3.00,USD,999000,4.4
"Jasmine Path",29.25,USD,320000,4.0
"Falling Clover",5.75,USD,460000,4.5
"Mesa Dream",17.99,USD,1503000,4.2
"Petal Swing",0.0,USD,275000,4.3
"Gray Finch",24.99,USD,345600,4.1
"Moonlit Hazel",8.00,USD,765400,4.2
"Coyote Willow",1.25,USD,666000,4.5
"Rose Finch",22.00,USD,234000,4.0
"Coral Moth",29.00,USD,987500,4.4
"Northwood Pines",13.00,USD,555000,4.3
"Gilded Branch",6.49,USD,1345000,4.1
"Pebble Arc",9.75,USD,980000,4.6
"Silver Finch",20.00,USD,2105000,4.5
"Quiet Aspen",0.50,USD,230000,4.2
"Cinder Field",2.50,USD,1410000,4.0
"Morning Flare",24.00,USD,610000,4.3
"Lunar Snow",11.50,USD,490000,4.1
"Tangerine Leaf",19.99,USD,1190000,4.2
"Harvest Lily",10.00,USD,943000,4.5
"Echo Prairie",4.00,USD,224000,4.1
"Dapple Mist",26.00,USD,1432500,4.4
"Baywood Fronds",18.49,USD,1290000,4.2
"Fable Creek",15.00,USD,950500,4.3
"Crimson Finch",7.75,USD,1780000,4.0
"Topaz Wisp",5.25,USD,333000,4.1
"Saffron Dell",12.00,USD,878000,4.5
"Quiet Ember",29.50,USD,1140000,4.6
"Maple Bloom",21.99,USD,567800,4.2
"Streamlit Fern",0.0,USD,890000,4.4
"Whistle Wood",8.25,USD,234500,4.3
"Granite Leaf",16.49,USD,760000,4.1
"Winter Lily",14.00,USD,443000,4.0
"Orchid Beam",25.99,USD,1540000,4.5
"Zinnia Field",19.00,USD,1320000,4.2
