reading_id,temperature_c,humidity_pct,co2_ppm,pm25_ug_m3,voc_ppb,occupancy_count,filter_age_days,airflow_m3_min,ventilation_alert
AQ-0001,26.3,64.4,713,14.3,250,8,47,5.0,0
AQ-0002,14.0,30.0,370,2.6,487,4,174,9.3,0
AQ-0003,21.3,48.7,721,6.0,394,11,78,7.7,1
AQ-0004,29.7,32.2,785,17.9,267,6,47,5.6,0
AQ-0005,23.8,45.8,350,11.4,41,1,158,10.2,0
AQ-0006,24.5,49.0,659,20.4,95,8,224,6.4,1
AQ-0007,21.9,60.5,405,5.8,138,8,160,8.1,0
AQ-0008,26.3,31.9,790,14.8,112,11,64,7.2,0
AQ-0009,21.4,71.1,379,9.1,217,7,154,9.6,0
AQ-0010,22.6,76.1,588,20.4,357,8,189,9.2,1
AQ-0011,26.4,76.2,698,9.6,411,11,194,6.6,1
AQ-0012,27.2,51.1,550,22.9,259,7,225,9.6,1
AQ-0013,26.0,80.2,648,12.1,111,6,129,5.7,1
AQ-0014,19.6,80.9,541,10.8,125,6,68,6.8,0
AQ-0015,26.2,42.6,575,13.7,178,7,188,7.1,1
AQ-0016,23.0,50.3,592,15.7,114,8,72,8.7,0
AQ-0017,30.3,36.3,667,10.4,204,10,38,7.6,0
AQ-0018,20.5,76.8,415,22.7,193,7,234,10.0,0
AQ-0019,27.5,68.8,398,30.5,69,6,136,8.2,0
AQ-0020,25.8,37.7,601,18.1,66,6,44,10.6,0
AQ-0021,23.4,47.7,581,34.4,434,7,218,10.8,1
AQ-0022,30.1,45.9,620,30.9,76,6,75,6.8,1
AQ-0023,17.7,75.4,350,20.5,58,7,159,10.1,0
AQ-0024,21.6,34.6,780,8.1,129,10,52,6.4,0
AQ-0025,27.4,34.9,489,31.8,271,4,88,9.5,0
AQ-0026,21.8,66.8,350,16.3,91,2,120,8.2,0
AQ-0027,23.9,81.1,527,13.3,163,8,204,9.0,1
AQ-0028,26.9,65.1,350,26.5,128,5,21,8.9,0
AQ-0029,25.2,33.4,770,12.6,123,10,101,9.0,1
AQ-0030,25.1,61.6,431,14.0,121,4,99,7.9,0
AQ-0031,19.9,42.2,512,19.6,298,8,60,8.9,0
AQ-0032,20.7,37.0,350,16.6,265,4,90,10.9,1
AQ-0033,20.4,75.2,653,14.2,290,10,57,5.4,0
AQ-0034,22.0,58.5,350,14.3,156,5,176,7.6,0
AQ-0035,26.4,36.1,524,39.3,116,7,134,7.5,0
AQ-0036,18.1,44.7,350,8.0,143,6,191,7.3,0
AQ-0037,32.5,55.4,465,8.0,217,7,60,7.1,0
AQ-0038,15.9,73.9,350,25.7,177,3,133,8.8,0
AQ-0039,25.6,43.3,788,8.7,290,10,209,7.1,1
AQ-0040,29.9,81.2,504,11.7,183,6,121,7.7,0
AQ-0041,24.4,32.3,608,25.4,209,9,103,10.9,1
AQ-0042,21.5,63.6,706,9.4,266,10,209,5.2,1
AQ-0043,22.5,77.8,504,26.4,183,9,78,8.6,0
AQ-0044,25.4,32.3,631,21.1,151,8,102,7.5,0
AQ-0045,19.6,30.1,402,5.3,143,5,30,9.1,0
AQ-0046,20.9,81.8,600,8.7,196,9,179,6.4,1
AQ-0047,18.4,35.8,467,11.4,264,9,122,10.9,0
AQ-0048,30.7,81.8,612,16.8,108,8,89,10.4,0
AQ-0049,25.3,69.1,610,8.9,106,5,219,8.4,1
AQ-0050,14.0,55.5,464,10.4,457,5,218,8.6,1
AQ-0051,14.0,54.7,592,12.6,138,6,130,6.6,1
AQ-0052,24.2,43.3,498,17.6,255,6,135,8.6,0
AQ-0053,23.7,77.4,762,16.9,132,8,205,8.5,1
AQ-0054,23.3,73.3,728,9.8,113,6,45,6.6,1
AQ-0055,20.0,76.1,351,9.0,97,4,172,9.1,0
AQ-0056,18.2,52.1,837,26.7,111,11,122,7.0,0
AQ-0057,27.5,69.1,478,12.9,162,7,116,7.4,1
AQ-0058,19.7,79.5,505,33.9,83,6,26,10.2,0
AQ-0059,19.6,39.5,617,6.9,164,9,172,6.0,1
AQ-0060,20.7,54.9,412,11.2,82,6,92,8.4,0
AQ-0061,24.1,74.7,525,20.5,105,6,73,8.1,0
AQ-0062,22.5,80.4,424,5.9,115,5,141,8.2,0
AQ-0063,25.8,77.0,452,14.1,68,7,16,8.7,0
AQ-0064,24.0,31.9,464,9.0,103,6,8,10.6,0
AQ-0065,20.3,43.6,350,16.4,55,3,110,9.9,0
AQ-0066,20.8,67.6,438,26.7,285,6,71,8.4,0
AQ-0067,26.0,69.2,622,10.5,375,6,117,7.3,1
AQ-0068,21.5,59.8,642,6.2,102,8,165,8.7,0
AQ-0069,20.0,80.0,722,17.2,154,10,78,5.3,0
AQ-0070,23.4,60.2,483,36.9,95,5,158,11.3,0
AQ-0071,21.8,53.6,352,11.2,236,3,87,7.6,1
AQ-0072,24.9,30.3,392,9.7,302,4,68,7.6,0
AQ-0073,25.0,36.9,573,23.1,197,6,67,9.4,0
AQ-0074,22.6,66.7,458,6.6,159,6,153,9.4,0
AQ-0075,28.1,33.2,503,15.2,104,8,184,8.1,0
AQ-0076,19.8,38.6,491,41.8,131,6,20,8.7,0
AQ-0077,30.6,77.9,577,8.9,142,8,7,7.8,0
AQ-0078,27.4,42.2,625,13.9,175,13,55,9.4,1
AQ-0079,14.0,49.3,467,16.2,192,6,48,9.3,0
AQ-0080,19.2,46.6,662,39.9,157,9,33,9.2,0
AQ-0081,22.1,35.7,556,15.5,147,6,34,9.4,0
AQ-0082,22.1,59.9,534,14.9,138,5,70,8.2,0
AQ-0083,27.6,37.7,532,28.3,299,5,42,8.3,0
AQ-0084,21.9,62.5,409,18.3,322,7,151,8.6,0
AQ-0085,23.7,64.1,350,4.5,192,2,73,8.4,0
AQ-0086,20.4,64.6,526,10.5,157,7,159,7.8,1
AQ-0087,24.9,37.0,470,7.1,75,5,123,7.7,0
AQ-0088,24.9,75.1,672,15.2,188,7,124,7.1,1
AQ-0089,22.5,65.6,809,24.5,238,9,213,5.9,1
AQ-0090,30.4,78.1,490,13.7,109,6,151,8.8,1
AQ-0091,20.4,42.7,452,17.0,220,7,59,8.7,0
AQ-0092,18.5,39.4,451,28.6,269,8,235,8.5,1
AQ-0093,25.1,67.7,666,17.2,84,7,201,8.8,1
AQ-0094,28.2,43.6,678,62.4,139,7,54,7.9,1
AQ-0095,21.6,34.8,456,7.6,194,4,29,9.3,0
AQ-0096,26.3,42.8,624,14.5,681,7,191,7.5,1
AQ-0097,16.4,77.8,350,2.9,75,5,138,9.2,0
AQ-0098,20.6,39.5,663,12.3,44,6,104,5.5,0
AQ-0099,21.0,71.0,633,18.5,241,7,47,7.3,0
AQ-0100,16.5,41.9,372,10.1,78,5,99,8.5,0
AQ-0101,18.9,78.6,632,9.6,294,11,9,9.9,0
AQ-0102,17.3,64.9,395,3.8,184,6,41,10.2,0
AQ-0103,24.9,36.4,350,16.4,153,3,155,9.2,0
AQ-0104,22.5,30.7,350,11.8,49,3,45,9.3,0
AQ-0105,22.6,48.5,758,26.1,85,10,5,6.9,0
AQ-0106,23.2,72.0,843,7.4,142,6,121,6.9,0
AQ-0107,20.6,78.9,350,18.5,240,7,67,8.2,1
AQ-0108,24.5,64.6,377,4.7,99,2,156,9.3,0
AQ-0109,22.7,52.8,367,7.8,142,6,70,8.3,0
AQ-0110,20.3,59.0,581,6.5,110,7,28,6.3,0
AQ-0111,20.8,65.7,526,21.6,222,9,37,7.8,0
AQ-0112,15.8,69.7,703,10.9,146,7,203,7.3,0
AQ-0113,23.3,48.7,719,37.4,99,9,188,6.0,0
AQ-0114,24.0,50.5,608,7.8,311,10,213,6.3,1
AQ-0115,21.3,80.9,716,24.1,203,10,90,8.1,0
AQ-0116,28.6,50.1,620,17.3,174,11,98,7.0,1
AQ-0117,24.8,62.4,682,11.6,176,8,213,8.0,1
AQ-0118,24.9,69.3,506,13.2,219,6,144,8.0,1
AQ-0119,24.4,74.1,586,4.8,135,8,41,8.9,0
AQ-0120,19.3,75.2,426,2.8,186,5,201,9.3,1
AQ-0121,18.1,51.8,681,13.3,383,9,142,9.0,0
AQ-0122,24.6,76.7,664,6.0,118,9,178,6.7,0
AQ-0123,29.6,28.7,585,11.5,64,7,154,9.2,0
AQ-0124,15.4,79.1,510,12.1,58,7,132,6.9,0
AQ-0125,23.7,72.6,509,9.2,155,6,168,7.1,0
AQ-0126,22.1,42.4,577,6.7,186,7,0,8.9,0
AQ-0127,21.7,61.4,859,23.4,209,12,170,7.8,1
AQ-0128,17.7,71.5,425,4.7,272,4,134,7.6,0
AQ-0129,20.2,68.3,791,48.2,292,7,60,5.6,1
AQ-0130,21.5,71.8,738,26.1,247,10,19,9.9,0
AQ-0131,22.6,50.7,632,8.3,211,7,222,8.0,1
AQ-0132,29.1,68.3,579,15.4,137,7,213,8.4,1
AQ-0133,29.2,56.4,711,15.7,327,10,52,6.4,1
AQ-0134,19.2,56.8,715,27.9,311,11,20,11.7,0
AQ-0135,28.8,68.2,537,13.2,91,7,196,7.6,1
AQ-0136,25.5,66.2,393,15.2,225,7,234,8.4,0
AQ-0137,22.8,75.0,657,14.5,122,8,132,7.6,0
AQ-0138,18.4,52.6,521,20.1,79,9,145,12.3,0
AQ-0139,22.2,45.7,431,11.3,120,5,172,9.9,0
AQ-0140,22.7,62.7,984,13.2,268,12,32,8.3,1
AQ-0141,25.0,66.3,512,5.3,328,9,187,8.3,0
AQ-0142,20.6,57.6,350,35.1,370,5,87,8.9,0
AQ-0143,25.2,55.9,521,13.6,176,6,229,7.9,0
AQ-0144,19.4,78.2,384,3.9,119,4,37,7.7,0
AQ-0145,19.5,50.4,876,14.1,134,11,102,4.7,1
AQ-0146,22.4,35.9,551,13.9,181,5,230,6.5,0
AQ-0147,24.3,67.5,366,24.0,182,5,157,9.6,0
AQ-0148,24.1,58.3,652,11.6,150,10,134,5.8,1
AQ-0149,20.4,50.3,533,8.9,192,7,30,7.5,0
AQ-0150,23.0,61.8,475,39.9,152,7,37,7.8,0
AQ-0151,28.2,81.7,626,26.4,319,8,95,9.0,1
AQ-0152,22.0,81.7,717,9.5,184,9,92,9.0,0
AQ-0153,29.5,75.9,605,12.8,58,7,125,8.3,0
AQ-0154,27.5,43.3,583,12.5,179,7,119,9.7,1
AQ-0155,28.7,71.3,350,7.2,258,6,151,10.3,1
AQ-0156,28.4,72.6,395,10.8,153,5,48,8.8,0
AQ-0157,21.3,80.6,353,21.4,305,4,113,7.1,1
AQ-0158,20.5,72.3,443,12.5,244,5,194,8.4,1
AQ-0159,23.4,68.6,350,17.8,214,5,102,8.2,0
AQ-0160,19.0,39.7,776,11.9,134,8,85,8.1,1
AQ-0161,18.6,45.0,423,10.7,185,4,194,7.3,1
AQ-0162,25.0,35.5,912,26.9,118,11,29,7.4,0
AQ-0163,24.9,35.3,350,3.4,92,2,145,8.2,0
AQ-0164,21.9,46.8,533,13.9,132,6,52,7.7,0
AQ-0165,23.4,44.9,505,25.9,114,6,206,5.9,0
AQ-0166,29.4,69.9,350,11.4,169,4,50,8.3,0
AQ-0167,20.9,34.9,378,29.1,183,3,148,8.2,0
AQ-0168,21.4,45.3,686,11.1,300,8,206,9.2,1
AQ-0169,20.7,39.6,350,2.7,135,1,83,8.8,0
AQ-0170,23.1,38.5,498,7.8,94,4,164,8.0,0
AQ-0171,29.2,58.6,688,33.0,127,8,41,5.2,1
AQ-0172,26.2,73.0,834,7.9,335,11,1,8.2,0
AQ-0173,23.9,43.1,356,15.7,141,4,48,10.0,0
AQ-0174,28.1,28.9,350,11.1,190,4,147,9.0,0
AQ-0175,18.2,76.7,613,17.7,141,11,206,8.7,1
AQ-0176,24.9,63.0,602,16.2,94,6,17,4.5,0
AQ-0177,26.6,40.1,627,35.8,97,7,6,6.6,0
AQ-0178,19.9,28.2,748,9.1,185,11,167,8.5,0
AQ-0179,20.0,35.7,430,16.1,234,4,52,7.4,0
AQ-0180,16.5,28.6,350,13.0,144,5,22,9.9,0
AQ-0181,25.9,78.6,692,23.9,346,9,166,5.6,1
AQ-0182,26.0,32.7,350,13.0,325,4,18,8.1,0
AQ-0183,16.7,32.0,727,41.0,95,7,159,7.5,1
AQ-0184,27.2,33.8,350,7.3,192,3,52,7.1,0
AQ-0185,26.0,80.5,542,27.8,130,9,160,7.4,1
AQ-0186,28.6,70.7,350,9.2,247,3,106,9.3,0
AQ-0187,25.1,74.7,666,17.7,219,9,211,8.4,1
AQ-0188,20.0,51.4,1018,28.2,192,13,110,5.7,1
AQ-0189,21.3,37.4,547,13.4,303,10,45,10.2,0
AQ-0190,24.6,53.6,395,10.4,229,4,140,8.5,0
AQ-0191,20.4,64.6,514,7.3,128,3,193,8.7,0
AQ-0192,24.2,40.5,565,25.0,188,7,20,7.0,0
AQ-0193,22.6,46.2,662,9.7,102,9,97,9.8,0
AQ-0194,25.2,71.5,485,14.7,125,6,183,9.4,0
AQ-0195,23.4,59.1,696,30.0,291,12,15,9.2,0
AQ-0196,24.0,40.3,638,20.3,182,10,111,6.0,0
AQ-0197,23.6,30.5,769,17.4,287,10,212,6.1,1
AQ-0198,33.1,74.3,493,8.8,281,7,36,7.8,0
AQ-0199,23.7,71.4,555,21.4,360,7,113,8.3,1
AQ-0200,24.9,32.1,555,24.1,181,7,100,4.8,0
AQ-0201,20.0,55.3,654,18.2,191,8,178,7.4,0
AQ-0202,24.7,54.9,825,8.6,200,13,53,6.5,0
AQ-0203,29.3,49.9,550,7.9,288,6,97,6.5,0
AQ-0204,15.8,40.4,350,3.4,273,4,204,8.1,1
AQ-0205,17.6,79.3,350,7.6,123,2,204,7.8,0
AQ-0206,22.4,31.6,492,11.1,323,6,219,7.4,1
AQ-0207,19.1,79.3,503,18.3,130,7,13,9.9,0
AQ-0208,30.9,29.0,784,15.6,254,10,156,8.8,1
AQ-0209,14.8,37.3,535,25.6,233,8,213,6.8,1
AQ-0210,22.0,29.6,571,28.7,190,7,167,6.6,1
AQ-0211,24.0,48.9,464,31.2,309,6,74,6.1,1
AQ-0212,23.8,50.3,393,34.1,39,6,219,11.9,1
AQ-0213,23.6,71.5,430,14.9,224,5,153,9.2,1
AQ-0214,19.4,69.2,461,12.1,346,5,123,8.4,0
AQ-0215,27.9,61.1,606,27.2,114,9,119,6.5,0
AQ-0216,25.2,62.4,627,15.6,66,6,143,5.7,1
AQ-0217,21.9,65.3,355,24.3,44,2,3,11.5,0
AQ-0218,20.1,81.0,350,23.1,222,2,234,8.8,1
AQ-0219,23.7,77.1,501,13.0,142,6,108,9.7,0
AQ-0220,21.5,30.3,809,20.2,423,11,148,7.9,0
AQ-0221,21.2,31.4,461,12.6,224,4,162,7.7,1
AQ-0222,21.4,58.4,548,11.7,218,8,81,6.8,0
AQ-0223,16.9,45.5,717,7.9,211,12,191,8.2,1
AQ-0224,16.6,46.6,815,14.4,147,10,60,6.7,0
AQ-0225,21.9,43.0,517,11.5,103,9,3,7.6,0
AQ-0226,25.1,42.5,493,18.7,156,5,218,7.5,1
AQ-0227,20.8,78.6,350,6.6,327,3,206,7.5,1
AQ-0228,26.3,81.3,459,15.3,41,6,113,9.0,0
AQ-0229,18.7,75.3,788,9.4,111,9,53,6.5,0
AQ-0230,23.7,43.0,428,5.9,140,4,167,10.5,0
AQ-0231,30.3,37.9,553,34.6,205,7,184,11.0,0
AQ-0232,23.9,36.1,575,19.2,132,9,140,8.0,1
AQ-0233,35.0,40.5,617,15.0,65,9,75,8.1,0
AQ-0234,20.4,46.0,350,20.6,104,3,46,11.2,0
AQ-0235,21.6,48.9,878,18.0,218,9,180,8.2,0
AQ-0236,23.5,35.4,350,13.3,132,5,1,7.6,0
AQ-0237,28.0,50.7,432,13.5,129,5,36,9.7,0
AQ-0238,16.6,51.2,697,8.0,95,9,127,9.2,0
AQ-0239,24.6,68.4,677,14.0,233,8,229,6.5,1
AQ-0240,30.8,39.4,651,19.7,303,10,169,7.9,1
AQ-0241,29.2,72.1,385,13.5,59,2,135,8.4,0
AQ-0242,18.9,63.1,353,17.5,203,3,68,6.8,0
AQ-0243,22.2,72.4,567,12.9,182,5,211,7.3,1
AQ-0244,22.9,61.6,835,18.7,173,11,1,6.8,0
AQ-0245,20.6,53.1,350,21.7,118,9,151,9.9,0
AQ-0246,18.2,46.5,350,8.0,99,3,190,7.9,0
AQ-0247,18.5,60.2,538,13.4,280,6,7,8.7,0
AQ-0248,18.2,44.8,467,46.0,144,4,164,7.6,1
AQ-0249,27.1,53.2,684,10.8,116,9,218,6.6,1
AQ-0250,23.8,69.7,514,34.3,191,7,6,8.9,0
AQ-0251,14.5,44.0,636,25.2,384,7,127,7.1,1
AQ-0252,28.6,74.4,558,34.9,136,5,77,8.8,0
AQ-0253,27.5,69.3,534,32.6,310,10,45,8.4,0
AQ-0254,21.5,33.6,557,11.7,112,6,135,7.8,0
AQ-0255,24.3,70.0,530,15.2,338,7,130,8.3,1
AQ-0256,14.3,60.7,404,20.7,178,4,231,9.6,0
AQ-0257,32.0,49.6,433,22.6,271,4,105,7.9,0
AQ-0258,24.6,66.5,487,16.2,238,4,218,9.2,0
AQ-0259,17.1,34.7,515,9.1,288,5,231,8.4,0
AQ-0260,20.5,64.7,768,18.3,239,9,59,8.9,0
AQ-0261,25.4,34.9,641,21.9,173,8,30,5.6,0
AQ-0262,26.9,41.2,531,15.1,109,4,134,8.0,0
AQ-0263,21.6,50.4,389,29.9,138,3,210,10.1,1
AQ-0264,28.7,47.7,458,27.6,208,8,178,9.3,1
AQ-0265,18.6,75.0,501,36.6,268,5,51,6.7,0
AQ-0266,25.0,73.9,350,9.6,198,5,57,11.1,0
AQ-0267,19.0,33.9,558,22.9,243,8,87,9.4,0
AQ-0268,21.1,58.5,528,11.0,137,5,17,10.1,0
AQ-0269,19.9,37.6,400,17.3,85,7,225,8.3,1
AQ-0270,19.0,81.7,724,12.8,237,10,112,6.4,0
AQ-0271,26.6,68.0,810,11.7,226,9,169,7.0,1
AQ-0272,21.4,63.1,695,16.8,448,9,144,7.7,1
AQ-0273,20.2,41.6,350,14.8,66,3,191,9.0,0
AQ-0274,25.4,46.0,605,9.3,150,7,14,7.9,0
AQ-0275,25.3,36.4,630,17.7,307,7,172,7.1,1
AQ-0276,28.0,75.7,748,22.5,262,10,32,8.4,0
AQ-0277,26.6,36.1,350,21.4,122,4,87,6.0,0
AQ-0278,24.8,56.4,918,13.4,231,11,226,6.9,1
AQ-0279,24.3,70.1,564,43.7,147,9,29,7.3,0
AQ-0280,14.9,57.1,350,10.6,167,5,1,9.3,0
AQ-0281,21.9,51.4,493,15.7,96,3,34,7.3,0
AQ-0282,23.3,34.6,571,21.1,297,8,159,6.9,0
AQ-0283,21.2,52.0,350,10.6,98,6,170,8.9,1
AQ-0284,27.3,43.4,547,16.2,399,11,140,7.9,1
AQ-0285,23.6,41.4,408,14.7,204,6,102,9.4,0
AQ-0286,21.7,54.9,646,20.5,317,8,185,6.7,1
AQ-0287,20.8,79.2,566,14.4,275,12,5,9.4,0
AQ-0288,25.0,72.4,815,5.8,98,9,49,7.2,0
AQ-0289,20.7,60.1,420,19.0,302,6,170,7.4,1
AQ-0290,23.9,64.1,840,15.5,131,14,86,9.5,0
AQ-0291,30.9,43.8,474,5.9,164,8,187,7.9,0
AQ-0292,19.7,75.1,350,13.6,153,2,53,8.6,0
AQ-0293,25.4,65.1,493,11.2,159,6,116,7.6,0
AQ-0294,30.7,37.0,412,9.5,40,5,232,10.2,0
AQ-0295,18.7,60.1,492,21.2,67,4,75,7.4,0
AQ-0296,25.9,29.8,483,6.3,281,7,156,5.8,1
AQ-0297,17.3,75.1,786,8.6,155,12,51,7.6,1
AQ-0298,28.8,34.3,410,3.4,240,5,117,7.6,0
AQ-0299,25.2,35.6,406,11.8,193,6,234,8.5,0
AQ-0300,29.8,69.7,885,4.6,366,11,8,9.9,0
AQ-0301,20.1,39.8,660,28.1,181,8,99,7.4,1
AQ-0302,18.6,68.0,705,18.4,240,6,157,6.5,1
AQ-0303,17.8,39.1,486,8.3,123,5,123,8.1,0
AQ-0304,23.1,67.3,471,28.9,38,6,71,6.9,0
AQ-0305,16.3,76.9,676,5.4,147,7,116,8.3,0
AQ-0306,25.5,36.4,350,29.4,52,4,224,10.0,0
AQ-0307,26.2,35.2,517,6.2,167,7,194,9.3,1
AQ-0308,24.9,63.7,894,20.2,147,13,134,5.4,1
AQ-0309,29.9,34.4,723,19.3,239,9,183,7.9,1
AQ-0310,24.5,64.9,400,8.5,270,6,67,10.2,0
AQ-0311,28.0,78.1,558,6.9,64,7,198,6.5,1
AQ-0312,20.3,36.9,350,19.5,397,7,125,10.5,0
AQ-0313,24.4,42.3,524,12.5,147,4,104,8.6,0
AQ-0314,23.0,80.3,421,13.2,240,5,171,9.2,0
AQ-0315,23.5,60.3,631,22.3,203,10,133,8.7,0
AQ-0316,26.7,41.6,831,16.2,435,9,47,4.4,1
AQ-0317,24.1,75.7,710,12.2,522,9,190,7.1,1
AQ-0318,28.0,52.9,437,22.4,226,5,219,10.1,1
AQ-0319,31.2,37.5,534,16.9,236,7,34,6.0,0
AQ-0320,22.1,67.8,654,19.7,122,8,154,7.0,1
AQ-0321,22.4,46.8,720,4.5,266,12,125,8.8,1
AQ-0322,20.4,56.7,536,16.6,419,5,172,5.2,1
AQ-0323,25.6,76.0,1003,11.4,161,10,91,6.7,1
AQ-0324,26.4,75.1,491,12.8,252,7,11,7.8,0
AQ-0325,24.4,47.6,472,10.7,63,5,189,8.9,0
AQ-0326,24.5,71.7,522,21.9,149,7,227,9.9,1
AQ-0327,26.0,67.7,432,26.6,116,6,226,8.4,1
AQ-0328,23.0,71.6,412,8.0,89,6,198,9.8,0
AQ-0329,24.8,75.6,544,28.0,355,6,133,9.2,1
AQ-0330,17.6,73.5,350,8.7,175,2,212,11.6,0
AQ-0331,20.6,60.6,800,10.4,238,10,22,8.0,0
AQ-0332,25.7,35.2,356,26.8,101,3,236,9.6,1
AQ-0333,22.9,36.3,651,12.4,70,10,222,8.6,1
AQ-0334,19.9,42.9,350,11.8,216,4,140,8.4,0
AQ-0335,18.7,62.0,707,6.6,232,9,114,8.0,0
AQ-0336,26.1,71.1,350,6.3,154,5,183,8.8,0
AQ-0337,22.7,62.5,728,19.3,330,9,159,8.9,1
AQ-0338,23.6,36.3,677,11.7,152,9,138,6.1,1
AQ-0339,22.5,60.9,680,10.3,215,7,3,7.3,0
AQ-0340,23.1,40.7,781,30.8,223,8,146,6.0,1
AQ-0341,26.1,75.6,350,18.4,214,4,174,7.4,1
AQ-0342,27.2,75.6,960,16.1,150,11,236,6.0,1
AQ-0343,27.0,33.2,350,6.7,261,4,238,10.0,0
AQ-0344,21.6,75.7,532,10.2,317,5,213,8.5,1
AQ-0345,17.1,61.6,775,8.7,172,8,86,8.9,0
AQ-0346,31.6,54.8,367,4.2,318,6,186,8.6,0
AQ-0347,23.6,60.8,1038,13.0,193,11,125,7.6,1
AQ-0348,24.8,70.0,350,2.9,130,4,54,10.3,0
AQ-0349,26.7,70.6,481,43.8,110,3,201,8.9,1
AQ-0350,27.0,69.3,618,32.0,100,9,73,6.3,0
AQ-0351,18.9,56.9,373,21.8,96,4,205,7.7,1
AQ-0352,23.4,50.2,735,5.8,225,9,187,5.7,1
AQ-0353,25.7,62.1,502,20.3,269,8,3,7.5,0
AQ-0354,20.2,45.3,453,6.8,196,6,64,10.3,0
AQ-0355,21.5,43.0,666,5.9,231,9,90,7.5,0
AQ-0356,17.2,58.7,814,26.2,196,7,193,7.0,1
AQ-0357,28.0,63.3,580,9.5,266,6,187,6.1,0
AQ-0358,29.1,62.2,800,37.1,83,10,211,6.4,1
AQ-0359,28.1,66.6,378,7.6,79,7,231,9.1,0
AQ-0360,24.4,55.1,572,13.2,155,7,178,8.0,0
AQ-0361,25.2,53.9,589,12.7,235,10,145,10.0,0
AQ-0362,23.4,29.8,798,26.0,263,10,218,7.1,1
AQ-0363,23.5,48.7,648,12.8,154,8,48,10.0,0
AQ-0364,21.7,35.2,613,27.4,135,7,5,7.7,0
AQ-0365,19.2,70.9,350,10.3,117,5,192,7.7,0
AQ-0366,17.8,81.3,675,26.6,89,6,127,8.5,1
AQ-0367,14.0,54.1,650,13.7,184,13,58,9.3,0
AQ-0368,27.3,75.9,443,7.2,252,4,158,8.6,0
AQ-0369,20.1,28.9,683,15.5,221,8,126,7.9,0
AQ-0370,21.9,70.2,589,4.4,60,8,150,6.8,0
AQ-0371,19.1,51.8,350,16.3,58,5,213,10.8,0
AQ-0372,23.4,56.0,708,15.5,372,9,114,7.2,0
AQ-0373,24.6,63.1,505,32.8,180,5,219,5.9,1
AQ-0374,26.8,56.8,350,23.2,260,2,100,8.6,0
AQ-0375,22.3,59.1,459,10.8,66,5,122,9.7,0
AQ-0376,19.8,46.2,633,23.7,172,3,41,6.4,0
AQ-0377,21.5,51.0,384,6.6,65,6,210,6.3,0
AQ-0378,21.3,52.8,759,8.8,90,9,41,9.1,1
AQ-0379,19.6,62.2,408,17.4,74,3,166,6.7,0
AQ-0380,20.1,62.4,361,17.4,71,8,62,9.8,0
AQ-0381,28.7,79.9,370,12.6,119,4,197,6.6,0
AQ-0382,26.9,65.7,607,7.3,188,10,209,8.9,0
AQ-0383,18.9,80.1,578,15.6,51,6,16,8.7,0
AQ-0384,21.1,47.0,819,6.8,109,7,221,5.8,1
AQ-0385,25.0,28.7,540,45.0,170,7,136,7.7,0
AQ-0386,24.1,48.5,388,26.7,210,8,101,9.2,0
AQ-0387,24.5,37.8,802,6.5,205,7,114,7.3,0
AQ-0388,24.0,41.3,462,37.5,198,3,131,8.3,1
AQ-0389,31.4,78.3,706,16.4,187,9,126,9.2,1
AQ-0390,21.8,44.1,353,9.6,387,6,86,11.4,0
AQ-0391,23.5,33.6,754,18.7,47,9,131,8.5,0
AQ-0392,24.3,43.1,568,15.7,301,6,157,7.8,1
AQ-0393,25.4,46.7,388,6.4,60,6,38,9.0,0
AQ-0394,24.3,47.7,547,8.2,246,4,20,8.4,0
AQ-0395,18.9,72.8,410,14.1,235,4,64,10.2,0
AQ-0396,24.6,75.8,446,13.6,173,7,205,6.9,0
AQ-0397,23.2,36.4,350,10.2,294,5,205,11.4,0
AQ-0398,26.6,31.4,690,13.8,146,10,202,6.5,0
AQ-0399,19.2,69.5,499,11.5,355,4,36,6.8,0
AQ-0400,24.1,57.3,426,22.2,247,3,133,8.0,1
AQ-0401,19.1,39.9,362,18.4,190,4,98,9.2,0
AQ-0402,30.0,65.1,810,17.0,187,12,8,5.9,0
AQ-0403,27.0,66.8,573,10.6,92,7,25,10.2,0
AQ-0404,27.4,49.6,800,23.2,193,11,3,8.4,0
AQ-0405,28.4,29.4,350,5.6,48,3,149,7.9,0
AQ-0406,26.2,41.1,383,16.1,195,5,140,9.6,0
AQ-0407,16.4,34.2,508,4.5,125,6,92,6.8,0
AQ-0408,17.0,42.8,641,4.4,99,6,217,6.3,1
AQ-0409,26.9,33.9,509,15.9,403,7,25,9.1,0
AQ-0410,23.1,46.8,505,8.1,133,10,101,9.8,0
AQ-0411,25.6,72.5,767,20.7,249,9,41,7.0,1
AQ-0412,25.8,45.5,441,6.4,120,7,77,7.8,0
AQ-0413,22.6,35.0,538,23.1,311,5,191,7.3,1
AQ-0414,24.9,74.1,533,21.5,66,6,36,5.2,1
AQ-0415,28.0,71.9,668,8.9,247,11,7,6.9,0
AQ-0416,22.9,70.0,350,23.1,153,4,230,8.8,1
AQ-0417,27.5,47.0,433,17.8,132,7,5,10.0,0
AQ-0418,19.3,55.5,586,16.5,407,7,74,9.0,0
AQ-0419,28.0,44.8,634,9.7,146,6,34,6.7,0
AQ-0420,24.4,50.4,438,26.9,160,4,195,7.6,1
AQ-0421,21.6,37.0,512,21.3,221,7,157,9.1,1
AQ-0422,22.6,31.2,387,10.9,87,5,206,10.1,0
AQ-0423,20.2,66.0,607,8.5,59,7,49,6.9,0
AQ-0424,24.4,48.0,446,14.4,289,7,129,9.0,1
AQ-0425,26.1,50.5,410,11.7,111,7,121,8.4,0
AQ-0426,24.3,49.4,561,14.5,122,7,227,8.8,1
AQ-0427,16.4,50.2,350,11.9,186,7,164,9.1,0
AQ-0428,24.3,71.0,771,29.6,211,7,61,4.2,0
AQ-0429,27.5,58.4,469,15.7,68,4,224,8.3,0
AQ-0430,25.3,67.2,565,18.5,162,8,135,8.4,0
AQ-0431,28.4,29.7,692,40.6,206,8,169,7.5,1
AQ-0432,14.0,29.9,350,18.3,125,1,212,9.4,0
AQ-0433,22.8,67.8,630,11.1,200,11,84,7.7,0
AQ-0434,24.6,69.6,524,12.2,114,7,203,9.4,0
AQ-0435,22.4,53.4,587,24.5,125,12,204,7.8,1
AQ-0436,25.1,40.6,512,5.2,287,7,56,6.5,0
AQ-0437,19.4,42.1,556,11.8,113,8,181,10.5,0
AQ-0438,26.0,43.5,649,9.2,195,10,239,8.4,1
AQ-0439,14.1,76.4,551,11.8,74,7,59,7.3,0
AQ-0440,28.3,53.8,427,15.1,213,5,101,8.6,0
AQ-0441,22.7,58.4,617,8.2,226,5,152,6.7,1
AQ-0442,28.8,41.5,464,16.7,74,8,103,8.1,1
AQ-0443,24.9,35.6,414,15.9,61,6,152,7.0,1
AQ-0444,26.3,65.6,755,12.8,133,10,18,4.3,0
AQ-0445,20.6,48.1,1063,12.9,333,15,157,9.0,1
AQ-0446,24.2,67.5,614,13.1,132,9,56,7.5,0
AQ-0447,22.7,39.1,706,6.1,109,10,108,8.7,0
AQ-0448,25.2,64.1,584,22.7,229,4,140,6.5,1
AQ-0449,24.3,66.4,673,23.5,147,7,88,9.0,1
AQ-0450,28.3,48.8,624,37.6,98,7,101,10.6,1
AQ-0451,26.8,36.4,489,13.0,155,7,153,7.7,0
AQ-0452,23.4,57.9,393,14.9,68,6,100,9.2,0
AQ-0453,19.8,73.9,372,10.9,208,6,235,8.2,1
AQ-0454,24.3,44.4,512,9.1,100,7,120,9.3,0
AQ-0455,25.8,53.0,536,29.4,134,7,66,8.6,0
AQ-0456,24.6,62.1,511,13.2,326,6,66,7.7,0
AQ-0457,24.8,73.2,398,30.8,208,5,22,6.3,0
AQ-0458,23.2,28.5,504,14.4,353,9,165,9.4,1
AQ-0459,30.5,44.9,431,18.3,130,8,60,7.8,0
AQ-0460,25.1,61.0,438,27.8,166,7,164,8.1,0
AQ-0461,23.8,49.7,485,16.7,260,7,165,9.3,0
AQ-0462,17.2,43.0,350,14.5,201,4,174,7.2,0
AQ-0463,24.4,32.6,453,9.2,64,6,144,8.8,0
AQ-0464,21.4,52.5,625,7.5,263,10,89,9.2,1
AQ-0465,23.6,45.4,833,14.9,168,9,138,5.1,1
AQ-0466,23.1,32.5,601,42.4,147,5,124,5.2,0
AQ-0467,26.2,34.3,517,32.5,174,5,201,8.2,1
AQ-0468,15.9,68.9,350,7.3,55,4,73,8.4,0
AQ-0469,22.4,68.1,684,17.9,219,6,21,8.9,0
AQ-0470,32.5,62.4,350,15.1,154,4,100,8.5,0
AQ-0471,20.5,69.5,350,26.5,166,6,3,13.0,0
AQ-0472,26.5,60.8,743,38.5,181,9,231,8.4,1
AQ-0473,23.1,50.9,727,46.2,151,8,60,6.8,1
AQ-0474,26.5,34.2,623,11.8,160,6,235,7.5,1
AQ-0475,24.8,58.8,497,19.1,296,5,29,6.9,0
AQ-0476,28.7,80.7,711,28.8,236,11,212,8.7,1
AQ-0477,23.5,39.9,535,8.5,155,6,75,8.6,0
AQ-0478,26.6,59.9,404,14.8,66,6,120,8.0,0
AQ-0479,21.1,36.8,407,6.1,151,6,139,8.5,0
AQ-0480,25.4,56.8,594,15.6,196,8,159,8.1,0
AQ-0481,24.9,76.8,588,8.7,167,7,189,8.1,1
AQ-0482,21.7,74.2,350,17.8,223,5,232,8.6,0
AQ-0483,16.9,63.9,652,25.0,272,7,15,6.0,0
AQ-0484,22.4,80.3,704,5.5,236,11,7,5.9,0
AQ-0485,29.7,30.4,463,7.1,141,4,10,8.3,0
AQ-0486,25.4,50.2,557,8.0,75,6,216,7.4,0
AQ-0487,19.6,75.3,476,33.1,175,9,63,10.6,0
AQ-0488,21.1,57.6,407,8.0,74,3,214,7.9,0
AQ-0489,22.0,63.3,488,20.3,256,5,98,6.3,0
AQ-0490,15.2,37.7,350,9.2,99,5,190,9.6,1
AQ-0491,20.6,63.6,350,6.3,182,1,137,8.5,0
AQ-0492,23.5,47.9,446,8.3,103,6,98,8.9,1
AQ-0493,17.9,31.5,528,3.7,153,2,24,5.3,0
AQ-0494,25.3,48.0,350,9.1,153,7,80,8.6,0
AQ-0495,20.5,74.7,738,62.3,132,10,124,9.8,1
AQ-0496,21.1,44.1,526,10.2,231,7,188,9.7,0
AQ-0497,28.7,29.5,644,16.4,137,7,34,8.7,0
AQ-0498,18.9,44.1,568,22.6,136,7,131,9.6,0
AQ-0499,20.8,74.5,495,39.0,229,6,145,8.5,1
AQ-0500,28.3,65.9,509,11.7,190,5,201,7.0,0
AQ-0501,22.1,47.3,436,49.0,136,5,239,6.5,1
AQ-0502,21.2,72.1,350,26.7,138,1,55,10.1,0
AQ-0503,25.3,79.4,600,9.9,188,7,235,8.4,1
AQ-0504,27.3,71.5,774,33.0,471,9,196,9.0,1
AQ-0505,23.8,47.8,763,11.2,166,11,179,7.7,1
AQ-0506,29.1,56.8,593,6.5,55,4,62,7.7,0
AQ-0507,23.9,55.6,597,30.6,152,7,163,8.7,1
AQ-0508,18.5,68.0,719,14.4,117,9,132,11.1,0
AQ-0509,22.3,76.5,592,80.1,155,9,55,6.9,1
AQ-0510,20.4,37.3,494,21.0,119,8,93,7.7,0
AQ-0511,28.8,36.2,534,12.0,264,6,45,9.3,0
AQ-0512,23.3,40.5,484,8.0,125,8,99,8.4,0
AQ-0513,18.9,48.6,508,26.2,106,7,189,8.0,1
AQ-0514,26.2,53.4,350,15.6,218,4,206,8.4,0
AQ-0515,23.1,30.7,648,5.3,207,6,213,6.5,0
AQ-0516,20.3,46.3,541,4.8,476,5,164,9.5,0
AQ-0517,23.9,53.8,723,21.2,177,9,149,11.0,0
AQ-0518,19.8,76.2,584,7.8,339,5,213,10.0,1
AQ-0519,22.8,49.7,350,62.0,560,4,127,9.9,0
AQ-0520,23.3,39.5,933,7.0,165,13,215,5.3,1
AQ-0521,21.8,32.8,772,6.1,353,9,233,8.2,1
AQ-0522,17.0,55.2,592,23.3,247,7,86,7.7,1
AQ-0523,26.1,62.5,386,10.3,177,5,165,7.4,0
AQ-0524,26.1,59.5,724,10.8,116,11,81,4.7,1
AQ-0525,23.2,30.3,442,14.8,213,4,17,8.3,0
AQ-0526,18.8,41.7,842,6.9,55,8,155,8.2,0
AQ-0527,21.1,48.4,748,15.4,179,9,23,8.9,0
AQ-0528,26.3,67.3,568,8.1,284,6,11,8.6,0
AQ-0529,30.8,78.3,552,8.4,96,8,134,8.7,0
AQ-0530,31.5,46.8,352,9.0,123,5,176,9.3,0
AQ-0531,28.0,70.8,651,10.8,243,8,181,7.0,0
AQ-0532,19.8,31.3,455,5.3,403,8,128,9.4,0
AQ-0533,30.1,58.7,350,10.5,347,3,128,7.2,0
AQ-0534,27.6,44.7,443,14.2,286,9,42,7.2,0
AQ-0535,15.1,45.6,652,11.3,150,8,3,7.3,0
AQ-0536,25.1,41.4,416,17.8,244,6,191,10.7,0
AQ-0537,17.8,60.6,569,23.9,312,9,54,8.4,0
AQ-0538,26.0,71.3,665,5.1,78,9,157,5.8,1
AQ-0539,29.7,60.7,494,29.4,158,6,227,9.5,1
AQ-0540,23.4,61.8,621,22.5,346,6,70,8.0,0
AQ-0541,23.3,37.3,486,4.3,97,4,133,7.9,0
AQ-0542,25.7,40.9,626,3.7,269,9,120,7.3,0
AQ-0543,22.5,36.6,402,22.9,76,5,114,8.2,0
AQ-0544,25.0,38.7,843,15.6,187,13,73,6.4,0
AQ-0545,22.1,68.8,807,37.7,279,12,233,8.4,1
AQ-0546,23.3,38.0,350,9.4,238,4,17,8.9,0
AQ-0547,24.2,46.2,618,13.3,261,7,169,9.5,0
AQ-0548,25.1,39.5,440,6.0,185,8,1,9.9,0
AQ-0549,19.7,81.4,556,15.0,175,5,55,6.4,0
AQ-0550,25.9,34.2,640,7.3,136,8,15,8.4,0
AQ-0551,26.7,52.3,499,29.8,259,10,222,8.5,1
AQ-0552,25.7,67.9,401,16.5,98,7,6,7.6,0
AQ-0553,23.3,63.2,384,8.3,56,6,179,9.0,0
AQ-0554,24.3,43.3,562,11.7,101,8,206,9.8,0
AQ-0555,23.1,63.6,707,11.6,192,9,162,7.8,1
AQ-0556,27.2,70.4,522,18.3,175,5,213,8.4,0
AQ-0557,29.4,28.4,621,16.7,177,11,43,6.0,0
AQ-0558,29.3,63.4,746,15.8,321,8,166,6.3,1
AQ-0559,21.4,79.5,574,21.3,267,6,176,8.4,0
AQ-0560,30.2,52.0,884,38.5,265,10,70,7.2,1
AQ-0561,21.6,63.5,626,15.8,265,9,224,8.7,1
AQ-0562,27.3,66.3,621,16.6,232,7,39,6.6,0
AQ-0563,26.9,79.5,745,8.7,305,10,205,7.8,1
AQ-0564,22.9,67.9,606,36.1,413,6,198,7.0,1
AQ-0565,19.0,71.8,458,3.2,49,5,10,8.4,0
AQ-0566,30.7,57.1,458,5.9,144,7,71,7.3,0
AQ-0567,21.8,75.8,406,8.9,229,5,4,9.3,0
AQ-0568,21.5,57.1,793,12.7,370,12,56,9.3,0
AQ-0569,19.0,76.3,846,23.7,165,10,155,5.2,1
AQ-0570,28.5,45.4,350,29.2,194,7,199,10.6,0
AQ-0571,22.2,57.8,377,31.8,142,7,205,12.3,1
AQ-0572,21.4,48.0,548,15.9,173,8,126,5.5,1
AQ-0573,24.1,42.3,409,33.2,201,4,13,8.0,0
AQ-0574,20.0,58.2,765,5.3,143,9,146,5.9,0
AQ-0575,21.5,63.6,583,18.4,125,7,153,8.3,0
AQ-0576,16.4,35.6,767,21.6,150,11,214,7.2,1
AQ-0577,19.1,29.8,716,17.1,134,9,159,7.7,1
AQ-0578,19.8,40.4,370,13.6,75,7,187,7.6,1
AQ-0579,21.1,71.8,606,4.7,130,7,30,8.7,0
AQ-0580,24.0,32.8,483,10.2,118,5,14,7.7,0
AQ-0581,23.4,51.8,392,16.6,281,3,179,6.8,1
AQ-0582,28.2,64.0,743,9.2,179,11,142,8.3,0
AQ-0583,19.2,64.2,621,13.3,589,6,104,7.1,0
AQ-0584,21.4,77.3,415,30.6,134,5,208,8.0,1
AQ-0585,14.0,66.0,446,20.9,146,4,216,7.1,1
AQ-0586,19.3,29.3,504,5.4,262,7,4,7.5,0
AQ-0587,14.3,30.8,513,7.3,108,7,164,10.0,0
AQ-0588,23.8,40.9,401,10.0,211,5,35,9.2,0
AQ-0589,23.1,75.1,634,17.0,164,7,76,6.6,0
AQ-0590,29.3,53.7,350,15.0,295,4,177,11.0,0
AQ-0591,22.1,73.9,511,24.3,423,4,214,10.3,1
AQ-0592,24.3,46.0,641,35.0,371,8,35,7.6,1
AQ-0593,18.3,37.0,458,20.0,151,2,122,8.8,0
AQ-0594,25.0,53.9,525,6.4,74,8,221,7.5,0
AQ-0595,24.2,50.9,969,6.2,235,11,88,8.5,1
AQ-0596,22.6,58.4,363,30.9,254,3,58,9.0,0
AQ-0597,23.0,50.2,550,8.0,513,6,132,6.7,1
AQ-0598,23.3,80.8,705,18.6,391,8,15,7.0,1
AQ-0599,20.1,33.1,754,15.8,184,8,229,8.7,1
AQ-0600,22.9,56.3,955,18.1,133,14,157,8.7,1
AQ-0601,26.0,66.6,557,17.7,218,5,39,6.2,1
AQ-0602,22.0,74.4,1022,12.2,332,12,88,6.7,1
AQ-0603,26.1,58.9,503,9.6,98,7,210,9.4,0
AQ-0604,21.9,75.5,542,5.1,127,6,33,9.8,0
AQ-0605,17.7,31.9,671,26.3,204,12,32,7.4,0
AQ-0606,33.2,79.5,636,18.9,89,8,28,9.4,0
AQ-0607,32.9,66.1,470,14.4,269,5,59,7.7,0
AQ-0608,21.5,65.3,470,3.1,373,5,205,8.4,0
AQ-0609,14.3,68.9,724,8.8,65,7,2,7.3,0
AQ-0610,24.7,53.2,359,32.3,182,7,19,9.8,0
AQ-0611,19.7,67.4,395,18.0,235,3,221,7.8,1
AQ-0612,24.4,40.9,614,21.5,398,8,131,11.9,1
AQ-0613,18.7,62.9,700,32.2,108,10,214,7.1,1
AQ-0614,24.3,67.3,638,17.4,131,10,132,9.1,0
AQ-0615,26.7,55.2,354,3.6,94,5,227,6.1,0
AQ-0616,27.9,58.8,627,27.8,523,10,118,6.4,1
AQ-0617,25.9,50.9,483,26.0,231,10,229,9.6,1
AQ-0618,25.6,34.7,495,4.3,183,6,44,7.6,0
AQ-0619,21.6,32.4,443,10.9,216,7,17,8.8,0
AQ-0620,26.2,58.5,611,18.2,69,6,182,8.5,0
AQ-0621,25.5,81.0,551,15.8,115,6,83,6.9,1
AQ-0622,21.6,41.3,510,16.0,56,7,54,7.2,1
AQ-0623,24.0,55.9,629,6.7,42,6,16,9.7,0
AQ-0624,23.4,78.9,365,16.4,225,5,150,9.7,0
AQ-0625,21.4,73.3,605,33.4,365,5,110,7.1,1
AQ-0626,21.1,80.1,639,8.1,106,8,134,8.3,1
AQ-0627,25.4,54.8,541,20.6,161,6,218,6.5,1
AQ-0628,22.8,34.5,470,9.7,59,6,27,10.1,0
AQ-0629,19.8,77.8,536,17.8,209,7,180,7.7,1
AQ-0630,27.2,58.7,477,8.7,50,8,97,9.3,0
AQ-0631,21.0,34.7,470,26.4,137,5,101,6.6,1
AQ-0632,22.6,34.5,777,8.1,338,12,214,8.7,1
AQ-0633,20.0,34.1,708,12.0,110,11,53,9.3,1
AQ-0634,25.1,42.4,384,8.0,195,6,211,9.5,1
AQ-0635,21.9,69.0,445,7.3,206,5,189,8.6,0
AQ-0636,26.5,55.4,685,10.7,394,8,30,6.8,0
AQ-0637,18.7,50.2,427,6.3,69,6,12,9.5,0
AQ-0638,22.8,69.6,638,29.2,340,9,104,9.0,1
AQ-0639,14.0,66.5,630,5.6,73,6,145,8.2,0
AQ-0640,27.6,78.6,350,19.6,55,4,58,11.4,0
AQ-0641,25.2,44.0,567,7.9,234,4,1,10.1,0
AQ-0642,30.6,41.0,420,16.0,76,4,195,8.2,1
AQ-0643,19.5,46.2,802,7.7,222,10,120,8.9,0
AQ-0644,21.4,71.6,400,9.1,282,5,162,8.0,0
AQ-0645,21.3,34.0,741,37.7,240,9,159,8.3,1
AQ-0646,25.8,43.5,541,9.7,213,7,213,6.5,1
AQ-0647,22.7,28.3,350,8.1,224,4,71,6.3,0
AQ-0648,25.4,78.6,833,22.5,144,8,183,7.3,1
AQ-0649,23.1,69.2,450,30.4,173,3,209,8.2,1
AQ-0650,26.7,68.2,445,18.2,140,8,229,9.5,0
AQ-0651,23.8,37.6,360,7.1,72,5,174,10.3,0
AQ-0652,20.5,44.2,722,20.7,344,10,73,7.8,1
AQ-0653,27.3,54.1,359,14.0,207,4,163,10.9,0
AQ-0654,25.5,65.4,580,5.5,201,9,9,9.1,0
AQ-0655,24.6,52.8,732,7.5,205,9,178,8.0,1
AQ-0656,19.2,47.8,478,6.9,178,9,20,9.5,0
AQ-0657,18.7,75.9,631,32.9,82,8,134,8.7,0
AQ-0658,17.2,36.3,505,11.9,208,5,84,8.9,0
AQ-0659,19.5,46.2,684,6.1,229,9,30,7.8,0
AQ-0660,24.5,49.3,450,30.5,53,5,49,8.6,0
AQ-0661,18.8,74.8,591,8.0,242,9,189,8.6,0
AQ-0662,16.2,80.7,582,13.2,145,9,122,10.0,1
AQ-0663,18.3,56.7,980,44.1,107,14,153,7.2,1
AQ-0664,22.1,37.6,661,9.5,305,9,99,5.5,1
AQ-0665,26.1,75.4,422,27.4,146,4,194,8.4,1
AQ-0666,21.1,39.1,359,28.5,323,6,239,9.8,1
AQ-0667,21.1,30.7,613,16.9,175,7,116,7.6,1
AQ-0668,20.8,51.4,350,3.9,236,3,117,8.3,0
AQ-0669,21.9,71.1,474,13.0,302,7,49,7.7,0
AQ-0670,19.4,49.9,350,45.0,41,4,142,10.1,0
AQ-0671,24.2,61.6,607,20.8,242,8,41,7.7,1
AQ-0672,21.0,53.8,483,30.8,78,5,52,7.4,0
AQ-0673,14.4,36.1,686,7.4,153,8,113,4.7,0
AQ-0674,17.9,77.5,564,9.0,103,7,15,8.0,0
AQ-0675,22.0,54.0,583,15.8,285,7,156,7.2,0
AQ-0676,25.0,43.3,350,10.2,324,3,194,9.7,0
AQ-0677,22.1,40.9,558,11.2,124,4,25,6.5,0
AQ-0678,24.4,36.4,634,22.8,373,11,215,10.6,1
AQ-0679,29.3,80.5,502,8.3,232,6,237,9.7,1
AQ-0680,22.6,71.5,704,24.4,133,10,108,7.9,0
AQ-0681,25.8,29.1,400,20.6,147,3,9,9.7,0
AQ-0682,27.6,30.2,783,12.2,413,10,131,5.7,1
AQ-0683,20.0,50.8,534,14.8,90,7,126,8.7,0
AQ-0684,22.0,43.7,390,7.4,333,3,23,8.6,0
AQ-0685,23.9,39.6,463,4.4,169,4,200,5.5,0
AQ-0686,29.1,59.1,598,13.2,159,9,57,7.2,0
AQ-0687,21.7,74.6,570,19.6,131,10,176,8.8,0
AQ-0688,28.5,38.1,636,24.3,263,7,217,7.4,1
AQ-0689,20.0,45.6,530,21.6,205,7,230,8.3,1
AQ-0690,14.0,54.2,682,23.1,146,8,105,9.8,0
AQ-0691,24.1,62.3,498,22.2,158,4,237,8.5,1
AQ-0692,19.2,29.3,350,15.9,408,1,161,9.5,0
AQ-0693,20.3,42.9,494,30.1,121,5,128,9.1,0
AQ-0694,22.3,32.8,441,14.5,311,4,7,5.0,0
AQ-0695,24.7,81.3,549,10.9,180,7,71,7.3,0
AQ-0696,20.0,62.5,646,7.6,183,10,87,5.8,0
AQ-0697,21.7,81.6,350,16.5,185,7,16,7.8,0
AQ-0698,30.6,73.2,626,6.2,269,7,162,6.9,1
AQ-0699,22.9,58.4,629,20.4,168,6,192,6.2,1
AQ-0700,21.8,50.4,517,16.1,91,8,176,8.1,1
AQ-0701,15.9,58.5,600,7.9,383,8,99,9.4,1
AQ-0702,23.3,57.6,496,39.4,247,8,68,7.2,0
AQ-0703,23.7,59.2,400,45.5,51,6,210,9.1,0
AQ-0704,21.1,62.1,350,7.3,200,2,238,9.0,1
AQ-0705,18.6,63.8,535,17.5,122,9,87,8.7,1
AQ-0706,28.0,52.4,652,29.9,480,6,131,4.2,1
AQ-0707,33.2,63.2,434,6.2,270,6,89,8.2,0
AQ-0708,25.1,50.8,442,24.2,115,5,115,8.2,0
AQ-0709,28.8,43.4,515,19.7,118,7,190,6.9,0
AQ-0710,23.1,69.3,601,13.6,117,7,67,4.1,1
AQ-0711,18.6,39.4,626,8.5,77,10,180,8.7,0
AQ-0712,26.7,33.5,875,6.1,177,9,83,7.8,0
AQ-0713,22.3,31.5,463,29.2,197,4,42,8.0,0
AQ-0714,16.2,62.5,604,10.8,204,9,56,7.8,0
AQ-0715,26.2,78.4,543,8.3,242,5,237,7.9,1
AQ-0716,20.7,76.3,473,4.4,280,7,237,7.3,1
AQ-0717,17.8,72.9,851,7.5,161,11,2,7.0,0
AQ-0718,19.0,33.9,467,9.2,135,7,182,8.0,0
AQ-0719,26.2,71.6,612,6.3,171,10,203,7.8,0
AQ-0720,26.6,65.0,438,9.7,109,7,14,8.0,0
AQ-0721,25.8,28.1,552,22.2,92,9,204,8.4,0
AQ-0722,29.2,60.2,602,14.9,285,8,136,7.4,0
AQ-0723,21.6,70.5,685,7.5,207,9,146,8.1,1
AQ-0724,18.8,72.8,483,10.3,186,8,153,7.4,0
AQ-0725,22.0,43.2,399,21.4,155,6,147,8.8,1
AQ-0726,20.9,43.4,427,16.8,182,9,127,10.8,0
AQ-0727,20.7,36.4,484,8.4,215,7,149,7.2,0
AQ-0728,22.2,56.1,468,24.3,156,6,150,8.0,0
AQ-0729,16.7,40.0,538,13.8,262,7,231,7.7,1
AQ-0730,20.3,37.6,552,12.1,125,5,65,8.6,0
AQ-0731,20.2,73.2,529,9.7,188,7,181,9.5,0
AQ-0732,21.4,50.2,541,10.5,210,7,91,10.2,0
AQ-0733,26.7,65.5,537,11.6,151,7,17,8.8,0
AQ-0734,24.4,42.4,588,16.5,270,7,147,8.1,1
AQ-0735,24.0,29.1,818,11.5,145,9,173,9.3,1
AQ-0736,27.1,42.7,498,18.3,203,6,39,8.6,0
AQ-0737,24.3,71.3,588,24.7,191,6,120,7.0,0
AQ-0738,24.0,41.1,494,17.0,190,6,92,7.3,0
AQ-0739,20.5,40.0,597,8.1,137,7,180,9.2,0
AQ-0740,19.5,45.3,680,49.8,101,8,109,7.0,1
AQ-0741,23.6,69.6,350,23.2,100,5,11,10.8,0
AQ-0742,27.5,57.4,980,27.1,448,10,120,7.0,1
AQ-0743,18.3,72.5,387,3.8,53,3,126,7.3,0
AQ-0744,17.4,56.7,908,23.3,93,9,130,5.7,1
AQ-0745,24.0,45.8,653,3.5,82,6,25,8.9,0
AQ-0746,27.6,61.3,456,6.5,152,7,90,8.3,1
AQ-0747,22.8,78.8,350,22.3,113,4,188,9.5,0
AQ-0748,26.3,50.9,832,35.6,123,11,214,9.7,1
AQ-0749,28.2,48.8,350,21.8,119,2,105,8.3,0
AQ-0750,20.3,58.7,363,7.7,93,2,212,8.3,0
AQ-0751,24.1,31.6,703,19.0,96,10,62,9.7,0
AQ-0752,18.4,70.0,603,12.2,170,10,81,8.4,0
AQ-0753,25.1,76.1,567,6.0,346,10,51,8.0,0
AQ-0754,29.7,81.2,463,11.3,229,5,51,10.2,0
AQ-0755,18.6,74.3,1072,17.7,393,14,25,7.9,1
AQ-0756,25.7,35.1,655,12.7,119,11,57,7.8,0
AQ-0757,26.0,39.9,487,5.4,101,8,150,10.0,0
AQ-0758,24.2,52.0,350,6.3,221,6,214,10.4,1
AQ-0759,18.4,31.0,363,3.9,337,3,167,8.6,0
AQ-0760,26.6,34.1,751,24.3,180,9,58,6.1,1
AQ-0761,24.8,81.5,565,17.4,75,5,0,7.0,0
AQ-0762,20.4,59.0,350,7.7,30,4,22,10.3,0
AQ-0763,16.3,43.8,587,20.9,174,9,230,8.2,1
AQ-0764,21.7,47.3,390,26.4,217,4,156,6.9,0
AQ-0765,24.1,47.9,508,8.6,67,5,230,8.0,1
AQ-0766,17.9,74.7,698,3.8,184,8,127,7.1,1
AQ-0767,25.1,40.7,949,14.4,343,14,207,7.9,1
AQ-0768,27.0,60.5,713,9.4,121,11,222,8.2,1
AQ-0769,23.9,78.1,568,8.0,102,6,66,8.9,0
AQ-0770,21.7,51.8,350,6.2,293,2,184,6.2,1
AQ-0771,31.0,81.4,578,17.4,433,8,78,8.3,0
AQ-0772,22.2,66.3,434,5.2,169,5,102,7.7,0
AQ-0773,14.0,63.8,643,44.3,270,9,97,9.3,0
AQ-0774,20.9,64.5,521,14.1,302,7,51,7.7,0
AQ-0775,25.6,74.6,654,5.4,158,9,0,7.7,0
AQ-0776,22.2,41.2,562,18.3,236,11,11,11.3,0
AQ-0777,27.0,58.0,751,19.1,366,13,21,8.0,0
AQ-0778,19.0,60.7,473,13.8,272,5,134,6.2,0
AQ-0779,21.6,42.8,835,32.4,287,13,80,9.2,0
AQ-0780,29.2,44.3,777,21.0,54,9,68,6.8,0
AQ-0781,24.6,67.1,416,4.9,205,6,160,6.3,0
AQ-0782,16.5,74.1,537,21.3,151,6,221,8.2,1
AQ-0783,21.6,52.2,538,7.2,373,5,196,7.3,0
AQ-0784,20.0,52.0,350,16.7,72,2,142,9.0,0
AQ-0785,27.6,71.7,748,19.0,119,9,169,6.9,1
AQ-0786,24.2,67.1,652,16.0,108,6,48,6.6,0
AQ-0787,22.6,49.1,801,8.9,322,9,198,7.7,0
AQ-0788,21.6,52.2,551,14.1,187,8,106,7.9,0
AQ-0789,21.0,40.9,408,3.0,81,4,166,6.6,1
AQ-0790,20.2,46.3,404,20.5,183,8,58,8.9,0
AQ-0791,24.4,67.3,686,21.3,177,10,64,7.7,1
AQ-0792,27.7,55.4,576,7.8,332,9,53,9.9,0
AQ-0793,29.6,66.9,794,31.0,205,12,82,6.6,1
AQ-0794,23.8,47.7,350,19.7,413,3,60,6.4,0
AQ-0795,23.5,47.8,731,11.4,124,9,167,7.1,1
AQ-0796,21.3,63.9,664,5.7,154,7,132,7.9,1
AQ-0797,24.7,33.3,467,24.7,197,7,98,6.7,0
AQ-0798,26.0,43.5,501,3.4,39,6,43,7.7,0
AQ-0799,22.4,29.3,848,11.4,230,12,179,7.6,1
AQ-0800,24.4,49.9,350,6.8,125,5,21,7.9,0
AQ-0801,23.9,32.1,404,4.7,154,7,221,7.8,0
AQ-0802,20.8,48.6,501,22.9,345,5,21,8.1,0
AQ-0803,25.8,54.4,647,31.3,78,11,157,8.3,1
AQ-0804,25.6,76.2,693,9.2,253,10,208,8.0,1
AQ-0805,27.4,63.6,691,24.0,132,8,221,7.1,1
AQ-0806,25.2,67.4,493,24.6,261,6,190,8.7,1
AQ-0807,20.9,75.5,350,13.6,142,2,198,8.0,0
AQ-0808,30.0,52.3,580,16.5,561,7,14,8.9,0
AQ-0809,19.0,54.7,719,7.7,88,8,5,6.9,0
AQ-0810,24.5,57.0,659,36.7,124,10,63,8.9,0
AQ-0811,21.8,32.7,838,11.6,285,8,171,5.1,1
AQ-0812,25.9,50.4,366,28.7,68,7,202,9.9,0
AQ-0813,24.9,73.5,556,24.9,92,9,22,7.3,0
AQ-0814,29.2,31.8,472,42.8,77,6,59,7.5,0
AQ-0815,23.7,66.4,350,18.8,287,4,12,7.2,0
AQ-0816,26.7,30.1,681,13.5,116,5,111,8.8,1
AQ-0817,16.1,57.6,609,6.4,181,8,112,6.2,0
AQ-0818,16.7,49.7,350,13.9,174,5,231,10.5,0
AQ-0819,22.9,69.0,366,20.2,57,6,237,8.2,1
AQ-0820,19.5,81.4,547,5.7,163,4,37,7.0,0
AQ-0821,20.5,38.6,350,10.0,230,4,85,9.4,0
AQ-0822,28.7,30.4,451,7.6,148,5,58,8.6,0
AQ-0823,21.1,30.8,350,12.7,37,6,194,8.6,0
AQ-0824,20.9,36.3,597,10.5,280,10,190,10.9,0
AQ-0825,26.1,28.1,649,14.8,154,7,213,7.5,1
AQ-0826,18.0,78.0,433,19.2,182,5,68,8.5,0
AQ-0827,14.0,41.4,547,11.0,137,7,41,8.4,0
AQ-0828,18.9,30.1,556,8.1,84,6,162,5.0,1
AQ-0829,20.1,75.8,504,11.4,150,6,129,7.2,1
AQ-0830,22.5,29.4,374,18.8,139,5,81,8.5,0
AQ-0831,22.8,79.2,499,20.0,273,7,36,7.4,1
AQ-0832,24.0,46.9,597,19.7,238,7,101,7.1,0
AQ-0833,32.2,50.4,846,13.0,54,9,175,6.6,0
AQ-0834,19.1,51.3,445,16.3,136,6,68,6.9,0
AQ-0835,19.0,31.7,632,6.2,59,5,235,8.4,0
AQ-0836,28.5,53.1,630,4.6,159,7,202,7.2,0
AQ-0837,24.9,43.5,419,11.1,241,5,52,9.3,0
AQ-0838,20.0,62.9,518,19.9,104,7,60,4.8,1
AQ-0839,24.3,55.3,350,12.1,100,4,55,11.1,0
AQ-0840,27.1,57.7,698,12.3,421,8,175,8.0,0
AQ-0841,19.2,62.1,641,34.3,295,8,132,9.3,1
AQ-0842,19.2,54.8,643,8.0,88,9,26,7.8,0
AQ-0843,21.7,70.7,774,14.3,327,11,184,7.9,1
AQ-0844,23.4,55.4,388,6.8,112,5,43,7.0,0
AQ-0845,22.4,57.9,588,22.7,131,5,29,7.5,0
AQ-0846,23.5,64.7,472,11.6,247,7,178,9.0,0
AQ-0847,21.9,77.1,744,23.4,167,11,96,8.7,0
AQ-0848,19.4,79.2,353,9.3,342,4,230,8.2,1
AQ-0849,28.2,50.8,582,11.3,129,7,125,9.8,0
AQ-0850,21.4,75.1,555,28.1,267,4,160,7.2,1
AQ-0851,24.1,80.7,402,28.3,234,6,3,8.7,0
AQ-0852,24.7,70.7,351,8.4,377,5,145,7.7,0
AQ-0853,30.6,48.3,420,12.0,130,7,175,6.9,0
AQ-0854,29.3,28.3,650,10.8,248,7,141,6.9,1
AQ-0855,24.6,74.8,786,20.6,364,10,52,8.3,1
AQ-0856,20.1,76.7,464,12.2,232,5,98,10.1,0
AQ-0857,22.9,53.2,379,19.0,392,6,233,8.8,1
AQ-0858,22.3,80.5,551,26.1,160,6,94,9.6,0
AQ-0859,24.8,63.5,471,28.6,283,8,56,9.4,0
AQ-0860,24.8,45.0,614,23.3,304,11,175,8.4,1
AQ-0861,16.5,30.7,432,6.8,88,5,235,6.1,1
AQ-0862,22.6,80.3,521,19.6,114,7,119,10.7,0
AQ-0863,19.8,65.3,631,12.5,312,8,179,7.0,1
AQ-0864,18.1,54.5,466,5.4,247,7,35,9.6,0
AQ-0865,19.8,73.5,355,50.0,146,5,32,11.1,0
AQ-0866,23.8,67.5,557,14.0,138,7,206,7.4,1
AQ-0867,28.1,60.7,354,11.8,190,5,218,8.9,0
AQ-0868,27.7,52.1,587,5.7,186,8,124,10.7,0
AQ-0869,22.1,59.6,660,7.7,132,7,50,6.4,1
AQ-0870,19.6,68.0,702,18.2,374,6,38,9.7,0
AQ-0871,22.2,45.9,600,22.5,275,11,122,8.9,0
AQ-0872,17.3,31.2,845,8.6,54,8,50,7.0,0
AQ-0873,22.6,45.4,353,9.7,131,9,34,6.9,0
AQ-0874,18.1,53.5,817,8.5,150,8,82,7.3,0
AQ-0875,24.6,78.6,637,10.7,84,8,194,8.7,1
AQ-0876,28.2,68.8,911,8.5,171,13,54,8.1,1
AQ-0877,26.9,41.0,510,7.3,98,7,218,8.1,1
AQ-0878,24.9,57.4,350,12.6,189,3,14,8.1,0
AQ-0879,24.6,72.3,809,19.3,125,9,148,8.5,1
AQ-0880,24.7,41.5,526,12.2,522,4,68,10.9,0
AQ-0881,18.9,62.8,635,7.8,127,8,238,8.6,0
AQ-0882,22.7,66.4,806,7.2,90,9,21,8.1,0
AQ-0883,23.3,53.9,393,27.6,79,4,52,10.2,0
AQ-0884,21.2,58.4,479,28.1,245,4,135,6.7,1
AQ-0885,24.4,75.0,376,12.4,269,8,26,9.5,0
AQ-0886,23.6,51.4,628,21.8,349,6,229,6.6,1
AQ-0887,22.8,48.5,624,19.2,208,10,171,7.8,1
AQ-0888,20.2,58.3,409,25.8,395,5,113,9.0,1
AQ-0889,24.1,75.3,451,4.8,87,6,24,8.1,0
AQ-0890,22.7,70.1,904,12.4,354,10,100,6.2,1
AQ-0891,24.0,47.4,398,8.4,122,5,3,8.8,0
AQ-0892,23.7,62.4,700,13.4,315,8,78,5.8,0
AQ-0893,24.0,34.4,379,26.7,119,5,197,8.7,0
AQ-0894,20.8,50.7,647,13.6,96,6,3,5.9,0
AQ-0895,22.3,54.8,350,13.9,77,4,49,9.0,0
AQ-0896,23.6,48.8,615,9.6,194,7,106,8.5,0
AQ-0897,21.9,28.4,569,14.9,107,9,22,9.0,0
AQ-0898,23.6,60.5,630,18.4,229,9,163,6.8,1
AQ-0899,22.9,70.1,496,22.3,398,8,4,7.6,1
AQ-0900,28.2,55.6,647,24.1,172,7,29,7.5,0
AQ-0901,23.7,29.0,501,6.7,119,7,149,9.8,0
AQ-0902,24.2,78.1,864,12.1,121,12,156,7.4,1
AQ-0903,25.2,59.4,689,19.7,145,11,227,9.7,1
AQ-0904,17.6,49.1,548,4.4,47,5,13,7.8,0
AQ-0905,28.9,29.7,388,7.8,168,4,148,7.6,0
AQ-0906,21.3,54.6,557,20.1,180,8,178,9.2,1
AQ-0907,25.1,68.7,718,16.0,164,11,35,9.4,0
AQ-0908,25.2,28.0,463,10.5,330,5,202,7.9,1
AQ-0909,30.8,74.7,657,15.0,143,11,119,7.8,1
AQ-0910,26.1,72.8,350,12.0,142,3,124,10.0,0
AQ-0911,20.8,60.9,376,13.6,206,4,136,7.6,0
AQ-0912,25.4,39.4,533,8.7,169,10,41,11.0,0
AQ-0913,15.7,48.0,759,19.4,80,7,159,7.3,1
AQ-0914,27.9,45.3,721,7.5,239,11,68,7.1,1
AQ-0915,20.7,34.2,786,40.5,350,10,149,5.5,1
AQ-0916,21.7,64.6,642,24.5,287,9,213,8.1,1
AQ-0917,16.7,78.2,486,12.9,148,4,85,7.4,0
AQ-0918,24.1,38.0,361,15.3,147,8,228,8.4,0
AQ-0919,27.8,62.3,633,8.9,232,8,203,8.1,1
AQ-0920,25.7,30.2,744,14.0,173,10,57,6.8,0
AQ-0921,23.3,67.2,350,36.4,120,7,51,7.9,0
AQ-0922,24.7,59.8,379,7.0,210,5,161,8.8,0
AQ-0923,20.6,50.6,599,11.6,184,8,9,8.5,0
AQ-0924,23.7,40.3,572,36.2,173,8,223,9.2,1
AQ-0925,20.5,60.3,466,8.1,338,6,212,10.9,1
AQ-0926,23.4,39.4,970,7.7,87,9,223,6.7,1
AQ-0927,15.7,65.2,734,14.5,389,10,46,7.6,0
AQ-0928,24.6,79.2,350,7.8,61,4,71,10.0,0
AQ-0929,29.1,43.1,645,33.2,191,7,85,8.4,0
AQ-0930,23.3,46.4,637,12.1,321,11,196,9.2,1
AQ-0931,19.2,58.1,641,26.5,367,9,207,8.8,1
AQ-0932,31.0,62.0,494,8.6,308,3,178,8.3,0
AQ-0933,20.5,31.6,350,7.9,47,3,181,7.6,0
AQ-0934,25.3,62.1,683,13.0,240,9,170,6.4,1
AQ-0935,25.0,35.3,476,10.5,218,5,166,7.2,1
AQ-0936,20.5,72.4,664,6.8,119,8,103,10.1,0
AQ-0937,24.3,68.5,782,7.2,130,11,126,10.1,0
AQ-0938,19.9,76.2,521,7.7,192,8,85,11.3,0
AQ-0939,28.4,61.6,475,14.3,264,3,101,7.0,0
AQ-0940,21.5,40.5,563,11.9,195,5,234,8.1,1
AQ-0941,23.3,71.3,582,21.0,362,7,206,7.8,1
AQ-0942,20.2,71.3,350,6.0,110,4,125,6.9,0
AQ-0943,21.8,61.8,471,22.1,105,6,17,6.6,0
AQ-0944,19.2,54.9,884,12.5,169,11,95,5.5,0
AQ-0945,21.0,56.1,399,5.1,209,4,123,6.0,0
AQ-0946,23.9,80.3,621,12.6,184,9,218,7.7,1
AQ-0947,18.4,30.4,818,17.9,130,13,224,6.7,1
AQ-0948,27.7,35.9,654,10.7,319,8,96,9.6,0
AQ-0949,28.9,39.4,827,23.3,107,10,31,6.9,0
AQ-0950,20.2,53.0,611,6.2,179,6,15,7.6,0
AQ-0951,18.7,54.3,479,17.0,196,6,125,8.0,0
AQ-0952,24.0,75.0,616,12.7,150,8,156,8.7,1
AQ-0953,27.2,54.4,507,28.4,94,7,62,7.6,1
AQ-0954,21.5,43.4,527,4.6,192,8,123,8.6,0
AQ-0955,24.7,50.0,531,9.6,616,7,21,8.8,0
AQ-0956,24.3,44.8,573,9.8,475,7,27,8.0,0
AQ-0957,19.8,47.2,579,7.2,288,7,107,8.9,0
AQ-0958,25.2,34.3,672,24.7,167,9,171,6.8,1
AQ-0959,21.4,64.4,484,7.1,359,6,157,10.8,1
AQ-0960,19.0,29.5,674,19.1,107,6,89,7.2,0
AQ-0961,24.7,49.9,376,21.4,168,6,52,9.7,0
AQ-0962,26.9,49.7,590,18.4,237,7,188,5.9,0
AQ-0963,25.3,63.6,572,34.5,228,10,189,8.0,1
AQ-0964,21.1,44.2,559,8.1,151,6,9,8.8,0
AQ-0965,24.6,81.8,690,13.0,194,11,233,8.5,1
AQ-0966,27.9,66.7,399,14.0,41,5,72,6.8,0
AQ-0967,19.2,76.6,510,12.0,117,5,177,8.7,1
AQ-0968,26.1,66.3,556,20.9,252,10,3,8.1,0
AQ-0969,26.0,43.0,544,29.5,70,9,124,10.5,0
AQ-0970,24.9,55.6,698,5.0,127,5,176,7.0,1
AQ-0971,22.2,64.5,350,27.0,246,8,136,10.9,0
AQ-0972,26.5,44.6,350,26.6,238,5,18,10.7,0
AQ-0973,18.0,65.0,682,25.9,73,7,43,5.7,0
AQ-0974,25.0,45.6,350,18.7,152,3,127,7.7,0
AQ-0975,28.9,56.4,668,23.2,453,9,201,6.4,1
AQ-0976,26.2,61.1,546,36.6,375,7,177,9.1,1
AQ-0977,24.0,28.2,693,9.7,233,8,209,8.1,1
AQ-0978,19.1,71.1,546,19.0,154,8,124,9.3,0
AQ-0979,22.6,81.0,644,15.9,249,9,83,7.1,0
AQ-0980,31.7,28.9,700,23.2,173,7,208,10.7,0
AQ-0981,21.9,30.7,432,8.4,169,5,97,8.8,0
AQ-0982,18.7,80.8,521,18.5,306,7,145,8.0,1
AQ-0983,22.2,38.6,350,7.7,97,6,227,11.6,0
AQ-0984,26.0,80.7,373,21.1,319,7,53,10.7,0
AQ-0985,23.3,63.1,444,22.6,140,7,122,10.5,0
AQ-0986,26.7,64.4,350,4.8,134,3,194,7.5,0
AQ-0987,24.3,67.8,549,29.6,302,6,74,8.3,0
AQ-0988,30.4,68.9,723,21.3,225,9,27,7.6,0
AQ-0989,28.4,78.9,356,12.5,186,3,215,5.9,1
AQ-0990,26.8,77.2,485,27.1,140,7,60,9.7,0
AQ-0991,27.8,66.3,484,21.2,177,8,206,11.3,1
AQ-0992,26.0,52.5,440,15.6,42,7,98,9.1,0
AQ-0993,18.3,42.6,609,18.7,205,5,123,9.5,0
AQ-0994,25.0,79.4,426,25.4,126,5,17,8.2,0
AQ-0995,20.6,55.6,350,11.5,150,5,14,10.0,0
AQ-0996,24.5,29.3,613,13.6,68,9,221,3.8,1
AQ-0997,24.4,33.8,531,4.6,153,5,210,8.8,1
AQ-0998,24.3,29.9,350,19.0,325,4,177,9.7,0
AQ-0999,26.8,36.8,559,27.2,285,5,13,9.8,0
AQ-1000,16.7,66.6,350,8.2,83,3,196,8.0,0
AQ-1001,23.6,39.8,716,38.1,347,10,40,8.4,0
AQ-1002,24.3,33.1,394,23.5,240,6,209,8.6,1
AQ-1003,27.9,67.4,683,18.6,246,10,86,8.3,0
AQ-1004,26.1,45.8,493,26.0,197,5,175,8.6,0
AQ-1005,22.8,67.6,510,9.1,432,5,3,6.7,0
AQ-1006,21.4,30.8,610,24.4,196,9,149,7.7,1
AQ-1007,20.0,46.9,634,13.0,382,9,26,7.4,1
AQ-1008,26.9,73.9,508,7.9,129,7,234,9.0,1
AQ-1009,15.8,44.1,484,14.6,319,5,1,8.8,0
AQ-1010,14.0,34.0,551,25.3,376,9,169,6.5,1
AQ-1011,29.2,50.4,656,11.0,126,11,159,8.6,1
AQ-1012,25.0,47.0,828,16.0,331,9,8,5.3,0
AQ-1013,20.8,68.2,596,45.0,301,7,177,6.4,1
AQ-1014,27.9,71.8,663,11.7,167,10,205,10.2,1
AQ-1015,22.6,63.7,536,8.7,185,6,179,6.3,0
AQ-1016,24.0,70.8,626,11.6,213,9,140,8.1,0
AQ-1017,24.6,40.4,713,19.1,197,11,96,7.8,1
AQ-1018,19.7,44.3,350,7.7,50,2,78,7.5,0
AQ-1019,17.5,45.3,366,10.0,438,6,116,9.7,0
AQ-1020,19.5,50.8,399,18.1,251,4,205,9.9,1
AQ-1021,17.2,75.4,480,20.2,86,8,165,9.2,1
AQ-1022,19.3,65.1,501,18.2,250,5,116,10.0,0
AQ-1023,17.7,72.9,856,8.1,321,12,54,8.0,1
AQ-1024,26.8,57.4,724,12.6,149,8,193,7.3,0
AQ-1025,27.0,30.7,576,10.7,119,10,74,10.3,0
AQ-1026,24.3,31.4,865,12.0,300,14,52,8.6,0
AQ-1027,19.4,56.4,657,21.5,137,9,76,7.8,0
AQ-1028,23.4,61.0,752,15.9,83,7,37,8.8,0
AQ-1029,24.2,62.3,581,47.6,150,9,91,8.3,0
AQ-1030,25.5,61.4,518,28.1,357,5,204,6.9,1
AQ-1031,27.3,51.5,588,12.3,123,5,132,7.5,0
AQ-1032,24.5,76.6,751,29.6,129,8,28,7.8,0
AQ-1033,25.9,67.8,350,19.6,125,1,81,8.7,0
AQ-1034,22.3,46.0,688,18.6,266,7,234,8.8,1
AQ-1035,17.6,34.6,641,31.7,120,7,41,8.4,0
AQ-1036,25.2,45.5,598,10.1,393,11,218,8.6,1
AQ-1037,24.0,42.6,571,15.5,129,8,130,9.6,0
AQ-1038,24.8,37.8,591,10.1,252,5,22,7.9,0
AQ-1039,19.8,80.4,350,12.9,274,5,111,9.6,0
AQ-1040,15.8,31.6,350,7.3,228,2,139,10.8,0
AQ-1041,19.0,78.2,746,7.4,192,9,208,7.6,1
AQ-1042,19.3,49.8,520,6.2,95,7,74,8.5,0
AQ-1043,32.2,33.1,622,60.1,286,4,136,7.1,1
AQ-1044,28.6,76.8,556,34.5,180,8,66,9.4,0
AQ-1045,24.1,55.1,769,38.1,152,12,154,9.9,0
AQ-1046,22.6,78.7,350,7.6,195,3,103,10.1,0
AQ-1047,28.8,73.3,350,18.7,150,4,229,9.8,1
AQ-1048,25.2,43.2,773,22.8,282,10,149,9.8,1
AQ-1049,16.8,81.6,632,34.3,131,7,20,6.8,0
AQ-1050,20.2,70.0,350,23.6,198,5,206,9.8,1
AQ-1051,24.8,41.8,573,10.5,57,9,219,8.4,1
AQ-1052,22.8,81.0,668,13.8,102,8,144,9.6,0
AQ-1053,21.9,66.6,605,14.2,140,8,175,9.7,0
AQ-1054,33.2,55.1,385,15.6,116,6,124,8.2,0
AQ-1055,20.0,69.2,350,30.0,305,4,119,7.3,1
AQ-1056,24.2,41.7,614,7.4,145,8,54,9.8,0
AQ-1057,23.6,60.6,644,6.1,407,7,237,7.3,1
AQ-1058,17.2,72.7,417,17.6,183,4,32,8.1,0
AQ-1059,29.9,42.7,543,13.5,77,9,172,5.8,1
AQ-1060,18.2,52.6,559,7.6,262,9,59,10.6,0
AQ-1061,23.2,61.7,770,9.1,175,9,219,6.7,1
AQ-1062,19.1,42.2,350,7.5,97,5,31,9.4,0
AQ-1063,25.0,50.5,575,6.6,67,7,126,6.7,0
AQ-1064,20.1,67.5,350,20.0,345,5,153,9.6,1
AQ-1065,25.5,54.8,533,8.4,137,7,119,10.9,0
AQ-1066,21.6,74.3,803,26.8,112,11,238,8.1,1
AQ-1067,21.3,30.9,467,24.1,225,5,149,8.2,0
AQ-1068,24.4,46.4,532,8.7,98,7,75,8.3,0
AQ-1069,18.3,80.9,667,16.0,110,7,46,6.8,0
AQ-1070,27.4,42.2,548,13.2,130,6,189,8.5,1
AQ-1071,19.2,52.5,360,8.7,373,4,159,8.0,0
AQ-1072,24.7,53.7,350,14.3,159,4,37,10.8,0
AQ-1073,21.8,35.3,465,28.6,113,8,205,9.4,0
AQ-1074,20.4,79.0,647,7.7,243,10,87,7.0,1
AQ-1075,16.0,31.5,350,24.7,100,6,230,7.1,1
AQ-1076,23.6,33.6,619,23.9,205,6,151,7.5,1
AQ-1077,18.5,67.0,350,15.0,174,5,120,10.3,0
AQ-1078,20.4,39.3,492,5.0,235,5,85,8.5,0
AQ-1079,15.3,45.2,548,14.4,132,7,233,6.5,1
AQ-1080,24.6,55.1,552,10.6,316,9,87,9.3,0
AQ-1081,23.1,67.1,354,50.5,157,6,36,10.5,0
AQ-1082,17.3,75.3,534,12.0,217,3,225,6.2,1
AQ-1083,17.8,44.6,350,28.9,50,3,38,9.0,0
AQ-1084,18.2,41.9,350,14.2,292,3,199,11.3,0
AQ-1085,30.3,71.7,541,43.6,321,4,48,8.1,0
AQ-1086,20.6,56.5,362,13.0,199,5,105,9.4,0
AQ-1087,26.3,54.7,696,20.8,149,10,214,9.1,1
AQ-1088,28.1,50.6,383,27.6,244,5,108,10.6,0
AQ-1089,20.4,63.7,818,11.2,158,15,203,9.9,0
AQ-1090,25.1,65.7,350,7.5,74,3,158,10.8,0
AQ-1091,19.3,79.7,712,6.6,92,9,169,8.2,0
AQ-1092,23.3,71.3,483,8.3,176,6,116,8.5,0
AQ-1093,23.4,31.0,517,16.1,107,9,228,9.7,1
AQ-1094,28.7,54.2,371,13.2,201,5,22,7.6,0
AQ-1095,23.0,63.2,529,15.1,138,7,172,8.6,0
AQ-1096,35.0,39.8,619,26.6,126,6,16,8.1,0
AQ-1097,26.6,77.6,350,15.3,54,6,80,8.8,0
AQ-1098,19.1,30.7,585,24.9,50,6,99,7.3,0
AQ-1099,23.7,42.0,350,15.4,92,6,218,8.6,0
AQ-1100,21.3,81.7,611,18.3,170,9,196,9.5,1
AQ-1101,22.8,45.8,468,36.6,134,9,130,9.8,0
AQ-1102,23.8,34.1,496,10.4,45,8,56,7.4,0
AQ-1103,25.7,48.7,594,13.2,155,8,188,9.8,1
AQ-1104,17.5,41.6,736,4.0,187,8,98,8.2,1
AQ-1105,20.2,68.6,427,19.9,105,8,223,10.5,1
AQ-1106,29.5,64.4,572,24.9,73,7,44,8.0,0
AQ-1107,19.3,66.5,404,16.4,203,4,75,8.3,0
AQ-1108,24.0,77.1,461,9.1,163,6,198,7.5,1
AQ-1109,28.3,43.6,490,3.7,55,6,25,10.3,0
AQ-1110,27.6,49.2,479,8.4,122,7,158,9.1,0
AQ-1111,27.8,69.0,358,9.1,238,5,198,11.7,0
AQ-1112,27.1,59.5,415,9.3,30,3,129,7.6,0
AQ-1113,21.9,57.7,656,16.3,87,10,64,8.7,0
AQ-1114,23.5,36.1,495,16.4,215,10,83,9.8,0
AQ-1115,25.8,30.9,484,12.1,190,6,223,8.3,0
AQ-1116,22.6,66.3,350,6.4,178,3,190,7.1,1
AQ-1117,20.2,70.0,719,15.5,108,10,149,6.9,1
AQ-1118,20.5,69.5,630,21.7,145,7,136,7.7,1
AQ-1119,27.0,79.4,439,5.9,182,5,107,6.7,0
AQ-1120,23.1,56.3,355,6.0,155,7,49,9.9,0
AQ-1121,30.0,50.8,350,15.3,221,4,213,10.0,0
AQ-1122,26.5,60.7,350,2.2,156,3,117,10.0,0
AQ-1123,21.2,30.5,670,13.6,183,11,240,6.5,1
AQ-1124,19.0,81.8,469,13.9,236,7,39,10.9,0
AQ-1125,20.6,76.1,725,15.3,199,6,77,8.3,0
AQ-1126,20.3,52.9,629,9.0,126,8,160,10.4,0
AQ-1127,20.1,50.3,683,6.6,132,9,170,7.6,0
AQ-1128,16.6,78.6,426,6.1,97,5,215,9.3,1
AQ-1129,18.8,66.1,568,11.0,292,8,195,7.4,1
AQ-1130,22.2,69.6,621,13.4,352,9,154,7.7,1
AQ-1131,20.8,76.8,469,15.1,583,3,129,8.1,0
AQ-1132,16.5,30.7,694,12.6,84,8,66,8.5,0
AQ-1133,27.3,47.3,615,12.6,134,10,53,6.1,0
AQ-1134,20.0,64.9,442,14.0,66,6,89,7.2,0
AQ-1135,22.8,44.0,401,13.8,51,5,121,9.1,0
AQ-1136,22.4,40.7,526,24.9,343,8,195,8.0,1
AQ-1137,18.2,70.2,535,11.7,86,7,188,8.3,0
AQ-1138,27.3,73.2,490,13.9,288,6,86,8.1,0
AQ-1139,22.9,31.3,350,2.9,149,3,12,11.1,0
AQ-1140,23.7,45.3,350,9.6,63,1,94,7.6,0
AQ-1141,25.2,64.7,819,23.3,133,10,17,9.1,0
AQ-1142,20.5,82.0,609,16.0,210,10,134,8.5,1
AQ-1143,25.6,59.1,350,11.6,186,3,84,9.0,0
AQ-1144,24.1,54.2,610,10.5,234,9,24,10.1,0
AQ-1145,21.2,59.8,350,11.6,75,3,98,8.4,0
AQ-1146,26.8,60.9,663,8.0,110,8,190,10.2,0
AQ-1147,26.4,44.7,454,30.6,167,5,47,8.9,0
AQ-1148,28.4,50.8,457,19.5,145,5,122,8.2,0
AQ-1149,18.2,48.5,687,8.5,388,9,204,9.1,1
AQ-1150,27.9,66.1,352,32.9,479,6,56,9.4,0
AQ-1151,14.5,29.6,454,5.2,158,6,225,7.9,0
AQ-1152,29.1,29.6,443,17.1,146,5,112,8.4,0
AQ-1153,24.5,49.0,736,16.9,312,7,51,5.5,0
AQ-1154,22.3,72.9,436,18.6,181,6,224,8.9,1
AQ-1155,20.7,53.1,611,25.4,235,7,33,8.1,0
AQ-1156,16.5,51.6,350,4.7,112,5,88,8.8,0
AQ-1157,19.6,48.9,660,13.7,434,10,52,5.9,0
AQ-1158,22.0,41.9,393,4.3,459,6,228,9.2,1
AQ-1159,22.4,34.0,410,16.8,68,5,187,8.4,1
AQ-1160,26.2,31.7,764,7.5,288,10,11,8.7,0
AQ-1161,21.5,29.2,669,15.5,248,8,60,3.0,0
AQ-1162,26.8,39.0,548,6.8,153,7,110,9.6,0
AQ-1163,25.8,55.8,597,7.2,204,8,35,7.3,0
AQ-1164,25.8,80.7,501,38.5,129,4,146,7.0,1
AQ-1165,21.9,60.8,625,38.6,117,8,36,7.8,0
AQ-1166,27.4,43.0,616,6.4,95,8,160,7.0,0
AQ-1167,18.7,77.5,527,7.0,128,6,6,6.3,0
AQ-1168,15.3,37.3,613,9.9,307,8,240,7.3,1
AQ-1169,22.1,39.0,580,8.7,355,12,13,8.4,0
AQ-1170,21.0,43.1,350,28.1,283,1,207,9.8,0
AQ-1171,23.7,30.8,499,14.6,129,6,155,7.8,0
AQ-1172,25.5,43.1,579,16.7,140,8,16,8.6,0
AQ-1173,25.3,39.3,368,4.8,164,6,200,9.6,0
AQ-1174,20.2,71.0,618,11.1,68,7,46,8.2,0
AQ-1175,21.9,29.1,483,16.2,157,7,209,8.2,0
AQ-1176,19.2,74.5,350,25.5,131,0,104,6.1,1
AQ-1177,28.2,41.2,406,16.2,415,3,107,9.9,0
AQ-1178,25.1,40.0,350,15.9,134,4,90,7.5,1
AQ-1179,26.0,34.5,626,21.6,95,10,35,8.7,0
AQ-1180,24.5,75.3,350,35.4,72,4,166,9.4,0
AQ-1181,19.2,75.8,588,12.3,132,5,206,10.5,0
AQ-1182,18.6,70.3,381,8.8,295,5,225,8.0,1
AQ-1183,19.8,67.3,535,8.3,144,6,148,7.7,0
AQ-1184,28.7,46.2,596,8.8,318,9,59,8.3,1
AQ-1185,21.8,81.0,590,18.2,129,7,170,8.3,1
AQ-1186,20.3,59.5,636,16.9,481,6,118,7.0,1
AQ-1187,28.2,37.7,517,8.2,261,5,15,9.3,0
AQ-1188,29.7,67.6,552,28.2,127,7,132,7.6,0
AQ-1189,16.5,49.3,522,17.5,159,7,4,11.6,0
AQ-1190,26.6,29.2,755,15.7,230,12,175,7.2,0
AQ-1191,18.7,41.0,388,21.2,236,4,43,7.8,0
AQ-1192,24.9,39.4,354,31.1,350,6,225,9.0,1
AQ-1193,24.3,65.8,451,10.3,174,6,103,10.2,0
AQ-1194,20.8,68.3,724,18.2,255,11,185,7.7,1
AQ-1195,23.9,33.6,756,20.9,174,11,182,6.7,1
AQ-1196,31.2,36.1,842,7.5,197,10,69,8.5,0
AQ-1197,20.7,30.7,453,6.8,383,4,154,7.7,0
AQ-1198,23.5,51.9,488,13.0,133,7,178,6.4,1
AQ-1199,27.2,69.7,350,6.5,83,4,131,8.2,0
AQ-1200,23.6,47.2,513,18.7,143,8,84,8.7,1
AQ-1201,19.0,42.3,492,19.2,161,7,48,6.3,0
AQ-1202,19.6,39.8,623,10.9,206,10,198,9.2,0
AQ-1203,27.3,41.0,758,29.0,163,12,230,7.9,1
AQ-1204,26.4,42.0,653,15.4,146,9,63,8.0,0
AQ-1205,35.0,34.4,810,19.4,212,12,120,7.1,1
AQ-1206,18.4,60.0,591,7.2,414,8,214,7.3,1
AQ-1207,24.9,74.7,698,6.9,239,7,53,8.1,0
AQ-1208,21.3,57.0,350,21.2,134,2,46,10.5,0
AQ-1209,29.1,65.2,524,29.2,170,7,189,7.7,1
AQ-1210,19.8,76.7,646,16.9,232,9,20,5.9,0
AQ-1211,19.6,68.6,536,2.4,57,4,229,8.3,0
AQ-1212,22.8,74.0,774,15.1,172,7,94,5.7,1
AQ-1213,19.3,31.6,752,13.3,269,13,108,6.7,1
AQ-1214,27.5,28.4,382,21.7,480,6,49,8.9,0
AQ-1215,22.3,52.1,428,15.2,251,8,46,10.9,0
AQ-1216,22.3,35.2,756,7.9,505,11,132,10.2,0
AQ-1217,29.1,44.6,402,15.6,211,4,239,8.1,1
AQ-1218,23.6,78.7,717,20.8,291,6,9,3.3,0
AQ-1219,21.8,38.7,516,19.7,92,7,98,6.9,0
AQ-1220,21.9,31.4,350,23.5,130,5,83,9.8,0
AQ-1221,27.5,79.1,350,17.0,80,3,198,12.1,1
AQ-1222,26.8,67.9,561,41.6,289,5,227,6.8,1
AQ-1223,26.0,42.3,834,12.1,125,12,209,9.7,1
AQ-1224,25.6,50.5,608,14.8,247,4,42,7.5,1
AQ-1225,21.1,50.7,526,8.4,129,8,196,8.9,0
AQ-1226,25.5,48.4,389,24.9,53,5,174,8.8,0
AQ-1227,18.8,36.2,768,30.9,111,9,178,7.1,1
AQ-1228,26.1,64.5,600,7.2,249,9,13,9.6,0
AQ-1229,27.6,42.9,822,14.9,102,7,68,5.8,0
AQ-1230,27.0,69.8,715,21.4,103,8,43,8.4,0
AQ-1231,29.8,34.8,553,18.5,345,6,179,8.6,1
AQ-1232,26.2,47.1,524,15.1,292,6,203,8.5,1
AQ-1233,26.8,73.4,543,36.2,396,6,238,8.0,1
AQ-1234,30.9,52.4,755,5.7,187,7,13,6.3,1
AQ-1235,33.4,59.0,498,7.5,282,3,14,7.8,0
AQ-1236,27.3,52.6,467,16.4,72,5,90,8.8,1
AQ-1237,22.1,51.2,773,11.3,92,7,121,5.4,0
AQ-1238,26.2,53.2,540,11.7,79,8,210,8.1,1
AQ-1239,24.1,79.4,798,11.9,378,10,146,9.4,1
AQ-1240,26.1,73.9,847,22.1,89,11,236,6.7,1
AQ-1241,25.6,61.1,350,13.3,71,5,190,9.2,0
AQ-1242,20.4,30.1,437,6.0,81,7,128,8.5,0
AQ-1243,29.3,69.7,880,24.2,262,13,176,6.3,1
AQ-1244,19.6,69.8,466,11.0,419,7,51,9.2,0
AQ-1245,20.7,45.7,613,25.6,290,8,7,8.2,0
AQ-1246,15.9,32.0,527,12.7,282,8,108,10.1,0
AQ-1247,28.5,54.7,453,32.8,250,5,30,9.0,0
AQ-1248,21.9,47.0,555,17.4,140,6,176,9.0,0
AQ-1249,24.1,49.8,703,5.9,106,11,239,7.3,1
AQ-1250,23.1,51.7,350,13.4,128,7,114,10.6,0
AQ-1251,28.8,76.5,836,5.6,89,12,145,8.2,0
AQ-1252,23.2,75.1,467,20.2,172,9,141,11.3,0
AQ-1253,20.0,74.6,737,34.8,183,11,124,7.6,1
AQ-1254,26.2,41.3,435,34.2,105,7,225,7.9,0
AQ-1255,20.4,58.5,410,15.8,109,3,117,9.4,0
AQ-1256,29.4,38.0,514,5.3,263,7,141,7.3,0
AQ-1257,22.1,50.9,515,9.0,140,10,137,9.5,0
AQ-1258,23.7,76.1,350,12.8,66,4,182,6.0,0
AQ-1259,19.2,73.9,394,14.9,364,7,66,6.7,0
AQ-1260,19.8,54.9,350,11.2,169,1,38,8.2,0
AQ-1261,23.1,66.9,656,15.4,484,10,89,8.4,1
AQ-1262,20.2,51.8,737,7.5,64,10,6,8.8,0
AQ-1263,21.7,53.7,462,27.9,209,6,172,5.7,0
AQ-1264,21.1,33.0,551,16.4,134,5,66,9.2,0
AQ-1265,23.2,32.9,404,20.3,106,3,215,7.7,0
AQ-1266,21.2,42.9,520,22.2,116,6,170,10.1,0
AQ-1267,20.3,31.0,387,9.2,100,4,26,8.5,0
AQ-1268,25.7,40.2,931,15.6,347,13,223,8.1,1
AQ-1269,26.1,75.2,745,18.2,355,9,236,7.0,1
AQ-1270,23.6,33.9,469,2.9,239,4,52,8.1,0
AQ-1271,21.5,76.9,578,17.9,129,6,35,8.2,0
AQ-1272,22.8,44.3,350,18.4,153,6,17,7.9,0
AQ-1273,23.9,53.9,558,4.4,89,9,219,7.3,1
AQ-1274,25.0,80.2,537,28.2,333,8,26,9.4,1
AQ-1275,17.8,72.7,483,4.9,275,7,37,8.7,0
AQ-1276,21.2,72.9,442,23.5,73,5,63,9.2,0
AQ-1277,25.3,68.7,607,15.7,167,5,33,3.8,0
AQ-1278,26.8,81.7,547,22.1,333,6,24,9.3,1
AQ-1279,24.2,68.6,353,13.7,331,7,3,9.7,0
AQ-1280,25.6,32.9,350,10.7,225,4,81,8.9,0
AQ-1281,32.3,31.2,476,7.1,52,7,58,6.3,0
AQ-1282,22.6,79.4,577,3.4,532,6,1,7.7,0
AQ-1283,21.9,64.7,371,7.3,335,5,44,7.9,0
AQ-1284,26.0,61.4,459,16.7,67,5,99,6.0,0
AQ-1285,22.5,36.7,661,7.6,229,9,118,10.1,0
AQ-1286,25.9,71.1,527,13.2,208,6,109,7.4,0
AQ-1287,17.5,52.6,465,20.2,198,4,147,9.8,0
AQ-1288,21.7,31.5,521,12.6,51,8,233,7.0,1
AQ-1289,18.1,56.0,813,6.4,154,12,139,5.6,1
AQ-1290,29.7,45.3,535,9.3,404,6,133,7.6,0
AQ-1291,24.7,57.4,365,6.5,87,2,221,8.6,0
AQ-1292,22.8,45.8,544,6.8,311,4,73,7.1,0
AQ-1293,25.3,42.8,481,4.2,58,4,40,6.6,0
AQ-1294,29.9,71.9,732,6.8,97,7,234,7.0,1
AQ-1295,23.1,28.5,390,17.9,103,7,52,10.5,0
AQ-1296,18.1,75.8,580,35.1,132,9,64,8.3,1
AQ-1297,31.9,50.6,364,4.2,67,3,181,8.0,0
AQ-1298,29.7,39.1,429,22.5,120,6,58,7.8,0
AQ-1299,23.2,30.4,351,31.2,110,8,147,9.4,0
AQ-1300,24.0,66.9,515,9.2,83,6,69,9.6,0
AQ-1301,30.1,38.8,549,11.3,192,5,68,6.1,0
AQ-1302,28.7,30.4,801,14.5,406,9,140,7.1,1
AQ-1303,33.5,45.1,823,22.3,67,9,163,5.7,1
AQ-1304,21.1,43.2,360,15.2,177,2,72,7.7,0
AQ-1305,19.7,63.8,593,11.9,163,6,185,10.0,0
AQ-1306,22.3,36.6,562,10.5,205,8,28,10.8,0
AQ-1307,24.9,76.3,547,22.5,212,7,173,7.4,1
AQ-1308,22.3,60.4,350,25.5,166,7,59,8.1,0
AQ-1309,21.5,50.8,578,18.6,190,5,191,9.1,0
AQ-1310,25.9,61.3,510,22.4,226,4,233,7.2,1
AQ-1311,22.3,60.1,443,6.0,86,6,201,8.3,0
AQ-1312,20.7,73.1,382,19.1,94,6,116,9.6,0
AQ-1313,27.1,56.9,541,25.9,124,11,152,9.4,0
AQ-1314,26.5,68.7,350,7.5,242,5,162,8.6,0
AQ-1315,19.5,56.7,350,4.4,188,1,37,7.9,0
AQ-1316,26.4,72.4,564,19.4,254,6,167,7.7,1
AQ-1317,26.4,74.7,612,15.2,111,9,125,7.4,1
AQ-1318,24.7,57.4,351,8.0,274,7,61,9.6,0
AQ-1319,20.3,61.5,350,16.2,262,4,93,7.6,1
AQ-1320,23.1,68.6,350,17.6,314,4,23,10.0,0
AQ-1321,22.5,75.5,492,44.6,180,7,167,7.7,1
AQ-1322,22.7,53.8,350,6.5,107,4,119,9.0,0
AQ-1323,25.0,81.2,350,9.2,281,8,191,8.3,0
AQ-1324,18.1,35.4,712,20.6,82,11,38,8.1,0
AQ-1325,20.9,43.3,561,11.9,37,6,208,6.2,1
AQ-1326,23.9,75.5,470,5.2,260,6,157,7.3,1
AQ-1327,24.3,77.1,350,10.3,80,5,101,9.0,0
AQ-1328,26.3,78.0,658,36.0,151,8,73,5.8,0
AQ-1329,29.5,76.2,513,14.7,262,6,189,8.9,0
AQ-1330,24.4,43.6,693,6.2,243,6,60,7.7,0
AQ-1331,14.0,37.1,420,6.5,168,5,74,9.4,0
AQ-1332,18.3,50.2,452,18.7,165,3,9,9.1,0
AQ-1333,16.2,31.6,544,5.8,126,8,41,6.8,0
AQ-1334,22.7,68.0,350,10.0,141,4,238,9.3,0
AQ-1335,25.7,75.7,350,22.0,129,2,104,10.0,0
AQ-1336,21.0,39.5,599,15.3,63,6,56,7.4,0
AQ-1337,23.6,61.2,635,7.7,53,6,52,7.8,0
AQ-1338,26.4,38.5,579,12.8,72,8,25,9.4,0
AQ-1339,22.8,58.9,350,27.7,55,3,172,7.8,0
AQ-1340,25.1,46.0,562,11.9,240,6,103,9.3,0
AQ-1341,22.0,59.0,350,14.8,217,2,202,7.9,1
AQ-1342,26.0,49.7,693,10.7,127,9,176,9.5,1
AQ-1343,24.1,48.0,437,10.1,588,5,209,7.4,1
AQ-1344,24.4,65.6,499,17.8,197,8,211,7.0,1
AQ-1345,20.4,72.6,816,12.7,136,9,52,10.4,0
AQ-1346,23.7,29.2,406,5.4,148,6,142,8.2,0
AQ-1347,34.3,44.9,386,16.5,79,4,63,7.7,0
AQ-1348,19.5,38.0,414,3.7,243,7,214,9.2,0
AQ-1349,21.9,72.7,350,22.2,257,3,172,9.0,0
AQ-1350,19.8,30.4,830,20.9,159,11,201,6.8,1
AQ-1351,21.6,39.8,561,6.6,84,8,86,10.1,0
AQ-1352,15.8,34.2,427,14.0,198,7,94,9.3,0
AQ-1353,22.2,56.9,498,19.1,102,9,22,9.2,0
AQ-1354,18.8,73.4,588,18.6,220,6,194,9.6,1
AQ-1355,22.6,49.6,577,11.1,282,10,54,9.8,0
AQ-1356,22.7,33.3,473,13.7,77,4,237,11.2,0
AQ-1357,20.5,42.6,466,11.8,141,6,215,7.5,0
AQ-1358,28.3,61.4,350,27.1,222,5,69,10.1,0
AQ-1359,21.4,37.4,827,30.9,324,11,154,9.3,1
AQ-1360,19.7,77.9,425,11.3,284,4,82,9.1,1
AQ-1361,33.6,64.5,502,12.2,63,4,202,6.5,0
AQ-1362,22.6,58.8,643,16.1,158,5,75,9.0,0
AQ-1363,21.8,30.7,566,22.3,224,7,95,11.0,0
AQ-1364,24.7,29.6,574,25.8,68,8,219,6.7,1
AQ-1365,21.2,49.0,519,12.8,502,4,17,10.0,0
AQ-1366,29.3,51.3,744,16.2,63,10,28,8.2,0
AQ-1367,28.8,62.6,700,24.3,135,10,120,7.5,1
AQ-1368,20.5,63.9,457,12.1,139,6,207,8.1,0
AQ-1369,23.9,67.6,662,18.8,146,8,229,9.3,1
AQ-1370,22.3,81.7,668,51.7,160,6,7,7.7,1
AQ-1371,25.4,56.1,584,31.2,420,6,201,6.9,1
AQ-1372,27.0,51.7,839,38.7,140,12,23,7.2,1
AQ-1373,22.7,81.8,604,6.3,67,7,16,10.9,0
AQ-1374,26.3,57.2,427,6.2,54,5,141,7.8,0
AQ-1375,27.9,39.4,739,4.6,167,9,105,7.6,1
AQ-1376,23.0,67.9,428,8.4,173,7,114,9.3,0
AQ-1377,29.8,39.6,594,6.2,143,6,5,9.0,0
AQ-1378,25.2,73.8,554,17.8,96,10,155,6.7,1
AQ-1379,18.0,61.2,472,5.3,173,3,145,7.9,0
AQ-1380,23.0,45.8,350,14.4,210,4,19,9.0,0
AQ-1381,27.6,35.2,509,11.1,194,5,168,8.1,1
AQ-1382,18.7,49.6,382,19.4,110,3,48,8.4,0
AQ-1383,24.7,52.2,610,15.5,199,8,190,8.1,1
AQ-1384,23.2,44.4,576,6.6,236,9,232,9.8,0
AQ-1385,31.5,61.6,350,30.8,173,5,7,7.8,0
AQ-1386,24.3,56.4,350,12.3,83,4,45,8.3,0
AQ-1387,23.7,78.5,425,6.8,96,6,146,7.5,0
AQ-1388,20.9,75.1,350,6.6,109,3,153,11.4,0
AQ-1389,21.3,53.1,552,13.6,42,5,236,6.0,1
AQ-1390,24.7,50.2,452,9.3,193,7,189,10.6,0
AQ-1391,26.6,69.1,614,10.5,183,8,202,8.8,1
AQ-1392,21.0,40.5,608,39.8,72,7,99,7.4,1
AQ-1393,22.7,49.5,452,4.7,97,6,116,6.4,0
AQ-1394,27.7,76.9,701,16.6,139,11,60,11.8,0
AQ-1395,27.4,61.4,614,13.9,158,7,148,7.9,1
AQ-1396,19.6,35.8,763,15.5,184,7,139,7.6,0
AQ-1397,26.4,29.3,743,6.1,257,5,170,6.3,1
AQ-1398,25.5,78.2,517,9.1,353,7,33,8.2,0
AQ-1399,24.6,76.4,667,20.4,162,8,117,8.9,0
AQ-1400,28.6,66.4,558,6.3,246,7,129,8.7,1
AQ-1401,26.0,65.3,640,36.2,245,5,5,6.4,0
AQ-1402,23.7,60.9,749,26.2,468,10,205,7.1,1
AQ-1403,23.1,64.7,567,11.7,85,9,86,9.7,0
AQ-1404,20.3,81.2,976,6.9,124,14,165,7.8,1
AQ-1405,22.2,45.1,656,27.8,250,9,237,4.7,1
AQ-1406,26.0,34.8,596,19.8,89,12,81,8.5,0
AQ-1407,23.4,70.4,449,5.4,247,3,122,8.5,0
AQ-1408,25.6,55.2,618,6.8,149,6,132,9.6,0
AQ-1409,24.9,42.0,448,32.4,152,7,6,8.3,0
AQ-1410,26.6,52.9,678,14.5,215,12,116,7.8,0
AQ-1411,19.2,60.3,413,3.4,164,5,67,6.6,0
AQ-1412,21.9,40.6,419,21.0,107,5,98,7.6,0
AQ-1413,24.5,60.4,599,7.6,149,5,100,9.3,0
AQ-1414,23.3,68.9,623,16.5,106,9,199,10.0,1
AQ-1415,21.8,69.0,615,26.6,244,8,52,6.6,1
AQ-1416,29.3,60.6,552,9.8,294,6,41,6.6,0
AQ-1417,19.4,29.5,518,23.0,301,4,211,8.5,0
AQ-1418,25.7,69.5,682,9.8,184,8,229,6.9,1
AQ-1419,23.2,51.1,562,11.8,136,7,73,8.0,0
AQ-1420,17.9,72.8,657,28.3,71,7,45,7.6,0
AQ-1421,26.8,44.7,425,8.6,83,7,134,9.2,0
AQ-1422,19.8,69.3,388,12.6,63,5,167,9.5,0
AQ-1423,22.1,78.3,446,5.5,126,5,69,9.1,0
AQ-1424,20.7,63.6,710,12.6,96,9,194,6.7,1
AQ-1425,24.7,78.9,726,20.2,176,10,14,9.5,0
AQ-1426,21.3,70.2,606,23.0,146,8,92,7.3,0
AQ-1427,24.6,57.4,769,32.6,296,8,99,5.4,1
AQ-1428,27.6,40.4,350,8.4,277,2,160,8.5,0
AQ-1429,17.4,44.5,1151,24.9,289,16,24,6.5,1
AQ-1430,25.9,36.0,678,27.7,138,8,32,8.5,0
AQ-1431,21.5,45.2,589,23.1,96,7,235,6.2,1
AQ-1432,16.0,60.4,531,6.7,233,8,177,11.3,1
AQ-1433,22.9,64.8,626,25.6,113,10,104,8.4,0
AQ-1434,18.4,61.8,594,25.1,87,5,116,6.1,1
AQ-1435,20.9,34.4,562,31.4,184,7,20,10.3,0
AQ-1436,27.9,48.6,531,10.9,92,6,179,7.0,0
AQ-1437,27.0,47.4,528,9.4,139,8,193,9.0,0
AQ-1438,21.4,40.4,434,35.9,28,4,100,7.5,0
AQ-1439,24.7,48.5,350,16.0,219,6,177,7.6,1
AQ-1440,26.1,28.5,497,8.8,236,8,201,9.5,1
AQ-1441,29.5,51.6,398,14.1,208,2,203,6.8,0
AQ-1442,23.8,77.9,682,15.0,369,9,48,8.5,0
AQ-1443,22.2,37.3,506,34.2,45,5,31,8.8,0
AQ-1444,19.4,66.9,618,14.0,76,7,179,8.4,0
AQ-1445,30.6,81.6,620,11.6,249,3,41,7.1,0
AQ-1446,21.7,64.8,625,22.2,67,6,85,9.0,0
AQ-1447,21.8,41.5,748,9.2,221,9,33,9.2,0
AQ-1448,22.1,30.8,674,30.3,283,11,131,9.3,1
AQ-1449,23.5,46.5,570,32.4,443,7,94,6.8,1
AQ-1450,28.2,44.0,577,3.3,93,4,52,7.9,0
AQ-1451,17.2,57.0,694,5.4,316,9,4,6.2,0
AQ-1452,28.3,55.3,530,13.4,93,7,54,9.8,0
AQ-1453,24.5,73.9,627,29.2,216,9,192,8.2,1
AQ-1454,24.9,64.9,646,8.9,62,5,76,7.5,0
AQ-1455,25.8,71.1,442,30.1,103,5,35,8.1,0
AQ-1456,21.7,78.8,662,9.4,261,7,217,7.7,1
AQ-1457,22.6,62.2,576,10.1,240,5,152,7.2,1
AQ-1458,19.7,51.8,468,54.4,80,6,233,8.7,1
AQ-1459,20.7,46.8,352,13.3,136,4,35,7.4,0
AQ-1460,23.5,54.9,415,9.1,146,7,47,8.2,0
AQ-1461,25.3,30.5,873,9.8,212,8,174,6.8,1
AQ-1462,24.7,44.6,772,7.9,144,10,160,7.8,1
AQ-1463,22.0,81.0,836,18.2,283,7,206,5.6,1
AQ-1464,26.7,46.4,557,21.9,215,10,52,9.1,1
AQ-1465,23.2,73.0,890,31.5,134,10,73,6.8,0
AQ-1466,22.3,44.3,723,24.4,159,10,118,9.9,0
AQ-1467,24.2,52.3,510,6.7,266,8,145,10.1,0
AQ-1468,23.1,61.9,543,15.7,136,6,30,7.7,0
AQ-1469,20.0,69.4,504,9.1,94,4,75,10.1,0
AQ-1470,14.4,71.8,571,9.6,720,10,73,7.9,1
AQ-1471,29.9,72.9,358,14.7,257,6,165,9.7,0
AQ-1472,30.9,80.9,766,6.7,335,8,196,6.3,0
AQ-1473,22.9,31.9,375,12.5,47,2,211,6.9,0
AQ-1474,28.6,80.8,727,14.2,189,10,69,8.0,0
AQ-1475,24.4,62.8,364,9.7,57,4,21,9.8,0
AQ-1476,23.0,36.4,655,12.3,110,8,99,9.0,0
AQ-1477,24.6,51.7,421,9.3,439,6,8,8.1,0
AQ-1478,20.7,45.8,404,41.1,96,8,209,8.8,1
AQ-1479,16.4,71.9,655,23.0,183,5,180,8.9,1
AQ-1480,28.7,60.7,669,12.9,229,10,185,8.9,0
AQ-1481,28.7,36.5,381,5.7,165,5,219,6.4,1
AQ-1482,23.9,77.0,586,13.6,211,7,6,7.6,0
AQ-1483,18.8,48.8,544,20.2,284,10,1,9.1,0
AQ-1484,28.0,70.1,463,5.1,131,9,30,8.7,0
AQ-1485,14.0,34.1,426,19.3,70,5,136,7.9,0
AQ-1486,25.9,73.5,425,32.2,309,5,110,6.3,1
AQ-1487,19.1,44.8,361,12.2,312,4,209,10.3,0
AQ-1488,20.4,63.0,350,22.3,236,4,150,8.7,0
AQ-1489,17.7,81.1,703,11.7,175,8,15,7.2,0
AQ-1490,26.8,41.8,435,3.6,225,4,31,7.7,0
AQ-1491,24.3,38.6,663,14.1,267,9,113,7.7,0
AQ-1492,29.3,68.6,385,42.6,68,3,238,7.2,0
AQ-1493,14.8,77.0,461,40.8,172,7,200,9.5,1
AQ-1494,24.3,56.2,615,31.4,203,5,9,6.0,0
AQ-1495,23.6,65.9,370,13.9,170,5,34,8.7,0
AQ-1496,25.4,58.7,446,18.7,342,6,16,8.5,0
AQ-1497,31.3,29.2,502,33.7,129,5,117,7.1,0
AQ-1498,26.8,33.3,793,9.3,151,9,141,5.0,1
AQ-1499,27.9,53.1,702,10.4,165,9,148,7.5,1
AQ-1500,20.0,57.3,498,7.6,168,7,154,10.6,0
AQ-1501,23.9,68.7,350,30.0,207,2,195,8.3,1
AQ-1502,21.7,61.6,350,20.5,156,4,20,8.8,0
AQ-1503,25.8,39.3,969,15.2,258,15,122,8.1,1
AQ-1504,27.1,67.3,630,8.8,169,7,122,7.4,0
AQ-1505,24.3,78.4,549,6.8,150,6,143,8.3,1
AQ-1506,22.4,58.3,519,9.8,181,8,144,7.0,0
AQ-1507,20.6,50.9,400,4.3,114,8,69,10.1,0
AQ-1508,21.2,61.5,729,19.8,189,9,80,7.0,1
AQ-1509,21.9,76.6,1033,15.6,162,15,169,6.6,1
AQ-1510,27.0,31.0,369,5.1,104,9,77,9.8,0
AQ-1511,22.5,34.5,804,40.0,283,11,64,9.4,1
AQ-1512,20.5,49.8,648,11.5,101,10,121,11.2,0
AQ-1513,16.7,40.7,473,15.2,351,6,104,8.7,0
AQ-1514,24.4,59.0,510,12.5,173,8,38,9.1,0
AQ-1515,24.7,41.7,630,36.8,72,7,108,8.1,0
AQ-1516,18.1,52.8,746,20.1,130,6,24,5.2,0
AQ-1517,22.8,76.6,524,27.2,185,8,2,7.2,1
AQ-1518,22.1,41.8,350,9.4,255,6,0,9.0,0
AQ-1519,22.5,35.9,350,11.0,188,3,28,8.0,0
AQ-1520,20.6,40.5,350,8.4,70,4,129,10.4,0
AQ-1521,24.0,46.8,403,16.3,119,3,13,6.4,0
AQ-1522,27.7,73.5,712,10.2,301,8,127,7.8,0
AQ-1523,28.0,37.4,587,18.2,74,5,170,6.7,1
AQ-1524,20.9,31.4,521,6.6,147,4,75,10.1,0
AQ-1525,25.9,59.6,647,8.3,247,7,150,4.7,1
AQ-1526,28.7,39.6,548,12.1,88,9,136,6.5,1
AQ-1527,21.3,48.1,544,27.5,98,8,139,9.3,0
AQ-1528,18.8,41.0,516,20.6,160,7,159,8.3,0
AQ-1529,29.4,69.0,525,16.4,77,5,103,8.7,0
AQ-1530,23.6,44.0,688,24.4,112,7,116,5.7,0
AQ-1531,14.0,47.2,500,12.3,99,4,212,9.0,1
AQ-1532,23.6,57.6,350,21.7,287,4,224,9.6,1
AQ-1533,24.2,68.7,351,6.7,64,4,25,9.6,0
AQ-1534,23.6,79.4,575,7.1,198,9,163,7.9,1
AQ-1535,23.4,35.4,746,20.7,210,12,205,8.7,1
AQ-1536,22.9,70.6,486,16.7,307,7,82,9.5,0
AQ-1537,20.2,73.6,548,25.2,139,5,169,8.9,1
AQ-1538,27.1,57.3,487,14.9,177,7,233,8.2,1
AQ-1539,17.4,65.1,513,28.8,301,6,123,8.5,0
AQ-1540,22.4,33.6,982,7.8,173,13,153,7.1,0
AQ-1541,21.6,59.3,418,7.2,92,6,220,7.2,1
AQ-1542,19.8,34.9,602,6.1,318,9,195,10.8,1
AQ-1543,30.0,47.4,405,5.0,167,7,233,8.3,0
AQ-1544,29.7,81.6,426,23.3,292,7,207,9.6,1
AQ-1545,20.9,75.5,370,21.7,408,3,221,8.5,1
AQ-1546,26.5,50.2,636,16.2,163,9,59,8.4,0
AQ-1547,24.2,49.2,381,29.6,236,2,191,8.7,0
AQ-1548,17.6,32.1,643,9.7,181,8,60,7.3,0
AQ-1549,24.1,62.8,350,17.9,83,6,55,8.9,0
AQ-1550,30.0,41.9,350,15.4,106,5,233,9.0,0
AQ-1551,28.1,59.3,603,10.6,150,7,231,10.0,1
AQ-1552,19.1,29.6,517,10.7,376,9,76,10.2,0
AQ-1553,20.5,31.1,424,12.8,152,6,209,8.2,1
AQ-1554,24.7,40.7,415,4.4,247,3,124,10.4,0
AQ-1555,22.6,46.0,424,8.6,265,6,205,7.6,0
AQ-1556,19.5,75.5,656,25.4,130,11,163,10.6,1
AQ-1557,25.1,59.8,350,25.9,119,4,60,9.4,0
AQ-1558,24.5,35.3,775,9.5,63,10,174,9.5,0
AQ-1559,21.8,42.1,350,9.0,194,1,39,6.5,0
AQ-1560,25.5,77.5,687,34.9,118,10,13,8.1,0
AQ-1561,26.7,39.4,613,26.4,298,8,109,6.9,1
AQ-1562,22.5,35.8,708,14.7,281,12,157,4.8,1
AQ-1563,28.8,70.1,516,5.9,265,5,152,7.1,1
AQ-1564,21.5,63.5,412,21.8,56,5,155,9.4,0
AQ-1565,23.0,61.2,540,2.5,276,4,88,7.1,0
AQ-1566,21.6,69.0,382,21.2,49,5,228,9.1,0
AQ-1567,27.1,60.1,643,26.6,261,8,174,6.9,1
AQ-1568,20.7,40.3,539,37.4,118,7,127,7.8,1
AQ-1569,27.5,31.5,619,13.0,206,8,62,6.0,0
AQ-1570,26.5,33.8,510,12.1,284,7,13,6.9,0
AQ-1571,20.9,75.5,640,11.9,347,10,169,10.1,1
AQ-1572,20.9,68.9,557,9.3,200,8,78,7.9,0
AQ-1573,22.3,76.3,350,5.7,88,5,105,10.7,0
AQ-1574,23.0,39.5,350,5.0,121,6,82,6.5,0
AQ-1575,28.7,44.7,503,6.6,312,9,14,6.9,0
AQ-1576,20.3,40.9,613,20.8,107,6,97,8.8,0
AQ-1577,17.3,51.9,516,25.8,188,5,93,9.5,0
AQ-1578,16.0,66.7,585,8.0,169,8,140,7.1,1
AQ-1579,15.6,31.6,649,7.9,208,10,141,7.0,0
AQ-1580,25.4,81.4,350,14.5,156,5,106,9.0,0
AQ-1581,19.8,50.9,707,25.4,108,13,32,8.5,0
AQ-1582,23.3,52.6,724,11.7,116,12,108,8.1,0
AQ-1583,26.8,57.2,521,8.4,92,8,26,7.6,0
AQ-1584,30.4,40.7,534,17.0,235,8,77,8.2,0
AQ-1585,19.5,66.8,755,54.3,245,9,221,7.3,1
AQ-1586,22.7,55.5,548,17.0,118,8,68,9.5,0
AQ-1587,14.0,42.3,585,34.8,202,7,66,6.7,0
AQ-1588,32.4,71.6,434,6.5,238,5,180,8.8,0
AQ-1589,25.5,66.4,470,14.1,155,4,22,8.3,0
AQ-1590,21.8,42.5,804,8.6,169,10,128,6.0,1
AQ-1591,25.6,38.1,577,8.6,112,5,192,6.2,1
AQ-1592,24.7,67.4,518,11.0,266,8,142,6.2,1
AQ-1593,25.4,57.0,350,17.9,151,4,224,8.3,0
AQ-1594,24.0,34.3,350,12.4,137,3,59,8.8,0
AQ-1595,21.1,44.8,350,8.4,240,2,128,6.7,0
AQ-1596,23.1,29.1,601,32.4,108,7,240,8.2,1
AQ-1597,20.9,74.1,350,4.3,91,3,130,8.4,0
AQ-1598,14.0,56.0,399,26.7,238,4,235,9.6,1
AQ-1599,21.4,35.9,411,15.0,308,8,196,8.2,0
AQ-1600,27.9,58.4,577,5.3,323,6,190,5.7,1
