check_id,motor_temperature_c,vibration_mm_s,pressure_variation_bar,flow_drop_pct,operating_hours,days_since_service,starts_last_24h,inspection_required
PUMP-0001,70.3,2.07,0.69,1.2,1014,216,19,1
PUMP-0002,63.6,1.43,0.6,12.6,3883,47,8,0
PUMP-0003,64.1,1.09,0.3,3.2,2592,83,18,1
PUMP-0004,79.9,2.27,1.27,2.1,201,240,24,1
PUMP-0005,63.7,0.72,0.56,0.8,1171,19,24,0
PUMP-0006,77.1,0.32,0.48,6.5,4272,100,0,0
PUMP-0007,66.7,4.18,0.59,5.8,1987,196,8,0
PUMP-0008,64.2,2.13,0.2,16.5,2701,23,0,0
PUMP-0009,70.6,2.53,0.79,20.3,3700,201,4,0
PUMP-0010,64.6,2.75,0.68,18.8,2293,104,23,0
PUMP-0011,78.4,0.89,0.49,13.0,294,159,1,0
PUMP-0012,64.7,2.1,0.84,16.7,3148,219,3,1
PUMP-0013,57.1,5.76,0.23,7.7,3774,38,3,0
PUMP-0014,80.7,2.43,1.11,14.9,3387,188,26,1
PUMP-0015,65.8,1.47,1.04,7.7,2053,100,20,0
PUMP-0016,58.7,1.95,0.54,19.1,3313,107,12,0
PUMP-0017,75.5,4.35,1.83,8.1,2433,156,9,1
PUMP-0018,56.5,0.96,0.17,12.3,4714,123,17,1
PUMP-0019,65.2,0.79,1.05,18.7,1958,29,1,0
PUMP-0020,69.5,4.96,0.03,1.7,592,19,24,0
PUMP-0021,56.2,1.31,0.49,1.9,4327,112,6,0
PUMP-0022,74.5,0.31,0.36,8.5,3788,219,18,0
PUMP-0023,77.0,3.54,0.46,19.7,4040,89,27,1
PUMP-0024,51.1,1.2,1.21,15.4,4143,31,21,0
PUMP-0025,73.0,2.19,1.53,1.6,1893,119,20,1
PUMP-0026,84.1,0.75,0.19,8.0,4959,194,19,0
PUMP-0027,78.2,2.74,0.4,11.0,3882,217,25,1
PUMP-0028,82.8,3.1,0.2,10.7,1380,118,9,1
PUMP-0029,83.8,0.21,0.47,8.1,1895,69,20,0
PUMP-0030,69.6,0.94,0.5,4.7,4529,6,20,0
PUMP-0031,60.7,2.83,0.15,10.2,1987,195,1,0
PUMP-0032,56.6,2.25,1.39,5.9,3972,1,17,0
PUMP-0033,69.4,2.39,1.14,20.3,4455,228,7,1
PUMP-0034,66.1,1.1,1.14,9.1,4099,72,3,0
PUMP-0035,64.4,2.73,0.29,13.0,853,196,21,0
PUMP-0036,72.0,2.15,0.2,11.9,2399,43,10,0
PUMP-0037,79.9,0.68,0.32,13.1,4526,127,12,0
PUMP-0038,87.6,1.81,1.3,8.8,3377,29,27,1
PUMP-0039,66.3,0.28,0.57,5.6,899,157,1,0
PUMP-0040,66.8,1.28,0.93,7.3,2692,89,9,0
PUMP-0041,48.0,2.21,0.45,11.3,4727,218,29,0
PUMP-0042,64.5,0.7,0.85,20.3,3531,85,26,0
PUMP-0043,75.7,0.55,0.12,1.2,2299,16,9,0
PUMP-0044,77.4,7.79,0.76,8.7,4241,139,30,1
PUMP-0045,70.8,2.61,1.23,3.2,2148,209,24,0
PUMP-0046,70.9,3.88,0.12,9.7,3718,202,17,1
PUMP-0047,57.2,9.5,1.61,7.6,4580,19,17,1
PUMP-0048,64.5,2.8,0.94,8.3,1027,97,15,1
PUMP-0049,58.0,2.25,0.74,4.6,3716,124,21,0
PUMP-0050,52.9,2.55,0.14,8.0,3708,28,29,0
PUMP-0051,68.8,1.64,0.8,16.1,2872,84,16,0
PUMP-0052,64.9,0.43,0.4,14.2,1441,33,30,0
PUMP-0053,57.8,3.39,0.46,7.9,3098,219,18,0
PUMP-0054,63.8,2.56,0.75,1.6,4437,5,16,0
PUMP-0055,58.2,0.84,0.17,3.2,116,224,21,1
PUMP-0056,68.7,1.95,0.16,9.9,4758,103,18,0
PUMP-0057,54.8,6.78,0.91,26.8,2030,104,30,1
PUMP-0058,59.0,1.43,0.61,18.8,3863,78,14,0
PUMP-0059,66.9,1.74,0.95,11.8,2959,78,7,0
PUMP-0060,58.1,2.25,0.22,2.1,928,188,1,0
PUMP-0061,69.5,1.11,0.65,6.5,4460,195,11,1
PUMP-0062,68.2,0.55,0.61,1.4,3496,55,27,0
PUMP-0063,68.6,1.42,0.33,19.9,4399,115,3,0
PUMP-0064,63.9,2.25,0.95,5.3,3432,148,4,0
PUMP-0065,77.5,7.17,0.47,6.1,4503,93,22,1
PUMP-0066,61.5,1.95,1.3,6.5,3939,230,23,1
PUMP-0067,69.5,1.31,0.73,4.3,1211,36,30,0
PUMP-0068,66.7,4.93,0.1,13.8,430,79,10,1
PUMP-0069,75.2,4.81,1.25,14.1,4414,203,18,1
PUMP-0070,70.8,1.33,0.37,18.5,2738,135,10,1
PUMP-0071,67.7,2.6,0.71,22.9,4455,12,8,1
PUMP-0072,57.5,0.84,0.28,3.0,1628,232,30,0
PUMP-0073,63.5,1.78,0.32,1.6,4493,236,14,1
PUMP-0074,66.7,3.5,0.14,0.7,4324,156,30,0
PUMP-0075,47.3,3.39,0.78,6.4,1539,44,11,0
PUMP-0076,61.8,2.91,0.24,3.2,2395,103,23,0
PUMP-0077,83.8,1.19,1.72,19.6,418,23,1,0
PUMP-0078,65.1,3.02,0.34,14.2,4211,195,23,0
PUMP-0079,61.7,2.93,0.39,22.6,1424,131,25,0
PUMP-0080,59.2,3.04,0.24,2.5,2091,3,18,0
PUMP-0081,77.1,0.47,0.71,15.7,708,90,22,0
PUMP-0082,59.3,0.99,0.14,1.6,3750,239,8,0
PUMP-0083,55.4,2.11,0.69,7.7,2604,130,13,0
PUMP-0084,86.2,0.52,0.31,34.9,3136,113,21,0
PUMP-0085,73.7,0.35,0.48,9.5,1587,13,20,0
PUMP-0086,64.9,1.25,0.06,2.9,1787,216,3,0
PUMP-0087,59.9,1.08,0.6,5.0,616,213,9,0
PUMP-0088,62.5,1.91,1.22,15.7,2492,105,1,0
PUMP-0089,62.8,1.05,1.73,24.1,1165,203,7,0
PUMP-0090,66.8,1.55,0.19,7.1,3803,126,14,0
PUMP-0091,75.4,2.07,0.16,18.2,1313,106,13,1
PUMP-0092,57.5,2.62,0.5,2.1,1499,161,2,0
PUMP-0093,69.6,2.01,1.32,6.9,4380,14,4,0
PUMP-0094,55.1,2.92,1.18,17.4,4975,82,18,0
PUMP-0095,63.0,1.51,0.62,3.1,2904,165,15,0
PUMP-0096,72.3,0.53,1.3,11.1,2347,87,6,0
PUMP-0097,66.3,2.72,2.01,5.3,3469,44,13,0
PUMP-0098,70.4,1.02,0.4,10.4,2461,90,16,0
PUMP-0099,86.5,0.53,0.59,18.9,4665,140,21,0
PUMP-0100,78.2,1.67,0.37,18.1,1864,49,11,0
PUMP-0101,70.3,0.75,0.29,14.9,470,171,23,0
PUMP-0102,64.8,0.28,1.04,4.6,2157,154,20,0
PUMP-0103,59.7,1.51,0.41,3.6,4820,62,9,0
PUMP-0104,45.2,3.48,0.42,7.5,217,103,3,0
PUMP-0105,74.2,0.29,0.65,1.4,896,139,26,0
PUMP-0106,72.1,1.52,0.14,11.1,2709,81,17,0
PUMP-0107,62.6,6.48,0.72,9.2,3502,166,22,0
PUMP-0108,56.8,3.15,0.25,5.8,94,42,0,0
PUMP-0109,52.5,1.96,0.81,1.4,379,217,4,0
PUMP-0110,73.1,4.6,1.58,3.2,3984,88,28,1
PUMP-0111,53.3,3.39,1.27,20.6,4525,50,17,0
PUMP-0112,81.5,2.32,0.86,8.3,1447,229,6,1
PUMP-0113,76.2,2.55,0.96,3.8,4536,20,25,1
PUMP-0114,65.4,2.12,2.23,18.1,1998,119,12,1
PUMP-0115,57.3,1.39,0.84,21.9,661,92,22,0
PUMP-0116,71.5,0.95,1.69,4.4,1202,147,13,0
PUMP-0117,65.7,1.02,1.27,7.5,2526,101,18,1
PUMP-0118,79.4,3.92,0.78,7.9,4857,211,20,1
PUMP-0119,54.7,2.9,0.25,7.6,3106,19,26,0
PUMP-0120,69.0,0.75,0.06,15.3,1062,179,0,0
PUMP-0121,67.5,1.84,0.4,3.6,3276,53,19,0
PUMP-0122,60.4,2.09,1.36,15.9,1497,146,30,0
PUMP-0123,79.0,2.71,1.61,10.1,378,27,11,0
PUMP-0124,77.5,2.81,0.41,3.7,4339,53,20,0
PUMP-0125,69.9,2.89,0.94,2.2,2182,1,4,0
PUMP-0126,73.9,4.25,0.29,10.6,2700,156,23,0
PUMP-0127,64.0,0.9,0.17,16.0,1962,80,29,0
PUMP-0128,52.6,3.2,1.12,8.9,3329,21,12,1
PUMP-0129,63.0,2.92,0.46,10.0,2299,20,6,0
PUMP-0130,39.4,0.43,0.04,5.5,3304,236,1,0
PUMP-0131,56.6,1.51,0.68,8.9,1510,190,30,0
PUMP-0132,70.1,2.68,0.93,12.2,4134,197,3,1
PUMP-0133,79.3,1.55,0.57,11.9,3715,222,10,1
PUMP-0134,81.7,3.87,0.02,13.5,1263,169,7,1
PUMP-0135,57.3,2.02,0.55,12.8,2253,98,0,0
PUMP-0136,74.3,1.66,0.42,0.9,2113,207,1,0
PUMP-0137,69.9,2.16,0.41,10.2,3461,98,11,0
PUMP-0138,68.7,4.04,1.93,6.1,2457,167,20,1
PUMP-0139,68.7,1.86,0.15,24.6,3260,237,13,1
PUMP-0140,57.7,2.45,1.76,22.9,4564,203,19,1
PUMP-0141,63.7,2.97,1.06,23.3,2283,35,26,1
PUMP-0142,56.8,2.99,0.15,0.9,4328,12,1,0
PUMP-0143,68.5,2.4,1.12,6.0,462,59,26,0
PUMP-0144,70.8,0.45,0.14,9.7,4212,126,24,0
PUMP-0145,65.7,0.43,0.86,1.4,1381,8,26,0
PUMP-0146,69.8,2.14,0.07,17.2,3955,216,25,0
PUMP-0147,62.4,4.18,0.81,12.3,3777,195,23,1
PUMP-0148,63.1,2.36,0.14,15.1,1668,236,14,0
PUMP-0149,52.0,3.61,0.31,14.9,4138,22,15,0
PUMP-0150,75.4,4.09,0.44,3.2,2330,200,24,0
PUMP-0151,62.1,0.62,0.31,7.2,4155,166,16,0
PUMP-0152,72.9,5.36,2.34,24.2,4487,114,1,1
PUMP-0153,64.7,0.2,1.05,14.1,1315,176,3,0
PUMP-0154,65.0,0.81,0.17,2.8,2634,181,15,0
PUMP-0155,70.6,1.31,0.69,14.1,3226,105,22,1
PUMP-0156,64.9,1.74,0.51,3.4,1793,133,20,0
PUMP-0157,69.9,0.46,0.38,28.7,4623,17,27,1
PUMP-0158,59.1,2.2,0.26,14.3,1491,73,11,0
PUMP-0159,53.1,6.8,1.05,9.6,3463,205,20,1
PUMP-0160,75.9,2.55,0.6,10.2,1581,226,5,1
PUMP-0161,60.1,3.46,0.2,6.5,2271,189,18,0
PUMP-0162,62.4,0.63,1.9,6.3,1097,83,9,0
PUMP-0163,72.9,0.21,0.87,15.2,1102,52,2,0
PUMP-0164,65.1,3.62,0.21,6.2,2789,226,30,0
PUMP-0165,66.1,3.78,1.48,9.9,1707,121,10,0
PUMP-0166,57.9,0.9,1.26,14.6,4079,225,18,0
PUMP-0167,72.8,5.54,0.6,8.4,4886,11,4,1
PUMP-0168,59.7,2.55,0.42,23.9,2585,23,16,0
PUMP-0169,63.5,2.97,0.47,13.9,1456,2,5,0
PUMP-0170,79.3,0.85,0.28,15.5,2493,115,30,0
PUMP-0171,62.4,1.72,0.43,17.4,1606,170,9,0
PUMP-0172,66.3,1.8,1.02,1.7,2982,51,22,0
PUMP-0173,55.4,2.15,0.09,4.0,499,183,12,0
PUMP-0174,72.4,4.22,0.76,5.9,968,210,25,1
PUMP-0175,65.0,0.76,0.54,13.6,3839,212,9,0
PUMP-0176,76.2,3.07,0.64,9.5,3281,155,28,1
PUMP-0177,61.6,0.28,0.81,8.6,2866,183,23,1
PUMP-0178,70.9,2.47,0.29,3.2,4064,97,23,1
PUMP-0179,73.7,1.84,0.11,12.0,3296,6,3,0
PUMP-0180,60.4,1.43,0.09,16.9,4038,113,27,0
PUMP-0181,71.7,1.6,1.38,6.4,969,213,5,0
PUMP-0182,91.5,1.96,0.6,9.5,1652,88,27,0
PUMP-0183,57.8,1.72,0.19,12.6,3745,135,23,0
PUMP-0184,69.9,1.53,0.9,8.5,5000,70,4,0
PUMP-0185,72.2,0.9,0.22,23.7,2269,56,3,0
PUMP-0186,60.6,6.12,0.56,4.9,3639,124,1,0
PUMP-0187,64.1,0.76,0.48,31.1,4735,86,28,1
PUMP-0188,59.1,2.12,2.73,8.9,206,220,0,1
PUMP-0189,66.0,2.94,1.18,5.6,3551,128,18,0
PUMP-0190,66.2,3.59,0.13,8.4,2848,19,13,0
PUMP-0191,79.4,0.37,1.1,1.0,226,148,24,0
PUMP-0192,67.1,1.05,0.11,3.3,1402,35,22,0
PUMP-0193,60.4,4.11,0.53,26.7,3787,20,3,0
PUMP-0194,77.4,0.88,1.29,16.9,2942,194,12,0
PUMP-0195,62.3,1.99,0.98,23.4,285,141,9,0
PUMP-0196,77.0,1.24,0.29,13.9,3153,13,19,0
PUMP-0197,59.3,3.25,1.71,16.3,1667,71,27,0
PUMP-0198,58.2,2.93,0.16,0.3,4155,45,11,0
PUMP-0199,76.8,2.02,0.49,10.5,1701,231,30,0
PUMP-0200,81.0,2.68,0.61,4.0,2523,79,3,0
PUMP-0201,80.3,1.49,0.38,1.5,2243,155,28,0
PUMP-0202,52.8,1.68,0.29,18.9,3440,196,5,0
PUMP-0203,59.7,2.76,0.57,12.8,1794,85,29,0
PUMP-0204,52.8,1.75,0.91,16.1,4958,42,0,0
PUMP-0205,49.5,1.31,0.35,12.5,1852,104,15,0
PUMP-0206,72.7,1.55,0.87,6.9,554,198,16,0
PUMP-0207,60.1,0.77,0.3,5.1,2659,107,27,0
PUMP-0208,70.9,0.57,0.81,2.5,95,88,26,0
PUMP-0209,64.1,1.81,0.21,3.2,503,193,20,0
PUMP-0210,67.2,1.93,0.8,11.4,239,218,30,0
PUMP-0211,66.7,4.37,0.84,0.8,1801,56,14,0
PUMP-0212,81.9,3.0,0.91,4.1,2335,124,20,0
PUMP-0213,60.6,1.38,0.11,7.1,2800,44,9,0
PUMP-0214,58.0,3.42,1.23,11.4,569,223,14,0
PUMP-0215,66.6,2.2,0.14,8.2,4682,237,4,0
PUMP-0216,52.6,2.88,0.44,3.3,4394,16,24,0
PUMP-0217,56.3,2.99,0.17,17.1,1235,195,11,0
PUMP-0218,82.4,3.41,0.65,14.1,4522,40,1,1
PUMP-0219,51.1,2.04,1.29,16.4,436,211,17,0
PUMP-0220,78.7,2.03,0.33,3.4,762,98,3,0
PUMP-0221,67.1,2.63,0.85,9.0,3780,1,0,0
PUMP-0222,71.0,2.2,0.5,3.6,693,172,10,0
PUMP-0223,72.7,1.75,0.61,26.6,3339,43,15,0
PUMP-0224,57.3,2.31,0.4,14.8,724,165,13,0
PUMP-0225,76.8,2.88,0.65,3.6,2342,84,12,1
PUMP-0226,61.9,2.81,0.37,14.5,2201,67,6,0
PUMP-0227,69.9,2.45,0.03,12.0,2842,152,27,0
PUMP-0228,63.8,0.5,0.34,3.1,836,105,17,0
PUMP-0229,71.6,5.26,1.27,7.6,2285,161,7,0
PUMP-0230,50.0,1.83,1.36,18.6,2614,222,14,0
PUMP-0231,73.6,1.07,1.54,10.3,4884,105,26,0
PUMP-0232,62.8,0.99,0.88,13.8,2893,65,2,0
PUMP-0233,67.8,4.65,1.5,18.0,2057,88,28,1
PUMP-0234,67.8,3.56,1.01,13.9,1107,49,23,0
PUMP-0235,65.4,3.19,0.29,16.1,267,75,0,1
PUMP-0236,86.7,2.16,0.29,6.9,1850,127,17,1
PUMP-0237,71.1,1.56,0.6,18.2,4942,113,0,1
PUMP-0238,78.2,2.8,0.44,11.1,105,114,11,0
PUMP-0239,75.2,3.55,0.17,8.4,4515,39,28,0
PUMP-0240,62.9,3.15,0.32,5.7,279,86,12,0
PUMP-0241,56.4,2.6,0.14,7.1,1888,7,30,0
PUMP-0242,50.2,4.13,1.01,5.1,1622,63,21,0
PUMP-0243,55.9,4.19,1.29,3.4,3565,28,18,0
PUMP-0244,59.9,2.97,1.08,7.1,1057,162,13,0
PUMP-0245,67.3,1.49,0.28,19.6,3042,174,29,0
PUMP-0246,74.6,1.02,1.44,2.8,2657,66,8,0
PUMP-0247,85.2,0.64,0.79,3.7,1563,68,7,0
PUMP-0248,61.0,0.86,0.02,1.7,433,8,12,0
PUMP-0249,72.0,1.74,0.73,4.8,3149,16,19,0
PUMP-0250,70.8,0.56,0.57,1.6,2744,119,2,1
PUMP-0251,63.3,1.3,0.35,14.2,3062,118,20,0
PUMP-0252,62.9,2.51,0.18,19.6,4034,2,14,0
PUMP-0253,69.6,1.93,0.33,12.9,4082,1,12,0
PUMP-0254,80.0,2.29,1.79,6.9,2352,213,12,0
PUMP-0255,71.5,0.43,1.07,8.4,4407,142,16,0
PUMP-0256,81.4,1.47,0.18,5.0,131,6,26,0
PUMP-0257,53.0,1.87,0.43,4.8,1620,50,19,0
PUMP-0258,58.8,0.96,0.06,8.1,2429,205,12,0
PUMP-0259,74.7,1.41,0.72,17.3,4386,198,1,1
PUMP-0260,51.5,1.1,0.5,13.9,4890,23,13,0
PUMP-0261,64.8,1.38,1.34,26.5,3477,164,6,1
PUMP-0262,53.3,2.91,0.22,14.1,4473,123,30,0
PUMP-0263,71.1,1.46,0.52,2.4,3922,83,9,0
PUMP-0264,60.9,1.97,0.53,9.5,2655,138,27,0
PUMP-0265,69.6,1.45,0.46,2.7,2208,192,27,1
PUMP-0266,70.1,1.94,0.22,10.4,2320,50,4,0
PUMP-0267,63.8,2.51,0.99,13.8,4941,92,17,0
PUMP-0268,68.7,1.41,0.05,17.6,3874,234,24,1
PUMP-0269,63.0,3.64,1.53,8.9,1848,63,29,0
PUMP-0270,48.8,6.13,1.02,10.9,1713,126,20,0
PUMP-0271,79.7,1.82,0.66,10.5,3545,86,5,1
PUMP-0272,61.6,0.7,0.47,5.7,4796,194,26,0
PUMP-0273,75.2,2.42,0.86,4.4,989,190,12,0
PUMP-0274,71.7,2.58,0.66,4.1,500,98,0,0
PUMP-0275,74.5,1.96,0.38,7.1,4009,104,12,0
PUMP-0276,60.8,2.53,0.46,6.2,1629,206,17,0
PUMP-0277,56.2,5.1,0.26,2.5,3739,158,4,0
PUMP-0278,73.3,0.99,1.06,7.0,3420,194,9,0
PUMP-0279,45.2,2.17,0.35,8.8,3222,98,15,0
PUMP-0280,66.4,2.8,0.32,17.5,421,185,27,0
PUMP-0281,61.5,0.72,0.42,13.8,4969,168,29,0
PUMP-0282,49.3,3.6,0.87,14.9,1756,60,13,0
PUMP-0283,79.2,0.82,1.68,5.9,1174,10,19,0
PUMP-0284,69.3,0.27,0.86,13.1,536,189,11,0
PUMP-0285,65.5,1.92,1.33,8.6,2351,217,9,1
PUMP-0286,78.1,0.72,0.25,4.2,2281,104,22,0
PUMP-0287,78.0,1.01,0.27,1.4,3346,51,23,0
PUMP-0288,61.4,2.39,1.08,20.9,810,140,26,0
PUMP-0289,66.2,1.45,1.37,11.6,3509,89,18,0
PUMP-0290,56.8,1.59,1.36,3.2,1298,75,8,0
PUMP-0291,81.6,2.22,0.16,4.3,2783,235,19,0
PUMP-0292,69.0,1.46,0.68,3.4,1965,66,22,0
PUMP-0293,84.5,3.58,0.21,13.8,3212,25,6,0
PUMP-0294,60.4,1.9,0.07,3.5,2023,117,14,1
PUMP-0295,67.3,0.62,0.24,16.9,4213,12,30,0
PUMP-0296,62.3,0.65,1.21,5.2,4018,239,22,1
PUMP-0297,78.3,1.27,0.42,20.1,1591,86,30,0
PUMP-0298,56.7,0.95,0.55,11.0,1290,175,3,0
PUMP-0299,78.8,0.76,0.11,16.1,99,126,28,0
PUMP-0300,66.8,2.39,0.33,15.1,3607,17,22,0
PUMP-0301,66.2,0.24,0.41,6.8,936,148,6,0
PUMP-0302,57.4,2.88,1.19,22.2,3882,141,4,0
PUMP-0303,63.2,1.91,0.12,12.2,2708,6,24,0
PUMP-0304,75.6,1.71,0.37,3.4,1703,162,14,0
PUMP-0305,71.2,2.49,0.42,3.8,2018,222,25,1
PUMP-0306,60.3,2.23,0.36,15.3,4552,173,24,0
PUMP-0307,67.1,2.53,2.08,9.5,1221,37,0,0
PUMP-0308,55.9,1.61,0.7,3.2,170,181,12,0
PUMP-0309,64.7,2.94,0.14,25.9,1332,87,14,1
PUMP-0310,79.3,2.38,0.36,13.3,4224,157,19,1
PUMP-0311,75.8,1.29,0.42,11.0,233,105,25,1
PUMP-0312,63.8,1.15,0.63,21.9,2221,234,10,0
PUMP-0313,61.9,1.69,0.97,13.5,3958,23,15,0
PUMP-0314,56.9,1.14,1.35,19.4,2472,104,15,0
PUMP-0315,61.9,0.7,1.58,22.9,4396,99,26,1
PUMP-0316,67.1,2.45,1.08,21.6,688,93,15,0
PUMP-0317,58.8,1.92,0.48,2.2,4862,196,19,0
PUMP-0318,71.5,1.27,0.05,13.1,2275,231,8,0
PUMP-0319,62.5,2.41,0.86,5.0,548,208,27,0
PUMP-0320,54.2,3.03,0.2,10.0,808,135,16,0
PUMP-0321,71.3,3.53,0.88,3.5,4138,230,19,1
PUMP-0322,74.4,2.86,0.21,22.8,1829,223,13,0
PUMP-0323,72.5,2.57,0.25,12.7,4451,62,18,1
PUMP-0324,86.7,1.03,1.59,17.9,3969,123,22,1
PUMP-0325,55.2,2.9,0.45,5.5,1944,125,21,0
PUMP-0326,59.2,1.63,0.12,18.1,2691,179,7,0
PUMP-0327,77.7,3.54,1.23,18.8,1049,231,11,0
PUMP-0328,55.9,3.28,0.43,10.1,317,14,10,0
PUMP-0329,71.3,4.39,0.3,19.7,4917,21,23,0
PUMP-0330,55.9,0.83,0.07,26.1,1646,180,1,0
PUMP-0331,83.2,2.79,0.43,20.4,2387,146,5,1
PUMP-0332,62.9,1.91,0.95,7.9,514,56,23,0
PUMP-0333,76.8,2.79,0.42,36.2,4727,189,19,0
PUMP-0334,61.9,0.37,0.12,1.8,4500,63,5,0
PUMP-0335,57.0,1.38,0.24,22.3,1811,181,5,0
PUMP-0336,69.9,3.1,0.45,1.1,2781,75,16,0
PUMP-0337,69.6,1.02,0.35,19.0,2534,115,28,0
PUMP-0338,64.1,1.86,0.15,8.3,4879,3,6,0
PUMP-0339,58.1,3.03,0.62,24.6,4923,106,22,0
PUMP-0340,65.4,1.69,0.87,11.5,700,62,19,0
PUMP-0341,68.1,0.47,0.09,10.7,3963,140,8,0
PUMP-0342,54.8,3.89,0.83,8.7,1836,15,14,0
PUMP-0343,81.0,0.46,0.79,2.8,109,125,7,0
PUMP-0344,84.7,0.86,0.24,12.8,1470,70,13,0
PUMP-0345,61.3,1.17,0.26,8.4,4260,34,23,0
PUMP-0346,81.9,0.58,1.21,9.4,552,12,16,0
PUMP-0347,75.6,0.97,0.3,1.9,2479,229,23,1
PUMP-0348,63.8,1.43,0.34,3.6,3820,228,3,0
PUMP-0349,50.7,3.41,0.26,1.2,2290,72,5,0
PUMP-0350,61.5,1.81,0.37,19.8,3331,210,16,0
PUMP-0351,62.0,1.36,0.57,7.5,4987,62,19,0
PUMP-0352,70.5,2.43,1.25,7.1,2715,13,5,0
PUMP-0353,78.5,3.39,0.29,13.2,1188,109,27,1
PUMP-0354,62.3,3.22,1.38,6.0,947,220,23,0
PUMP-0355,51.7,3.51,0.48,23.3,3175,190,17,1
PUMP-0356,69.3,0.33,1.05,6.2,3283,55,30,0
PUMP-0357,73.6,2.24,0.84,7.7,3801,171,10,0
PUMP-0358,67.2,2.24,1.35,13.3,4377,109,4,0
PUMP-0359,80.4,2.85,0.91,4.9,3196,22,19,1
PUMP-0360,64.8,1.04,1.07,21.8,2999,48,6,0
PUMP-0361,63.3,1.61,0.89,9.3,4466,109,7,0
PUMP-0362,66.1,1.6,0.1,2.5,2567,40,21,0
PUMP-0363,69.2,0.88,0.86,2.6,537,182,1,0
PUMP-0364,72.5,1.1,0.17,7.5,3455,141,15,0
PUMP-0365,85.2,1.12,0.44,6.1,865,184,8,0
PUMP-0366,55.9,1.49,1.44,6.9,3976,131,3,0
PUMP-0367,68.8,4.65,1.57,11.6,1246,59,5,0
PUMP-0368,61.9,6.2,0.84,9.7,724,12,30,0
PUMP-0369,66.5,3.42,0.84,13.6,2619,237,12,1
PUMP-0370,63.7,2.69,0.1,6.0,3308,150,2,0
PUMP-0371,89.2,0.9,0.67,8.7,3318,178,23,1
PUMP-0372,65.0,6.23,0.66,26.8,2933,21,26,0
PUMP-0373,64.7,2.68,0.8,5.1,2617,78,23,0
PUMP-0374,79.7,2.21,0.57,2.2,3396,91,1,1
PUMP-0375,64.0,2.78,0.54,2.9,3418,187,21,1
PUMP-0376,70.6,0.56,0.81,1.7,110,160,5,0
PUMP-0377,62.5,1.35,0.24,4.7,1284,207,19,0
PUMP-0378,71.4,1.05,0.44,10.1,505,164,20,0
PUMP-0379,69.6,1.36,1.11,9.8,2174,187,7,0
PUMP-0380,64.3,5.76,1.04,20.1,2665,229,3,0
PUMP-0381,71.6,3.75,1.51,2.6,3386,48,26,0
PUMP-0382,86.6,1.51,0.92,0.8,1920,201,3,1
PUMP-0383,55.5,0.61,0.25,9.5,2927,155,28,0
PUMP-0384,50.7,1.57,1.71,9.2,1375,35,9,0
PUMP-0385,70.3,0.52,1.59,17.6,122,198,7,0
PUMP-0386,65.8,2.43,0.46,6.7,484,100,6,0
PUMP-0387,72.5,0.5,0.33,3.5,1056,21,2,0
PUMP-0388,72.2,1.38,0.43,10.8,655,216,30,0
PUMP-0389,64.1,1.52,0.36,5.6,3954,64,25,0
PUMP-0390,81.4,1.31,0.9,5.7,2160,136,28,0
PUMP-0391,68.9,2.23,0.18,8.2,1076,138,26,0
PUMP-0392,73.8,1.29,0.36,10.3,2752,221,13,0
PUMP-0393,52.2,4.24,0.28,4.2,1481,37,8,0
PUMP-0394,61.5,5.16,0.32,3.1,2520,232,8,1
PUMP-0395,64.3,0.75,0.06,12.1,1447,232,7,0
PUMP-0396,56.4,3.78,0.36,8.8,4874,150,15,0
PUMP-0397,69.4,0.63,0.3,18.4,828,172,8,0
PUMP-0398,62.8,2.51,1.91,22.5,280,152,15,1
PUMP-0399,82.9,1.35,0.18,4.8,2729,233,17,1
PUMP-0400,46.8,3.6,0.05,2.9,4252,210,5,0
PUMP-0401,62.2,2.24,0.24,12.3,3321,48,28,0
PUMP-0402,74.5,3.46,0.55,24.3,2362,224,26,0
PUMP-0403,80.9,0.51,0.38,5.8,2447,79,9,0
PUMP-0404,71.8,4.51,0.77,8.9,1681,66,12,1
PUMP-0405,49.2,5.73,0.16,17.9,4307,196,9,1
PUMP-0406,68.6,4.61,0.62,4.9,4506,94,5,0
PUMP-0407,59.6,0.63,0.04,3.6,3349,230,29,0
PUMP-0408,70.3,4.02,2.34,6.5,2999,74,9,0
PUMP-0409,84.2,3.3,0.36,7.1,3187,56,11,0
PUMP-0410,70.4,1.29,1.33,3.7,1079,106,8,0
PUMP-0411,72.7,3.77,0.82,9.0,4030,152,9,1
PUMP-0412,77.0,1.26,1.04,5.1,3329,221,19,0
PUMP-0413,61.8,2.1,1.54,5.7,2779,81,2,0
PUMP-0414,68.1,2.83,0.32,22.8,1935,42,12,0
PUMP-0415,78.7,3.72,0.25,19.2,2259,146,21,1
PUMP-0416,57.7,1.38,0.4,25.9,3965,148,10,0
PUMP-0417,75.8,3.59,0.04,25.2,4032,90,30,1
PUMP-0418,74.0,3.25,0.29,5.7,4306,110,20,0
PUMP-0419,62.6,1.68,0.09,4.6,3314,41,12,0
PUMP-0420,46.2,0.85,0.53,5.0,3235,141,12,0
PUMP-0421,73.2,1.68,0.23,6.5,2725,126,22,0
PUMP-0422,46.8,3.68,0.41,10.3,960,161,15,0
PUMP-0423,75.4,1.99,0.57,18.1,3621,153,20,0
PUMP-0424,84.0,3.05,0.37,11.6,1596,113,9,1
PUMP-0425,66.6,2.22,0.49,2.4,711,21,0,0
PUMP-0426,84.1,1.73,1.33,6.9,1636,88,15,0
PUMP-0427,73.7,0.44,0.75,7.5,934,141,28,1
PUMP-0428,70.2,1.53,0.21,7.8,4738,185,21,0
PUMP-0429,72.3,3.85,0.17,5.5,2188,59,1,1
PUMP-0430,80.1,1.68,0.42,16.9,1209,145,24,0
PUMP-0431,74.3,5.82,0.59,14.3,2540,53,27,1
PUMP-0432,85.8,0.58,1.24,9.1,2870,20,18,0
PUMP-0433,55.1,3.53,2.21,3.3,1057,41,28,0
PUMP-0434,68.7,2.54,1.24,15.7,1086,227,17,1
PUMP-0435,68.2,0.46,1.08,18.4,2310,133,30,1
PUMP-0436,77.4,3.66,1.17,5.6,4996,49,14,1
PUMP-0437,71.4,4.8,0.5,1.2,2093,100,30,0
PUMP-0438,58.6,1.27,0.42,18.0,3899,184,27,1
PUMP-0439,53.5,1.49,2.39,16.8,2030,11,26,0
PUMP-0440,61.2,2.15,0.35,14.0,3315,196,23,1
PUMP-0441,59.0,3.89,1.04,8.7,1518,201,14,0
PUMP-0442,59.1,4.9,0.11,3.5,3143,101,17,1
PUMP-0443,66.3,1.75,0.03,3.8,2903,142,24,0
PUMP-0444,75.6,2.92,0.2,14.0,769,181,0,0
PUMP-0445,45.3,1.69,0.19,10.4,2372,212,22,0
PUMP-0446,69.9,0.94,0.03,7.5,3711,143,0,0
PUMP-0447,56.6,2.69,0.46,1.1,3112,152,16,0
PUMP-0448,54.7,0.2,0.83,6.9,4084,210,7,0
PUMP-0449,77.9,0.8,0.48,2.1,1649,184,10,0
PUMP-0450,56.6,2.75,0.48,23.1,3234,227,22,0
PUMP-0451,66.9,2.96,0.55,20.7,1784,161,4,1
PUMP-0452,65.2,2.17,2.11,23.4,3122,188,20,0
PUMP-0453,65.6,4.92,0.67,0.7,4718,177,0,1
PUMP-0454,66.8,1.22,0.55,12.5,1135,122,30,0
PUMP-0455,74.0,2.23,0.1,16.2,1060,200,1,1
PUMP-0456,61.9,3.92,0.63,13.6,2885,190,13,1
PUMP-0457,62.7,0.47,1.01,3.3,3891,5,23,0
PUMP-0458,77.5,1.47,0.69,8.5,4182,138,24,1
PUMP-0459,73.1,1.95,0.13,17.5,1540,203,13,0
PUMP-0460,49.6,2.71,0.66,19.3,1417,141,16,1
PUMP-0461,81.9,1.99,0.52,11.6,886,83,10,0
PUMP-0462,65.7,4.63,1.13,11.0,4684,123,24,1
PUMP-0463,64.6,1.35,0.95,7.0,2048,112,0,0
PUMP-0464,66.7,3.7,0.69,11.8,4169,192,21,1
PUMP-0465,49.4,3.76,0.39,8.3,838,86,28,0
PUMP-0466,85.1,2.74,1.56,1.4,4447,74,24,1
PUMP-0467,70.5,1.7,0.6,4.5,2324,140,7,0
PUMP-0468,70.9,2.62,0.63,3.1,1921,44,21,0
PUMP-0469,59.8,0.5,2.16,13.6,2176,174,2,0
PUMP-0470,62.1,1.36,2.41,2.6,4442,122,24,0
PUMP-0471,77.6,4.19,0.78,3.3,1444,57,23,1
PUMP-0472,67.6,1.11,0.84,2.9,3581,63,0,0
PUMP-0473,73.8,1.73,0.99,4.1,3478,54,16,0
PUMP-0474,68.2,4.72,0.09,10.9,386,25,5,0
PUMP-0475,90.3,4.12,2.02,8.3,2773,105,12,1
PUMP-0476,70.8,1.75,0.67,9.4,562,164,4,0
PUMP-0477,64.2,2.76,1.64,21.8,3927,142,3,1
PUMP-0478,71.0,2.9,0.41,9.2,1035,139,20,0
PUMP-0479,64.5,1.25,0.85,15.1,4665,29,22,1
PUMP-0480,55.3,1.98,0.33,11.9,3184,7,9,0
PUMP-0481,60.0,3.0,1.61,5.4,3050,149,1,0
PUMP-0482,44.9,2.5,0.46,10.0,2203,125,25,0
PUMP-0483,62.6,1.02,0.38,14.2,2350,134,5,0
PUMP-0484,75.5,2.48,0.44,8.0,3013,136,23,1
PUMP-0485,73.0,1.42,0.34,8.8,3100,181,3,0
PUMP-0486,73.3,4.18,0.7,12.9,2899,199,15,1
PUMP-0487,62.3,3.46,0.08,6.1,2066,63,10,0
PUMP-0488,60.6,1.34,0.18,1.8,3465,175,14,0
PUMP-0489,64.5,3.5,0.32,14.6,4187,143,16,1
PUMP-0490,75.8,0.83,0.39,5.0,3027,228,3,0
PUMP-0491,65.5,1.13,0.49,17.7,4569,218,1,1
PUMP-0492,58.5,2.06,1.54,24.1,4771,71,18,0
PUMP-0493,59.0,3.73,0.51,18.9,2672,226,29,1
PUMP-0494,68.8,1.31,0.24,3.4,1834,139,7,0
PUMP-0495,66.1,2.32,0.18,8.5,1660,112,22,0
PUMP-0496,69.3,3.0,0.39,13.3,505,14,11,0
PUMP-0497,70.4,0.75,0.52,5.1,1469,127,7,0
PUMP-0498,70.1,0.77,0.42,20.8,1792,137,13,1
PUMP-0499,71.0,2.41,0.69,6.9,3864,239,5,1
PUMP-0500,64.9,2.25,0.32,4.0,2892,38,0,0
PUMP-0501,70.0,0.2,1.07,4.9,788,193,17,0
PUMP-0502,58.7,2.17,0.39,4.3,4014,12,18,0
PUMP-0503,72.8,0.89,0.31,4.1,3246,60,7,0
PUMP-0504,61.2,3.65,1.43,28.6,409,22,9,0
PUMP-0505,76.3,2.98,1.02,8.9,1755,98,23,1
PUMP-0506,82.5,2.18,1.16,19.0,4532,174,11,1
PUMP-0507,66.9,2.26,0.29,3.0,1822,48,13,0
PUMP-0508,67.9,6.16,1.69,11.4,2487,53,16,1
PUMP-0509,76.0,1.27,0.49,20.2,435,6,15,0
PUMP-0510,71.2,2.19,0.08,2.4,339,141,19,0
PUMP-0511,64.0,1.69,0.45,4.8,4419,94,24,0
PUMP-0512,76.4,2.67,0.35,3.8,1636,168,21,0
PUMP-0513,74.6,1.56,0.34,14.8,4961,129,14,1
PUMP-0514,74.7,1.37,0.33,18.0,4390,86,2,0
PUMP-0515,62.0,0.88,0.24,21.9,3375,106,13,1
PUMP-0516,64.4,5.12,0.97,12.1,2798,149,0,1
PUMP-0517,51.8,1.12,1.03,3.3,534,135,12,0
PUMP-0518,70.1,0.95,2.03,3.0,1708,104,20,1
PUMP-0519,69.4,3.53,0.69,26.3,3182,9,25,1
PUMP-0520,71.3,3.76,0.25,10.6,4337,96,28,0
PUMP-0521,57.7,2.05,0.46,3.3,1600,206,10,0
PUMP-0522,75.1,2.52,0.46,3.4,2013,93,6,1
PUMP-0523,62.4,4.62,0.58,2.9,3386,42,19,0
PUMP-0524,75.7,2.58,0.47,10.0,3652,106,21,1
PUMP-0525,75.4,1.5,0.91,12.6,1261,57,20,0
PUMP-0526,86.2,1.52,1.2,9.5,778,63,10,0
PUMP-0527,65.1,2.41,0.65,13.3,4321,67,10,0
PUMP-0528,69.6,2.39,0.81,24.8,4930,71,9,0
PUMP-0529,80.3,1.6,0.83,6.1,4061,24,24,0
PUMP-0530,62.4,1.38,0.43,3.0,1888,49,29,0
PUMP-0531,73.0,2.45,0.95,8.3,2946,238,11,0
PUMP-0532,71.7,3.92,0.59,21.5,4598,150,10,1
PUMP-0533,55.8,2.14,0.82,14.7,2332,175,13,0
PUMP-0534,63.1,2.41,0.06,7.7,4512,116,7,0
PUMP-0535,67.6,0.89,1.0,12.6,4599,182,14,0
PUMP-0536,66.5,2.73,0.25,11.4,3504,151,1,0
PUMP-0537,68.7,0.5,0.47,15.9,1976,157,22,0
PUMP-0538,66.0,0.76,0.39,9.5,4490,13,21,0
PUMP-0539,65.2,0.6,1.28,16.0,3476,138,16,0
PUMP-0540,64.8,0.85,0.9,19.9,3381,23,5,0
PUMP-0541,84.5,1.65,1.32,8.2,767,80,22,1
PUMP-0542,70.0,1.38,0.59,4.1,1232,67,6,1
PUMP-0543,65.9,4.26,0.27,14.2,4412,124,27,0
PUMP-0544,78.7,1.66,0.97,8.9,4625,121,3,1
PUMP-0545,65.9,1.01,1.07,18.6,4077,161,16,0
PUMP-0546,53.3,1.04,0.51,21.3,3140,143,5,0
PUMP-0547,77.9,0.79,0.37,5.2,4293,11,5,0
PUMP-0548,74.2,1.36,0.14,7.5,93,103,13,0
PUMP-0549,56.0,3.46,0.92,4.3,1377,5,13,0
PUMP-0550,69.3,1.1,0.76,20.0,2002,120,8,0
PUMP-0551,68.0,1.74,0.91,6.9,514,66,14,0
PUMP-0552,70.1,1.64,1.32,6.4,1746,237,20,1
PUMP-0553,64.6,2.52,0.93,13.7,4147,23,27,0
PUMP-0554,57.5,5.29,0.58,6.2,4377,119,23,0
PUMP-0555,65.6,0.81,0.48,11.1,2829,160,17,0
PUMP-0556,60.2,1.85,1.01,13.0,2567,42,26,0
PUMP-0557,60.4,2.72,0.87,3.5,3289,176,1,0
PUMP-0558,53.1,0.62,2.19,15.9,1909,230,9,0
PUMP-0559,69.2,0.92,0.15,6.8,4219,232,6,0
PUMP-0560,63.1,1.56,0.82,8.4,1764,108,11,0
PUMP-0561,70.6,3.43,0.34,5.5,2632,160,28,1
PUMP-0562,58.7,0.94,0.32,15.4,459,14,5,0
PUMP-0563,76.6,3.47,0.32,30.2,979,13,20,0
PUMP-0564,57.5,1.34,0.03,5.1,1516,182,4,0
PUMP-0565,66.5,3.61,1.46,10.7,723,115,24,0
PUMP-0566,51.7,0.34,0.14,2.8,2280,134,27,0
PUMP-0567,70.3,2.85,0.29,1.9,4810,83,18,0
PUMP-0568,74.0,7.94,0.29,19.8,1382,157,17,1
PUMP-0569,69.3,0.35,1.48,9.3,4153,215,29,1
PUMP-0570,67.8,1.62,1.09,2.5,2383,168,29,1
PUMP-0571,80.8,0.99,1.17,10.5,1406,207,18,0
PUMP-0572,81.2,5.25,0.77,1.2,822,216,7,1
PUMP-0573,54.7,2.45,0.72,2.3,2561,157,27,0
PUMP-0574,66.1,1.4,0.32,8.0,4683,90,21,0
PUMP-0575,69.3,1.04,0.61,22.4,3029,133,5,0
PUMP-0576,64.1,2.65,0.31,11.1,1048,31,10,0
PUMP-0577,71.5,1.93,0.63,8.6,267,84,27,0
PUMP-0578,67.7,0.53,0.62,14.9,4311,107,1,0
PUMP-0579,61.4,1.24,0.82,3.2,2019,2,22,0
PUMP-0580,70.4,2.92,0.75,25.3,2237,184,0,0
PUMP-0581,67.0,0.63,1.3,0.9,2106,69,13,0
PUMP-0582,67.8,1.4,0.81,19.6,4499,147,13,1
PUMP-0583,77.8,3.42,0.82,3.2,3400,23,9,0
PUMP-0584,75.3,3.59,0.54,1.7,4851,174,7,0
PUMP-0585,71.5,5.23,1.32,4.0,3741,44,21,0
PUMP-0586,58.5,3.46,2.49,14.9,4354,161,23,1
PUMP-0587,54.7,0.71,2.15,9.8,2794,192,4,0
PUMP-0588,64.3,2.66,0.37,3.6,4960,31,20,1
PUMP-0589,64.1,2.35,0.24,6.6,4799,4,24,0
PUMP-0590,80.5,3.4,1.58,7.5,1215,172,1,1
PUMP-0591,73.4,0.74,0.22,3.3,3823,177,20,1
PUMP-0592,75.4,2.31,1.97,6.2,387,69,22,0
PUMP-0593,83.1,0.58,0.52,6.9,4619,149,5,0
PUMP-0594,60.6,1.46,1.24,14.0,4545,80,11,0
PUMP-0595,79.5,1.85,0.25,12.7,3743,236,23,1
PUMP-0596,61.2,1.31,1.21,13.4,3614,75,24,0
PUMP-0597,63.8,3.02,0.31,17.8,2460,183,9,1
PUMP-0598,80.7,0.95,0.95,5.7,3649,179,18,0
PUMP-0599,62.1,1.59,0.28,14.8,2502,211,25,0
PUMP-0600,74.1,5.09,0.72,2.9,965,148,4,1
PUMP-0601,68.3,1.79,1.25,17.9,2804,128,26,1
PUMP-0602,61.7,4.93,0.93,7.2,2531,114,3,0
PUMP-0603,60.1,4.0,0.45,16.5,2350,34,29,0
PUMP-0604,82.5,1.28,0.25,16.4,1056,140,3,0
PUMP-0605,73.5,2.16,1.91,10.4,4589,236,23,1
PUMP-0606,45.4,1.71,1.1,11.1,3042,177,8,0
PUMP-0607,70.0,2.76,0.26,18.6,770,204,3,0
PUMP-0608,50.0,1.37,0.34,1.0,4166,34,14,0
PUMP-0609,70.6,1.33,0.13,5.8,267,196,17,0
PUMP-0610,61.8,4.38,1.92,10.4,1182,146,6,0
PUMP-0611,63.8,4.34,0.64,16.2,610,15,14,0
PUMP-0612,70.7,0.9,0.46,3.8,564,201,25,0
PUMP-0613,70.0,5.01,0.71,3.6,959,240,13,1
PUMP-0614,69.1,0.33,0.1,8.9,1026,100,27,0
PUMP-0615,88.0,2.17,0.5,17.0,3547,29,1,1
PUMP-0616,83.4,1.81,0.3,9.1,3036,43,16,0
PUMP-0617,76.5,0.38,1.78,6.4,4162,238,13,1
PUMP-0618,69.5,0.53,0.98,12.8,1096,127,26,0
PUMP-0619,70.2,1.82,0.85,10.6,3109,55,8,1
PUMP-0620,67.9,0.58,0.68,28.7,2559,213,0,1
PUMP-0621,67.4,8.33,1.42,4.4,4009,165,5,1
PUMP-0622,65.1,1.78,0.35,10.9,1891,192,28,0
PUMP-0623,61.8,0.99,0.63,6.2,4611,220,3,0
PUMP-0624,63.2,4.74,1.23,17.7,1658,209,5,1
PUMP-0625,74.8,2.61,0.3,24.4,3862,146,30,1
PUMP-0626,72.8,2.86,0.07,6.1,1335,17,18,0
PUMP-0627,67.4,3.37,0.42,0.8,4105,182,25,0
PUMP-0628,74.0,1.91,0.54,2.8,2482,44,24,0
PUMP-0629,75.2,2.28,0.72,12.9,2250,143,15,0
PUMP-0630,76.3,2.69,0.36,12.5,1955,159,17,1
PUMP-0631,73.4,1.57,0.32,10.1,1945,188,25,1
PUMP-0632,79.9,0.83,0.16,22.4,1052,87,21,1
PUMP-0633,51.5,3.69,0.27,10.6,4792,136,24,0
PUMP-0634,82.8,1.12,0.79,5.7,4418,79,7,0
PUMP-0635,76.2,1.63,0.05,8.4,3560,112,27,1
PUMP-0636,70.4,3.47,0.71,5.7,2612,15,19,1
PUMP-0637,69.2,0.48,0.1,7.1,372,157,5,0
PUMP-0638,74.4,0.45,0.73,1.7,2901,111,12,1
PUMP-0639,79.3,0.98,0.26,13.3,929,80,0,0
PUMP-0640,60.7,0.2,0.39,21.6,4751,180,23,1
PUMP-0641,72.6,1.02,0.22,8.6,602,57,19,0
PUMP-0642,85.3,4.15,0.46,6.2,3622,201,0,1
PUMP-0643,47.3,1.49,0.27,2.0,4274,66,8,0
PUMP-0644,62.0,0.55,0.03,3.6,1454,234,1,0
PUMP-0645,64.6,0.2,0.36,1.8,2135,36,19,0
PUMP-0646,80.5,2.59,0.07,6.1,3043,90,17,0
PUMP-0647,78.0,0.88,0.85,12.7,2539,238,14,0
PUMP-0648,74.5,0.62,0.16,7.2,3456,240,29,1
PUMP-0649,68.4,0.65,0.41,13.7,4520,183,14,1
PUMP-0650,60.3,1.04,0.29,11.6,2491,204,16,0
PUMP-0651,55.0,4.48,0.03,1.4,3432,178,17,0
PUMP-0652,70.5,4.19,0.1,4.4,399,218,20,0
PUMP-0653,57.5,0.53,1.13,4.3,4999,180,26,0
PUMP-0654,56.2,1.76,0.28,15.6,3199,58,1,0
PUMP-0655,64.7,2.75,0.42,3.9,2242,119,5,0
PUMP-0656,42.6,1.28,0.1,5.7,3913,233,24,0
PUMP-0657,70.3,1.04,0.66,9.0,2391,224,1,1
PUMP-0658,60.9,2.7,0.13,5.8,4059,22,30,0
PUMP-0659,54.5,2.47,0.55,29.7,3918,60,28,0
PUMP-0660,73.5,2.73,0.84,1.4,1921,179,21,0
PUMP-0661,60.4,1.12,0.52,19.5,2053,117,0,0
PUMP-0662,65.0,0.58,0.28,3.3,4050,127,5,0
PUMP-0663,58.7,7.1,0.21,11.0,3483,4,19,1
PUMP-0664,71.3,7.74,1.29,12.5,4177,112,12,1
PUMP-0665,71.3,0.91,1.12,12.5,3621,217,8,1
PUMP-0666,74.1,0.96,0.15,13.1,2730,63,24,0
PUMP-0667,68.8,0.44,1.0,7.4,1210,118,26,0
PUMP-0668,60.4,3.74,0.94,3.5,4600,206,30,0
PUMP-0669,61.9,0.8,1.06,6.1,2907,27,14,0
PUMP-0670,44.8,1.57,0.52,4.5,3097,135,21,0
PUMP-0671,79.6,1.24,0.15,7.5,1000,129,7,0
PUMP-0672,61.4,0.49,0.31,8.6,3442,23,13,0
PUMP-0673,71.0,3.76,0.14,13.4,394,160,20,1
PUMP-0674,60.9,0.65,0.5,9.9,4615,15,21,0
PUMP-0675,66.6,2.48,0.93,21.9,3003,104,3,1
PUMP-0676,77.9,2.17,0.68,21.0,1197,2,25,0
PUMP-0677,75.8,1.31,0.57,12.1,3262,114,2,0
PUMP-0678,68.6,1.36,0.58,9.8,1097,94,25,1
PUMP-0679,58.3,1.41,0.76,3.2,2772,79,4,0
PUMP-0680,78.4,1.15,0.9,25.0,4830,154,8,0
PUMP-0681,62.9,1.29,0.57,16.4,2347,162,1,1
PUMP-0682,58.3,0.45,0.82,20.7,1749,230,18,0
PUMP-0683,68.3,1.59,0.25,2.4,3700,136,10,0
PUMP-0684,62.0,1.45,0.74,12.6,3203,37,21,0
PUMP-0685,58.8,2.12,1.32,7.4,4329,40,24,0
PUMP-0686,77.3,2.45,0.13,16.0,3363,74,12,1
PUMP-0687,71.5,2.62,0.19,12.4,215,231,26,0
PUMP-0688,66.2,1.39,0.1,8.1,1235,220,16,0
PUMP-0689,74.3,1.03,1.29,4.2,3546,64,12,0
PUMP-0690,57.1,1.7,0.67,16.7,1085,26,25,0
PUMP-0691,64.8,2.24,1.0,5.6,1951,60,0,0
PUMP-0692,60.8,5.27,0.52,19.4,4323,133,19,1
PUMP-0693,49.3,2.37,0.37,13.7,449,20,28,0
PUMP-0694,61.1,0.89,0.33,17.5,3947,201,30,1
PUMP-0695,77.5,6.93,1.22,18.2,2913,66,16,1
PUMP-0696,81.5,0.22,1.04,3.0,2021,146,6,0
PUMP-0697,64.2,2.56,0.17,16.9,3873,131,8,1
PUMP-0698,62.3,1.08,0.25,10.8,2539,25,6,0
PUMP-0699,74.8,8.08,0.41,7.3,2695,14,6,1
PUMP-0700,67.4,3.1,0.56,11.2,4148,110,28,0
PUMP-0701,73.7,5.07,0.12,7.8,1550,206,20,1
PUMP-0702,51.6,2.79,0.28,4.8,1176,79,20,0
PUMP-0703,73.1,1.51,0.33,11.7,4069,167,0,0
PUMP-0704,68.4,2.17,0.11,3.4,866,8,19,0
PUMP-0705,56.4,0.43,0.29,17.9,3617,147,12,0
PUMP-0706,64.0,3.79,1.19,12.5,3562,149,14,1
PUMP-0707,53.1,4.44,0.81,9.6,4735,93,1,0
PUMP-0708,83.2,3.02,0.61,16.4,2152,216,17,1
PUMP-0709,61.0,1.34,0.18,12.4,3656,71,15,0
PUMP-0710,67.7,2.72,0.16,10.7,1283,4,29,0
PUMP-0711,62.7,1.32,1.68,4.6,4526,1,8,0
PUMP-0712,55.6,4.65,2.08,21.3,873,152,7,1
PUMP-0713,66.9,3.06,1.42,3.9,2776,231,14,0
PUMP-0714,67.4,5.97,0.42,15.6,4090,107,22,0
PUMP-0715,70.5,3.2,0.66,20.2,4540,112,12,1
PUMP-0716,51.7,1.89,0.37,10.4,648,143,25,0
PUMP-0717,55.1,0.91,1.02,16.8,2693,20,23,0
PUMP-0718,81.7,1.24,0.7,16.7,141,97,5,0
PUMP-0719,67.5,4.43,0.52,6.7,4733,87,16,1
PUMP-0720,58.3,4.68,0.79,14.4,555,62,12,0
PUMP-0721,71.4,2.52,0.56,8.5,814,110,1,0
PUMP-0722,51.9,2.27,0.5,2.2,4467,126,6,0
PUMP-0723,76.2,1.67,0.89,10.0,4147,163,6,1
PUMP-0724,66.5,6.18,0.79,0.6,987,210,3,0
PUMP-0725,58.2,2.31,0.36,8.2,596,188,18,0
PUMP-0726,63.3,4.55,1.05,7.6,4579,153,27,1
PUMP-0727,50.1,0.88,0.15,18.9,3045,16,28,0
PUMP-0728,81.5,3.15,1.76,21.1,4718,93,20,1
PUMP-0729,75.3,1.41,0.51,13.7,4648,64,29,0
PUMP-0730,65.1,1.62,0.26,8.3,1883,192,3,1
PUMP-0731,64.7,3.69,0.97,14.3,1318,56,30,0
PUMP-0732,66.4,2.97,0.15,1.5,2222,56,20,0
PUMP-0733,73.1,1.73,0.33,15.2,90,219,0,0
PUMP-0734,60.0,4.87,0.57,5.2,3902,67,21,0
PUMP-0735,62.1,2.63,0.77,1.7,1372,146,14,0
PUMP-0736,71.4,4.54,0.36,30.7,2953,201,6,1
PUMP-0737,81.7,1.11,1.39,13.7,1149,49,0,0
PUMP-0738,74.7,4.45,0.35,11.8,2031,57,13,0
PUMP-0739,75.9,0.78,1.39,14.9,2434,2,9,0
PUMP-0740,68.3,1.72,0.59,11.6,1935,46,22,0
PUMP-0741,61.9,1.72,0.39,17.6,3173,90,18,0
PUMP-0742,56.5,2.13,0.4,5.8,1966,124,30,0
PUMP-0743,81.5,2.03,0.56,6.4,2182,87,23,1
PUMP-0744,74.4,0.37,0.4,11.4,2816,201,30,0
PUMP-0745,73.8,5.78,0.74,6.4,623,211,29,1
PUMP-0746,72.9,2.05,0.17,7.1,4640,93,0,0
PUMP-0747,63.7,3.49,0.23,3.4,2850,18,0,0
PUMP-0748,49.7,2.13,0.24,13.3,4984,85,21,0
PUMP-0749,62.2,0.2,0.44,4.5,2367,217,29,0
PUMP-0750,65.1,1.46,0.08,6.1,1581,179,26,0
PUMP-0751,53.9,2.74,2.2,24.5,2539,129,14,0
PUMP-0752,64.0,0.84,0.18,6.9,1181,56,21,0
PUMP-0753,72.6,1.05,0.09,15.3,4099,99,18,1
PUMP-0754,46.5,0.46,0.75,18.6,2388,162,16,0
PUMP-0755,70.5,2.18,0.57,7.1,3473,37,30,1
PUMP-0756,66.0,3.0,0.44,6.4,2558,133,1,0
PUMP-0757,70.2,1.88,0.51,3.8,997,110,30,1
PUMP-0758,48.9,2.84,0.74,0.8,1648,114,22,0
PUMP-0759,60.8,2.39,0.36,12.0,2686,42,30,0
PUMP-0760,80.5,2.27,0.58,4.6,2384,227,1,1
PUMP-0761,53.1,5.58,1.59,13.5,4866,89,10,0
PUMP-0762,71.1,2.2,0.76,4.0,3971,126,13,0
PUMP-0763,60.2,2.09,0.8,5.9,2274,221,8,0
PUMP-0764,55.4,1.14,0.22,10.1,1812,92,30,0
PUMP-0765,80.2,0.29,1.57,16.7,548,236,10,0
PUMP-0766,62.6,2.38,1.83,6.1,1118,186,22,0
PUMP-0767,71.1,1.04,1.46,5.8,4120,168,19,0
PUMP-0768,69.1,3.03,1.3,0.6,4691,142,7,0
PUMP-0769,51.8,0.43,1.03,7.1,4077,113,11,0
PUMP-0770,59.4,3.11,1.7,12.7,312,19,14,0
PUMP-0771,53.6,3.61,0.57,3.6,1012,225,15,0
PUMP-0772,60.2,6.43,1.0,4.5,2209,91,3,1
PUMP-0773,69.6,5.13,0.3,3.5,3888,159,0,1
PUMP-0774,77.9,0.27,1.03,1.8,1083,207,20,0
PUMP-0775,59.7,1.36,0.87,12.2,3743,70,15,0
PUMP-0776,79.9,1.02,0.27,5.5,1647,122,29,0
PUMP-0777,52.8,1.59,0.7,8.0,288,49,19,0
PUMP-0778,62.0,2.53,0.65,3.4,4649,87,23,0
PUMP-0779,94.9,2.31,0.83,18.3,4156,240,13,1
PUMP-0780,48.7,1.56,0.52,1.8,1189,143,3,0
PUMP-0781,60.3,0.81,1.05,13.7,1428,229,23,0
PUMP-0782,61.5,3.79,0.4,11.3,4127,43,6,0
PUMP-0783,58.1,0.61,0.62,7.0,3035,58,17,0
PUMP-0784,75.1,3.16,0.82,0.9,3671,83,23,1
PUMP-0785,78.9,2.59,0.58,8.3,2756,181,9,0
PUMP-0786,55.2,0.69,0.71,7.5,3402,138,24,0
PUMP-0787,69.9,1.19,0.77,6.1,4940,53,2,0
PUMP-0788,74.2,5.82,0.57,10.6,3844,160,24,1
PUMP-0789,74.3,0.97,0.29,6.6,4836,92,20,0
PUMP-0790,76.5,3.44,1.12,10.6,1164,44,5,0
PUMP-0791,64.8,1.0,0.49,8.2,1527,18,9,0
PUMP-0792,60.6,0.6,0.69,10.1,3632,115,0,0
PUMP-0793,65.8,1.22,0.08,1.2,3718,168,5,1
PUMP-0794,64.8,4.14,0.68,8.4,3607,4,22,1
PUMP-0795,65.7,2.0,0.7,8.9,139,104,3,0
PUMP-0796,75.5,0.74,0.61,24.7,243,205,19,1
PUMP-0797,67.6,2.45,1.15,4.5,3036,33,10,0
PUMP-0798,66.6,1.81,1.13,14.6,2019,98,5,0
PUMP-0799,69.6,2.36,0.41,14.4,80,84,8,1
PUMP-0800,69.8,0.85,0.95,16.5,4752,63,12,0
PUMP-0801,79.8,0.85,1.41,11.8,3697,87,4,0
PUMP-0802,81.0,5.12,0.21,11.7,4728,216,7,1
PUMP-0803,62.5,2.28,0.16,1.8,1640,42,0,0
PUMP-0804,69.3,4.65,0.16,3.9,2902,92,17,1
PUMP-0805,73.2,0.79,1.21,6.3,1591,113,2,0
PUMP-0806,67.0,1.03,1.08,6.3,1178,191,21,0
PUMP-0807,53.3,0.32,1.15,8.0,1066,152,20,0
PUMP-0808,72.4,1.32,0.49,23.9,1464,23,3,0
PUMP-0809,65.6,8.23,0.6,7.5,3338,31,24,0
PUMP-0810,67.6,1.86,0.16,2.4,81,88,26,0
PUMP-0811,67.5,2.1,1.08,27.6,2010,57,14,1
PUMP-0812,56.0,1.21,0.4,15.2,3480,119,5,0
PUMP-0813,65.9,3.26,0.67,12.4,3169,9,10,0
PUMP-0814,56.1,3.64,0.91,18.0,1535,92,30,0
PUMP-0815,70.9,2.97,0.17,6.4,1957,10,5,0
PUMP-0816,60.8,3.48,0.85,12.1,4427,205,1,0
PUMP-0817,61.0,2.91,0.43,2.4,4917,201,19,0
PUMP-0818,57.1,0.59,0.35,14.3,4528,49,5,0
PUMP-0819,60.0,0.35,1.66,2.2,384,59,30,0
PUMP-0820,61.5,4.1,0.41,16.7,993,119,25,0
PUMP-0821,74.6,1.79,0.88,8.7,2522,155,11,1
PUMP-0822,67.4,1.98,0.29,6.3,4959,36,25,0
PUMP-0823,64.9,1.52,0.17,17.0,2451,123,28,0
PUMP-0824,53.2,4.41,1.66,22.2,286,233,2,0
PUMP-0825,64.1,3.26,0.1,22.7,1179,163,23,1
PUMP-0826,73.5,0.21,0.98,15.2,2067,132,2,0
PUMP-0827,69.7,4.21,0.69,5.0,4957,132,23,0
PUMP-0828,62.3,2.13,1.41,21.4,1400,170,6,1
PUMP-0829,67.9,4.07,0.25,11.5,3169,57,3,0
PUMP-0830,56.2,3.01,0.43,10.9,2528,108,20,0
PUMP-0831,58.4,2.55,0.59,13.3,2590,4,27,0
PUMP-0832,60.6,1.16,0.2,6.0,2394,50,8,0
PUMP-0833,65.1,0.29,1.24,16.7,3767,142,24,1
PUMP-0834,62.7,2.37,0.75,21.7,2372,182,19,0
PUMP-0835,72.2,2.31,0.11,11.2,4470,73,4,0
PUMP-0836,76.3,0.87,0.5,3.9,1468,7,26,0
PUMP-0837,63.1,0.62,0.84,8.2,286,125,26,0
PUMP-0838,82.3,3.06,0.39,3.7,612,157,3,0
PUMP-0839,82.9,2.48,1.04,26.4,110,129,7,1
PUMP-0840,57.4,1.96,0.79,12.7,3775,190,8,1
PUMP-0841,59.3,4.53,0.32,6.2,3643,168,29,1
PUMP-0842,66.1,2.2,0.62,17.9,1202,232,17,1
PUMP-0843,71.6,2.8,1.45,16.6,407,136,3,0
PUMP-0844,75.5,1.76,0.05,15.4,604,160,25,0
PUMP-0845,88.6,3.89,0.61,21.0,3164,67,9,1
PUMP-0846,67.6,2.91,0.06,2.0,587,231,20,0
PUMP-0847,60.0,1.72,0.41,7.7,2192,34,6,0
PUMP-0848,65.5,3.33,1.3,16.0,4179,95,17,0
PUMP-0849,64.4,1.75,0.99,2.2,624,224,28,0
PUMP-0850,86.1,4.17,0.72,17.1,3164,195,16,0
PUMP-0851,67.0,9.17,0.48,19.2,2717,49,30,1
PUMP-0852,70.0,1.64,0.35,7.9,756,162,7,0
PUMP-0853,68.0,0.31,0.83,5.8,2331,167,29,1
PUMP-0854,66.4,1.12,1.65,9.9,2644,9,26,0
PUMP-0855,63.3,1.14,1.94,17.3,4976,106,29,1
PUMP-0856,77.8,4.52,0.4,7.7,1792,159,1,1
PUMP-0857,61.6,3.21,0.16,0.4,512,166,20,0
PUMP-0858,80.4,1.41,0.37,16.1,3112,159,29,0
PUMP-0859,76.7,4.63,0.61,17.4,1946,218,11,1
PUMP-0860,65.2,3.73,0.25,13.9,2485,134,24,0
PUMP-0861,67.6,3.58,0.1,15.5,4250,60,29,0
PUMP-0862,82.0,1.93,0.41,10.0,1534,178,10,0
PUMP-0863,68.2,1.52,0.31,2.9,101,205,9,0
PUMP-0864,65.5,2.24,0.54,14.2,1616,29,30,0
PUMP-0865,55.0,0.35,0.81,16.1,3768,27,12,0
PUMP-0866,70.3,1.37,0.43,10.2,3407,194,5,0
PUMP-0867,71.1,0.96,0.35,5.7,2896,103,5,0
PUMP-0868,68.0,3.77,1.76,7.7,2324,210,17,1
PUMP-0869,84.1,5.41,0.65,1.2,1610,119,23,1
PUMP-0870,51.2,0.48,0.39,4.5,824,178,30,0
PUMP-0871,58.0,1.41,0.31,0.9,301,11,20,0
PUMP-0872,59.0,2.12,2.18,10.6,4596,93,30,1
PUMP-0873,59.3,3.65,0.28,15.2,3990,238,24,1
PUMP-0874,77.7,4.05,1.19,8.4,1317,37,3,0
PUMP-0875,64.0,2.05,0.66,12.1,1857,41,18,0
PUMP-0876,63.7,2.9,0.72,13.0,2981,240,29,1
PUMP-0877,80.1,3.33,0.71,14.8,4868,111,16,0
PUMP-0878,67.7,1.2,0.3,5.1,2018,176,26,0
PUMP-0879,55.9,0.99,0.44,2.4,2178,175,17,0
PUMP-0880,83.2,3.7,0.69,7.7,3492,41,26,1
PUMP-0881,67.9,0.98,0.19,4.1,634,113,7,0
PUMP-0882,65.0,1.9,0.78,1.9,4871,173,1,1
PUMP-0883,73.9,4.34,0.19,17.4,2749,92,22,1
PUMP-0884,66.6,8.21,0.8,9.7,2530,107,17,1
PUMP-0885,68.7,2.22,0.47,11.4,4132,130,20,1
PUMP-0886,76.7,0.65,0.71,3.6,735,122,2,0
PUMP-0887,69.1,2.37,0.82,13.5,4901,198,20,0
PUMP-0888,64.3,0.92,0.94,30.2,1765,110,22,0
PUMP-0889,66.5,1.59,0.9,32.5,4190,59,25,1
PUMP-0890,59.8,2.25,0.63,7.6,4098,168,17,1
PUMP-0891,58.0,3.31,0.12,12.1,2231,164,13,0
PUMP-0892,77.5,5.59,0.61,1.2,1548,124,10,0
PUMP-0893,53.7,3.18,0.34,10.8,2541,173,18,1
PUMP-0894,58.8,3.04,0.15,20.8,2640,225,8,1
PUMP-0895,78.5,3.88,0.1,12.5,4820,4,5,0
PUMP-0896,67.2,2.95,0.72,1.8,2353,83,14,0
PUMP-0897,75.1,1.17,0.58,16.8,4294,110,28,1
PUMP-0898,60.7,0.92,0.54,10.9,1589,28,19,0
PUMP-0899,67.2,0.53,0.93,5.9,4302,196,20,0
PUMP-0900,60.0,2.99,0.19,5.6,3441,3,1,0
PUMP-0901,68.1,1.8,0.46,7.4,1419,121,19,0
PUMP-0902,56.9,0.59,0.88,17.0,647,94,21,0
PUMP-0903,58.9,0.56,0.42,8.7,3902,174,2,0
PUMP-0904,46.6,1.12,0.22,3.5,4903,34,25,0
PUMP-0905,60.3,1.45,0.34,2.7,597,143,26,0
PUMP-0906,81.8,1.24,1.0,1.9,4394,210,13,1
PUMP-0907,61.4,2.17,1.23,10.7,2397,215,17,0
PUMP-0908,82.2,1.06,0.53,13.0,3634,9,17,0
PUMP-0909,70.1,7.47,0.7,7.1,4058,11,15,1
PUMP-0910,57.4,2.04,1.3,15.6,4389,118,18,0
PUMP-0911,79.0,1.17,1.54,0.7,4364,39,27,0
PUMP-0912,75.5,1.55,0.38,19.0,4313,105,25,0
PUMP-0913,68.3,0.71,1.04,9.5,1950,127,11,0
PUMP-0914,85.5,9.15,1.69,14.1,1291,192,7,1
PUMP-0915,82.8,1.77,0.23,13.4,119,24,24,0
PUMP-0916,47.3,1.79,1.04,1.8,497,48,16,0
PUMP-0917,83.0,2.95,0.53,7.6,1522,38,9,0
PUMP-0918,70.8,0.2,0.38,19.5,2379,148,21,1
PUMP-0919,75.2,1.33,1.11,8.0,3765,14,30,0
PUMP-0920,56.7,2.92,1.2,3.0,2615,173,11,0
PUMP-0921,60.6,0.27,0.66,5.2,2094,162,12,0
PUMP-0922,68.2,1.97,0.38,2.3,2023,75,24,1
PUMP-0923,65.1,1.17,1.42,11.6,2306,174,5,0
PUMP-0924,69.1,5.8,1.24,20.7,4830,56,21,0
PUMP-0925,75.8,0.68,0.7,7.6,1613,61,29,0
PUMP-0926,88.0,4.18,0.33,9.5,2019,147,24,1
PUMP-0927,46.5,2.74,1.22,2.2,1132,123,25,0
PUMP-0928,73.5,1.78,0.26,0.7,2253,90,9,0
PUMP-0929,71.4,2.44,0.25,7.0,3750,217,15,1
PUMP-0930,59.6,3.73,0.57,2.1,1367,51,18,0
PUMP-0931,51.6,3.23,0.25,3.5,205,39,19,0
PUMP-0932,64.6,2.75,0.87,4.3,4024,237,24,0
PUMP-0933,69.5,2.24,0.51,11.8,3912,91,25,0
PUMP-0934,68.9,2.06,0.42,9.5,2087,59,30,0
PUMP-0935,59.7,2.03,0.55,2.4,2603,160,24,1
PUMP-0936,61.8,4.52,0.28,3.1,4202,16,26,0
PUMP-0937,61.4,4.76,0.47,3.9,4785,12,1,0
PUMP-0938,72.7,3.41,0.32,19.4,4567,3,16,0
PUMP-0939,80.8,1.13,0.26,12.9,463,208,25,0
PUMP-0940,71.7,0.5,0.61,14.2,3064,173,2,0
PUMP-0941,67.6,8.02,0.3,9.9,1221,120,16,0
PUMP-0942,72.4,2.69,0.21,9.9,1691,33,8,0
PUMP-0943,67.4,1.36,0.12,6.5,388,167,9,0
PUMP-0944,74.5,1.67,0.87,11.6,1534,91,30,0
PUMP-0945,61.8,2.42,0.23,3.7,3281,170,14,0
PUMP-0946,55.3,3.21,0.21,17.3,871,190,23,0
PUMP-0947,67.1,2.34,0.15,7.1,1882,83,8,0
PUMP-0948,72.0,3.63,0.28,1.1,1091,129,16,1
PUMP-0949,76.2,1.15,0.26,7.3,1442,140,26,0
PUMP-0950,70.0,1.26,1.0,7.6,3540,34,21,1
PUMP-0951,66.8,1.23,0.64,9.1,2726,239,12,1
PUMP-0952,63.1,5.97,0.74,19.9,2413,6,23,0
PUMP-0953,49.2,1.14,0.81,15.9,1622,59,24,0
PUMP-0954,67.0,0.87,1.11,21.6,3608,205,26,0
PUMP-0955,72.0,8.3,0.45,5.0,4026,135,28,1
PUMP-0956,69.2,2.82,1.31,4.3,3047,87,9,0
PUMP-0957,59.2,0.44,0.61,7.6,2817,200,21,1
PUMP-0958,78.6,1.84,0.5,13.4,3281,199,29,1
PUMP-0959,58.5,1.12,0.21,11.6,3041,56,4,0
PUMP-0960,69.4,2.18,0.2,8.2,1481,139,3,0
PUMP-0961,81.0,2.15,0.37,8.4,474,60,6,0
PUMP-0962,67.7,3.69,0.28,12.0,594,222,3,0
PUMP-0963,58.2,1.63,0.59,5.3,268,230,14,0
PUMP-0964,64.7,1.81,0.39,7.6,4112,208,11,0
PUMP-0965,60.5,2.71,0.45,9.9,4023,231,0,1
PUMP-0966,57.4,1.1,0.73,22.6,303,225,23,0
PUMP-0967,71.6,3.21,0.33,0.3,3327,23,13,0
PUMP-0968,67.4,2.7,0.87,10.5,452,59,12,0
PUMP-0969,79.2,1.08,1.03,3.9,661,85,27,1
PUMP-0970,56.9,2.81,0.86,6.4,4480,236,30,0
PUMP-0971,67.5,1.62,0.2,9.3,3972,152,30,0
PUMP-0972,81.0,2.55,0.16,18.4,2683,85,29,1
PUMP-0973,62.1,3.2,0.97,3.5,972,162,3,0
PUMP-0974,67.5,1.78,0.4,4.2,2154,230,28,0
PUMP-0975,50.5,1.85,0.7,0.9,4504,126,27,0
PUMP-0976,62.0,2.88,0.51,6.0,1240,219,19,0
PUMP-0977,73.5,2.46,0.86,7.9,2750,88,16,0
PUMP-0978,71.2,1.49,0.6,9.9,4770,46,22,0
PUMP-0979,59.8,1.59,1.11,13.2,2658,44,16,0
PUMP-0980,80.4,2.28,0.33,10.2,1941,154,4,0
PUMP-0981,72.6,5.84,0.38,8.4,3833,121,14,1
PUMP-0982,72.2,2.05,0.87,8.4,769,17,19,0
PUMP-0983,78.8,5.25,0.43,20.3,3594,64,6,1
PUMP-0984,78.2,4.11,0.15,24.2,4625,166,11,1
PUMP-0985,79.7,2.16,0.75,7.6,4642,238,13,0
PUMP-0986,75.0,1.46,0.19,8.3,3454,129,18,1
PUMP-0987,70.7,3.74,0.17,21.5,2683,185,26,1
PUMP-0988,73.1,3.19,0.45,9.3,99,47,0,0
PUMP-0989,79.4,3.16,0.8,15.7,2296,50,21,0
PUMP-0990,65.8,3.02,0.19,2.6,185,1,30,0
PUMP-0991,71.0,0.97,0.15,1.9,3946,225,14,0
PUMP-0992,63.7,1.93,0.3,10.0,4437,90,7,0
PUMP-0993,71.1,0.94,0.72,6.4,1863,193,7,0
PUMP-0994,58.1,3.99,0.37,6.2,3194,203,6,1
PUMP-0995,69.6,3.07,0.74,6.6,357,232,22,1
PUMP-0996,72.2,3.51,0.45,24.1,4623,51,29,0
PUMP-0997,72.5,1.24,0.42,18.1,952,38,5,0
PUMP-0998,58.8,3.81,0.67,9.5,557,26,20,0
PUMP-0999,69.0,2.18,0.67,17.8,2592,163,1,0
PUMP-1000,69.4,3.46,0.46,15.4,4954,171,26,1
PUMP-1001,73.1,0.88,2.0,8.4,4892,47,29,0
PUMP-1002,55.2,2.85,0.29,7.7,2832,183,2,0
PUMP-1003,82.4,4.05,0.32,8.8,2880,107,21,0
PUMP-1004,70.6,2.65,0.62,17.0,4522,24,25,0
PUMP-1005,56.5,0.43,1.27,3.3,4283,196,2,1
PUMP-1006,61.2,1.34,0.29,17.6,3273,143,2,0
PUMP-1007,61.4,1.49,0.5,4.9,3800,144,13,0
PUMP-1008,64.2,2.82,0.21,8.4,4840,51,8,0
PUMP-1009,75.5,0.53,3.2,9.3,3093,35,18,1
PUMP-1010,73.7,2.78,0.25,8.4,2067,22,4,0
PUMP-1011,66.9,2.13,1.52,13.6,886,54,0,1
PUMP-1012,51.2,0.56,0.99,13.4,3904,106,28,0
PUMP-1013,47.4,1.64,0.65,1.2,2775,62,26,0
PUMP-1014,55.5,1.34,0.91,18.6,1993,83,25,0
PUMP-1015,66.7,3.11,0.43,2.9,2287,68,8,0
PUMP-1016,55.6,5.05,0.23,13.0,3667,108,21,1
PUMP-1017,65.0,1.57,0.26,2.6,1217,216,14,0
PUMP-1018,74.0,2.75,0.31,8.4,591,105,25,0
PUMP-1019,55.4,2.41,0.24,18.9,1554,232,15,0
PUMP-1020,67.3,3.54,0.36,2.0,2954,176,0,0
PUMP-1021,49.5,4.67,0.97,12.6,1868,54,8,0
PUMP-1022,67.2,4.16,1.52,9.3,4838,227,1,1
PUMP-1023,57.2,0.28,0.74,3.9,1741,6,25,0
PUMP-1024,74.8,2.95,1.18,22.5,690,227,27,1
PUMP-1025,75.5,0.92,0.94,19.7,2311,48,0,0
PUMP-1026,68.1,2.72,1.24,15.6,3634,144,12,1
PUMP-1027,89.7,0.44,0.19,8.3,2328,51,24,0
PUMP-1028,81.9,0.81,0.64,35.0,2576,111,13,1
PUMP-1029,71.6,3.85,0.41,4.5,2598,147,21,0
PUMP-1030,62.2,0.2,0.6,9.4,2526,50,21,0
PUMP-1031,66.3,3.03,0.52,4.6,3271,87,0,0
PUMP-1032,65.5,0.77,0.62,4.5,1674,53,17,0
PUMP-1033,74.7,1.71,0.53,5.7,3614,34,30,0
PUMP-1034,81.4,2.62,0.41,10.3,3306,66,0,1
PUMP-1035,61.8,1.0,0.37,0.3,2728,200,25,0
PUMP-1036,66.0,2.16,1.03,6.0,814,37,29,0
PUMP-1037,65.1,2.36,0.85,10.0,4027,218,17,0
PUMP-1038,64.2,0.87,1.05,14.3,797,217,24,0
PUMP-1039,69.3,1.93,0.54,15.7,3818,11,1,0
PUMP-1040,60.8,1.72,1.55,7.1,1493,227,9,0
PUMP-1041,62.8,0.48,0.74,7.9,2293,194,6,0
PUMP-1042,65.7,1.31,1.04,1.1,2621,5,9,0
PUMP-1043,62.7,1.03,0.12,5.6,940,166,30,0
PUMP-1044,78.5,0.84,0.38,23.3,4857,13,29,0
PUMP-1045,69.4,2.18,0.18,11.6,1289,123,9,0
PUMP-1046,76.9,1.96,0.65,11.0,1221,187,19,1
PUMP-1047,58.1,1.45,0.09,3.4,4652,23,21,0
PUMP-1048,56.8,1.22,0.36,3.7,1253,216,16,0
PUMP-1049,71.0,0.82,1.48,2.5,3072,132,25,1
PUMP-1050,65.8,2.41,1.48,24.0,3632,187,25,1
PUMP-1051,61.6,0.52,0.64,11.9,2453,103,0,0
PUMP-1052,75.8,2.87,0.03,1.8,1915,51,11,0
PUMP-1053,82.7,0.54,0.12,4.1,2042,181,3,1
PUMP-1054,66.9,1.12,3.2,16.7,1938,112,21,0
PUMP-1055,58.0,0.9,0.55,17.0,4281,76,2,0
PUMP-1056,68.0,7.44,0.4,13.2,2071,108,8,1
PUMP-1057,63.8,2.25,0.47,8.3,2989,145,27,0
PUMP-1058,55.0,3.31,0.21,8.8,980,29,21,0
PUMP-1059,61.6,0.2,0.72,14.0,4941,12,24,0
PUMP-1060,72.5,1.97,1.4,4.1,1350,52,23,0
PUMP-1061,56.8,1.22,0.23,3.0,2714,180,7,0
PUMP-1062,87.1,3.46,0.48,21.3,769,65,16,1
PUMP-1063,59.9,1.11,0.2,9.9,140,195,4,0
PUMP-1064,71.6,1.68,0.8,1.7,1316,122,12,0
PUMP-1065,80.3,2.42,2.6,2.9,1004,231,18,0
PUMP-1066,73.6,1.68,1.84,2.4,1277,85,28,1
PUMP-1067,71.5,3.13,0.96,17.8,2736,147,0,1
PUMP-1068,81.7,1.69,0.55,1.7,3524,213,23,1
PUMP-1069,55.1,2.74,1.25,3.1,2300,4,5,0
PUMP-1070,67.0,4.05,0.75,9.0,1991,170,13,0
PUMP-1071,63.8,3.12,0.23,2.6,2697,137,15,1
PUMP-1072,81.0,1.04,0.16,15.3,3205,78,14,1
PUMP-1073,66.4,0.36,0.42,12.5,4359,99,20,0
PUMP-1074,67.0,2.34,0.25,8.6,1690,80,23,0
PUMP-1075,51.5,2.77,0.78,12.7,1846,164,6,0
PUMP-1076,53.6,1.3,0.82,22.3,3178,107,25,0
PUMP-1077,55.0,0.38,0.37,7.6,1884,5,24,0
PUMP-1078,76.4,2.91,0.71,8.6,4362,48,30,0
PUMP-1079,58.6,2.94,0.13,1.6,3976,197,22,0
PUMP-1080,55.5,4.61,0.25,8.7,3371,77,22,0
PUMP-1081,71.8,0.2,0.34,12.0,3945,109,4,1
PUMP-1082,44.1,1.15,0.35,6.7,256,225,21,0
PUMP-1083,67.1,1.13,0.94,11.6,4871,110,9,0
PUMP-1084,62.6,0.73,0.47,3.6,4823,170,21,0
PUMP-1085,66.7,1.11,0.78,4.6,1853,169,10,1
PUMP-1086,61.4,1.02,0.64,4.9,4657,180,20,0
PUMP-1087,64.3,5.81,0.05,6.7,4947,193,30,1
PUMP-1088,72.5,1.81,0.19,7.3,4167,165,25,0
PUMP-1089,54.6,0.65,0.43,8.8,2879,211,5,0
PUMP-1090,73.2,1.64,0.58,16.1,3109,214,4,0
PUMP-1091,87.7,3.05,0.48,7.1,2483,95,0,1
PUMP-1092,80.0,0.89,0.77,7.6,2168,64,1,0
PUMP-1093,70.1,2.64,0.5,8.2,4266,103,22,0
PUMP-1094,71.6,1.07,0.45,11.9,2416,117,23,0
PUMP-1095,73.5,0.97,1.09,8.5,4770,105,28,1
PUMP-1096,59.0,2.55,0.38,2.0,3513,155,1,0
PUMP-1097,52.7,5.95,0.46,6.6,4136,108,8,0
PUMP-1098,71.6,1.66,0.52,21.4,1764,8,22,0
PUMP-1099,75.2,1.17,0.46,10.2,808,76,25,0
PUMP-1100,65.1,1.21,0.95,12.4,1419,165,20,0
PUMP-1101,65.9,8.85,0.68,28.1,1845,86,14,1
PUMP-1102,66.8,1.34,0.55,7.3,659,49,13,0
PUMP-1103,61.3,1.64,0.99,14.2,380,113,26,1
PUMP-1104,68.5,4.43,1.23,0.5,2198,92,3,0
PUMP-1105,73.1,0.71,0.48,4.2,2567,134,3,0
PUMP-1106,54.4,2.29,0.29,2.8,3269,128,0,0
PUMP-1107,65.9,1.19,0.18,12.5,3219,94,6,0
PUMP-1108,54.0,0.69,0.48,5.6,3797,211,10,0
PUMP-1109,69.7,3.99,0.79,5.5,4087,144,7,1
PUMP-1110,73.2,8.24,0.15,14.4,3858,62,20,1
PUMP-1111,64.6,0.83,1.53,11.5,4337,106,4,1
PUMP-1112,71.2,0.55,0.59,11.9,684,68,0,0
PUMP-1113,65.4,2.05,0.42,5.7,2786,174,1,1
PUMP-1114,57.1,1.36,0.57,0.7,3804,131,12,0
PUMP-1115,53.7,1.89,0.14,13.4,310,11,24,0
PUMP-1116,74.8,1.12,0.76,4.4,4955,214,22,0
PUMP-1117,73.2,1.67,0.6,9.8,1109,235,11,1
PUMP-1118,81.1,1.55,0.86,12.3,4314,168,6,0
PUMP-1119,61.7,1.71,0.78,16.4,1620,226,0,1
PUMP-1120,69.2,2.53,0.59,25.9,3146,170,28,1
PUMP-1121,66.3,2.73,0.27,2.6,2720,26,4,0
PUMP-1122,66.7,0.74,0.22,11.3,4962,85,30,0
PUMP-1123,63.3,5.11,1.52,15.4,3210,89,22,1
PUMP-1124,74.4,0.3,0.52,17.0,839,59,21,0
PUMP-1125,77.5,1.2,0.71,10.6,3762,153,24,0
PUMP-1126,64.5,0.28,0.51,3.7,584,230,18,0
PUMP-1127,67.7,0.39,2.35,21.7,3101,107,21,0
PUMP-1128,54.6,1.45,0.93,17.4,1563,73,26,0
PUMP-1129,67.4,8.36,1.07,6.0,761,215,19,1
PUMP-1130,56.5,2.69,0.07,18.5,4509,83,11,0
PUMP-1131,68.0,3.03,0.12,11.1,3212,64,25,0
PUMP-1132,63.8,2.33,0.23,26.0,184,44,5,0
PUMP-1133,69.1,0.37,0.76,11.4,1272,57,7,0
PUMP-1134,79.5,1.49,1.42,5.8,2727,138,13,0
PUMP-1135,81.7,3.17,0.4,7.9,1064,196,9,1
PUMP-1136,74.6,4.17,0.86,8.5,2806,120,7,0
PUMP-1137,72.5,2.52,0.56,6.8,986,14,18,0
PUMP-1138,89.0,4.17,1.21,8.4,293,239,24,1
PUMP-1139,56.8,2.23,0.1,11.5,4088,72,26,0
PUMP-1140,76.2,3.44,1.26,6.6,223,102,14,0
PUMP-1141,67.6,5.43,1.24,14.2,3840,18,27,1
PUMP-1142,59.3,2.64,1.57,2.7,1078,12,3,0
PUMP-1143,68.2,1.75,0.05,21.1,3139,91,19,0
PUMP-1144,72.2,0.54,0.32,13.9,1429,85,18,0
PUMP-1145,67.6,1.46,0.74,11.9,1833,29,16,0
PUMP-1146,54.9,1.09,0.02,12.3,3174,42,4,0
PUMP-1147,67.7,2.7,0.56,8.5,2837,137,18,1
PUMP-1148,57.7,0.29,1.16,16.6,4726,207,27,0
PUMP-1149,72.5,0.96,0.08,26.8,2923,213,12,0
PUMP-1150,61.7,3.77,0.29,13.4,3883,35,4,0
PUMP-1151,67.0,0.91,1.03,15.7,2451,14,6,0
PUMP-1152,66.0,1.23,0.59,2.2,1206,168,27,0
PUMP-1153,53.4,2.31,0.1,14.2,251,15,9,0
PUMP-1154,66.2,1.64,0.3,5.2,1799,100,29,0
PUMP-1155,75.0,1.21,0.12,13.2,248,204,7,0
PUMP-1156,69.9,2.1,2.0,15.0,4810,135,16,0
PUMP-1157,68.6,1.9,0.21,0.5,2255,222,24,0
PUMP-1158,67.0,1.6,0.24,18.5,2015,104,13,0
PUMP-1159,60.5,1.36,0.17,6.8,4026,202,0,0
PUMP-1160,78.1,1.73,1.56,13.2,4242,41,2,0
PUMP-1161,48.7,3.44,0.1,13.7,651,217,0,0
PUMP-1162,72.9,1.94,0.62,8.3,990,113,17,0
PUMP-1163,86.9,1.33,1.28,11.1,1328,102,23,0
PUMP-1164,49.4,2.59,0.31,20.9,3920,100,14,0
PUMP-1165,66.8,0.84,0.89,5.0,2256,200,9,0
PUMP-1166,74.1,2.54,0.34,21.3,1653,108,11,0
PUMP-1167,55.1,1.5,0.66,8.8,259,116,17,0
PUMP-1168,59.4,2.06,0.79,8.1,1143,142,29,0
PUMP-1169,70.4,2.1,1.23,5.2,4351,57,25,0
PUMP-1170,56.9,0.65,0.63,6.4,2506,116,25,0
PUMP-1171,38.0,1.83,0.68,2.9,4482,229,18,0
PUMP-1172,70.3,1.69,0.53,2.0,2721,12,5,0
PUMP-1173,77.0,3.52,1.54,28.1,3813,210,4,0
PUMP-1174,70.3,0.82,0.2,0.7,4560,163,9,0
PUMP-1175,77.9,1.03,1.08,3.4,3158,92,1,0
PUMP-1176,80.5,0.42,0.2,0.9,244,125,10,0
PUMP-1177,73.7,0.83,0.46,6.0,4379,163,7,0
PUMP-1178,77.0,2.2,0.63,2.6,3641,208,12,0
PUMP-1179,63.6,1.34,0.49,7.6,2490,59,22,0
PUMP-1180,63.1,0.26,0.23,12.6,3436,54,25,0
PUMP-1181,79.7,0.61,0.31,10.1,4360,105,8,0
PUMP-1182,77.0,1.93,0.25,1.1,4669,119,21,1
PUMP-1183,54.7,4.26,0.32,1.2,3532,198,12,1
PUMP-1184,76.7,3.31,0.48,17.3,1295,201,14,0
PUMP-1185,72.1,5.42,0.79,3.2,1897,195,29,1
PUMP-1186,75.2,0.59,0.81,11.6,3574,198,8,0
PUMP-1187,64.4,3.05,0.5,11.2,640,95,28,1
PUMP-1188,82.7,2.62,1.64,5.2,1337,73,28,0
PUMP-1189,75.3,1.19,0.39,5.6,1513,139,11,0
PUMP-1190,53.7,0.41,0.27,22.8,3664,218,12,0
PUMP-1191,78.8,2.66,1.67,12.3,3705,221,22,1
PUMP-1192,59.9,2.62,0.26,13.1,4392,127,2,0
PUMP-1193,74.1,0.78,0.64,8.7,2449,54,29,0
PUMP-1194,75.7,4.95,0.77,1.2,2083,166,17,1
PUMP-1195,69.8,7.18,0.6,7.9,4767,129,18,1
PUMP-1196,76.7,4.6,0.82,7.5,2904,183,12,0
PUMP-1197,71.9,0.61,0.2,16.0,1422,73,10,0
PUMP-1198,45.6,2.2,0.53,10.0,2971,116,10,0
PUMP-1199,65.6,4.0,0.76,1.3,1254,127,9,0
PUMP-1200,75.5,0.73,0.52,12.5,4290,126,7,0
PUMP-1201,56.1,1.77,0.56,3.1,1844,116,23,0
PUMP-1202,76.3,4.19,0.69,8.3,212,21,25,1
PUMP-1203,76.2,0.65,0.28,7.1,4622,187,11,1
PUMP-1204,65.3,0.46,1.49,14.0,3611,114,8,0
PUMP-1205,81.8,2.12,0.49,11.4,1211,197,21,1
PUMP-1206,64.8,0.48,0.34,17.0,2286,34,30,0
PUMP-1207,85.6,1.52,0.77,11.3,3049,102,22,0
PUMP-1208,71.8,1.62,0.82,1.9,3142,226,13,0
PUMP-1209,66.4,3.28,0.39,17.7,3028,201,11,1
PUMP-1210,80.6,0.55,0.15,21.5,4746,98,15,0
PUMP-1211,71.0,2.73,0.64,6.2,4900,10,30,0
PUMP-1212,64.5,3.35,0.69,12.7,3997,30,4,0
PUMP-1213,78.2,1.83,1.32,16.9,3430,238,15,1
PUMP-1214,63.6,1.65,0.4,19.4,1637,100,17,0
PUMP-1215,66.3,0.83,1.23,7.9,2505,75,21,0
PUMP-1216,82.3,2.2,0.27,5.6,5000,194,22,0
PUMP-1217,53.9,2.26,0.03,7.8,132,230,15,0
PUMP-1218,60.6,1.4,1.21,8.5,2322,121,25,1
PUMP-1219,62.5,0.62,1.46,14.5,1106,216,28,0
PUMP-1220,51.5,1.82,0.77,5.9,2742,147,17,0
PUMP-1221,78.2,1.34,0.69,3.2,4477,78,19,0
PUMP-1222,65.5,1.31,1.27,19.1,2652,107,3,0
PUMP-1223,70.3,2.06,0.18,7.9,979,154,18,0
PUMP-1224,71.4,1.36,0.29,0.4,4881,29,11,0
PUMP-1225,76.7,4.18,1.59,32.7,1470,239,29,1
PUMP-1226,76.9,1.85,0.5,2.9,4249,66,28,0
PUMP-1227,72.0,4.31,0.72,16.4,2193,111,28,1
PUMP-1228,60.7,2.99,0.9,11.8,2298,70,10,0
PUMP-1229,62.5,9.2,0.5,23.2,136,235,21,1
PUMP-1230,72.9,1.13,0.91,6.2,1690,176,6,0
PUMP-1231,83.8,3.45,0.65,26.1,3201,110,15,1
PUMP-1232,58.8,0.43,0.52,9.4,3243,96,12,0
PUMP-1233,73.9,1.28,0.14,8.5,941,179,21,0
PUMP-1234,70.2,1.26,1.15,14.6,710,81,8,0
PUMP-1235,79.5,1.02,1.53,6.5,782,111,24,0
PUMP-1236,66.7,1.69,0.82,2.1,885,156,22,0
PUMP-1237,70.2,0.2,0.16,8.5,1547,135,5,0
PUMP-1238,62.7,1.76,1.74,0.5,144,198,27,1
PUMP-1239,57.7,0.5,0.92,5.8,979,47,8,0
PUMP-1240,67.5,1.4,0.09,3.5,483,152,25,0
PUMP-1241,47.5,2.04,0.25,11.5,2749,88,10,0
PUMP-1242,53.8,2.13,0.79,11.8,3406,193,5,0
PUMP-1243,71.5,1.09,0.29,7.9,2444,171,20,0
PUMP-1244,78.2,1.8,0.47,9.4,3045,213,22,1
PUMP-1245,73.0,2.29,0.7,8.9,3284,213,5,1
PUMP-1246,61.3,3.87,0.45,0.9,1749,104,6,1
PUMP-1247,78.3,2.07,0.15,20.4,4832,138,14,0
PUMP-1248,59.9,0.97,0.23,7.9,328,97,23,0
PUMP-1249,74.0,4.44,1.34,14.7,2945,214,14,1
PUMP-1250,59.2,2.55,1.12,10.4,293,145,3,0
PUMP-1251,70.4,3.76,0.57,1.6,3623,88,12,0
PUMP-1252,75.2,0.43,0.02,16.4,844,90,11,0
PUMP-1253,72.1,2.79,1.32,3.3,2155,16,29,0
PUMP-1254,70.8,1.08,0.2,10.2,4513,220,16,0
PUMP-1255,84.1,3.35,0.8,8.9,2408,64,24,0
PUMP-1256,66.7,1.97,0.44,22.9,3992,98,9,0
PUMP-1257,51.8,3.47,0.29,6.6,4989,162,14,1
PUMP-1258,65.0,0.41,0.7,26.3,2137,170,20,0
PUMP-1259,53.0,1.34,0.79,21.8,2851,76,17,1
PUMP-1260,55.5,0.44,0.42,7.2,765,62,25,0
PUMP-1261,68.6,1.3,0.55,3.1,3490,10,3,0
PUMP-1262,67.9,1.17,1.08,11.0,4768,95,20,0
PUMP-1263,67.6,1.21,0.22,5.5,263,65,21,0
PUMP-1264,54.2,0.98,0.2,5.2,4468,52,21,0
PUMP-1265,58.4,1.54,1.06,2.5,2571,150,12,0
PUMP-1266,47.6,2.65,1.86,12.9,3838,176,7,0
PUMP-1267,72.3,0.7,0.69,17.6,4365,190,13,1
PUMP-1268,72.5,0.49,0.72,13.1,1821,226,20,1
PUMP-1269,66.5,3.07,0.32,20.5,3759,109,20,0
PUMP-1270,65.7,3.37,0.54,5.9,3664,92,10,0
PUMP-1271,72.1,3.24,0.42,0.9,4657,120,0,0
PUMP-1272,74.6,1.59,2.12,7.6,1380,115,15,0
PUMP-1273,70.8,0.29,0.68,16.5,4076,11,12,0
PUMP-1274,67.4,3.24,1.04,6.3,4373,33,21,0
PUMP-1275,90.2,3.63,0.14,1.9,2423,37,8,1
PUMP-1276,72.6,2.84,0.65,17.8,582,228,21,1
PUMP-1277,64.3,3.86,0.14,10.6,1154,40,20,0
PUMP-1278,70.2,2.07,0.79,13.7,3690,208,24,1
PUMP-1279,66.2,0.76,1.05,8.3,2747,150,28,0
PUMP-1280,61.5,2.55,0.74,12.1,3957,238,18,1
PUMP-1281,71.8,3.15,0.15,3.4,99,39,29,0
PUMP-1282,64.1,1.53,0.19,8.9,3386,165,22,0
PUMP-1283,64.8,3.06,1.06,5.7,1336,215,29,1
PUMP-1284,63.6,0.9,0.93,5.4,3808,170,1,0
PUMP-1285,65.9,2.5,0.13,4.6,212,68,10,0
PUMP-1286,67.6,0.62,0.29,8.3,1860,139,4,0
PUMP-1287,66.0,0.9,0.65,21.3,3801,97,16,0
PUMP-1288,67.4,2.22,0.33,11.0,1538,239,11,1
PUMP-1289,56.9,0.93,0.31,7.0,1637,158,4,0
PUMP-1290,74.9,0.95,0.71,9.0,4803,107,14,1
PUMP-1291,61.2,3.24,0.97,6.3,138,86,29,0
PUMP-1292,68.8,4.44,1.5,6.9,1696,181,20,0
PUMP-1293,45.9,3.05,0.45,12.8,4476,38,2,0
PUMP-1294,71.6,1.09,0.93,5.7,3404,192,21,0
PUMP-1295,76.0,0.8,0.39,8.4,2885,150,11,0
PUMP-1296,78.3,1.7,0.89,13.7,4026,199,12,0
PUMP-1297,66.2,3.08,0.91,3.9,3776,114,30,0
PUMP-1298,73.4,3.23,0.34,22.5,3300,166,26,1
PUMP-1299,76.1,1.79,0.43,3.2,2504,17,16,0
PUMP-1300,88.7,1.94,0.32,16.5,2704,83,10,1
PUMP-1301,64.4,2.98,0.17,0.8,2942,182,23,0
PUMP-1302,60.5,3.19,0.56,3.5,4150,25,24,0
PUMP-1303,57.0,3.12,1.66,18.8,1710,155,9,0
PUMP-1304,61.3,0.87,1.02,10.7,2235,143,5,0
PUMP-1305,66.0,2.33,1.28,12.5,4936,239,20,1
PUMP-1306,72.8,2.22,1.0,13.4,1441,117,17,1
PUMP-1307,72.6,0.43,0.93,4.6,1855,114,5,0
PUMP-1308,79.4,4.13,0.09,11.6,3414,152,11,1
PUMP-1309,85.6,2.02,0.47,12.6,2946,115,12,0
PUMP-1310,75.2,2.1,0.65,8.1,3975,8,19,1
PUMP-1311,43.5,3.29,1.01,3.5,3242,212,8,0
PUMP-1312,58.5,3.26,0.39,11.8,2536,171,19,0
PUMP-1313,63.2,0.97,0.07,9.5,2636,150,19,0
PUMP-1314,51.4,1.69,0.75,1.9,4089,143,15,0
PUMP-1315,67.7,1.66,0.32,2.3,4121,42,16,0
PUMP-1316,53.7,0.3,0.62,9.8,4848,137,25,0
PUMP-1317,73.6,2.86,0.42,6.8,2279,235,26,0
PUMP-1318,89.8,2.45,0.36,23.1,2801,103,16,1
PUMP-1319,78.5,0.2,0.17,1.5,1714,37,20,0
PUMP-1320,75.7,3.63,1.59,22.0,774,35,8,0
PUMP-1321,59.6,0.82,0.49,6.8,2988,222,22,0
PUMP-1322,52.1,0.68,0.1,20.9,1726,196,19,0
PUMP-1323,55.9,0.27,2.22,5.5,4305,7,5,0
PUMP-1324,76.5,4.73,0.27,6.2,237,36,28,0
PUMP-1325,76.5,0.2,0.38,12.8,733,9,17,0
PUMP-1326,71.7,2.89,0.9,10.4,2086,79,10,0
PUMP-1327,76.3,0.98,0.13,14.2,4870,227,23,0
PUMP-1328,72.8,3.59,0.29,10.5,1866,22,15,0
PUMP-1329,65.9,3.34,0.08,7.1,1097,163,16,0
PUMP-1330,69.7,0.71,0.95,4.6,409,207,3,0
PUMP-1331,47.4,3.18,0.17,19.9,353,127,13,0
PUMP-1332,70.9,3.05,0.37,0.3,2153,186,4,0
PUMP-1333,53.1,1.17,0.38,8.2,1333,156,3,0
PUMP-1334,70.1,0.44,0.02,3.9,4881,153,20,0
PUMP-1335,67.7,1.39,2.35,12.7,2318,100,23,0
PUMP-1336,87.2,0.53,0.73,12.5,570,188,14,0
PUMP-1337,58.1,0.73,0.26,10.3,1428,203,3,0
PUMP-1338,64.6,3.79,2.35,17.4,2982,207,20,1
PUMP-1339,66.6,3.56,0.39,5.9,3099,13,1,0
PUMP-1340,62.1,2.57,0.2,12.5,3015,200,14,0
PUMP-1341,68.0,3.98,0.96,15.7,524,231,3,1
PUMP-1342,55.8,1.82,0.13,6.8,4427,128,8,0
PUMP-1343,57.3,0.99,0.39,0.9,1782,61,19,0
PUMP-1344,71.6,2.46,0.58,23.8,4236,96,24,1
PUMP-1345,55.3,1.84,0.96,10.7,4323,193,4,0
PUMP-1346,68.3,2.6,0.25,16.9,3707,146,4,0
PUMP-1347,60.6,1.86,1.5,15.1,3153,223,10,0
PUMP-1348,54.9,2.05,1.35,9.3,1383,61,23,0
PUMP-1349,54.9,2.32,0.92,12.1,629,87,18,0
PUMP-1350,71.6,1.61,0.67,2.7,4668,27,10,0
PUMP-1351,59.2,6.96,0.24,15.0,4264,31,19,1
PUMP-1352,56.9,4.53,0.84,17.6,246,190,0,0
PUMP-1353,66.9,1.6,1.34,3.8,1301,104,28,0
PUMP-1354,73.5,1.53,0.33,7.6,4049,152,24,0
PUMP-1355,65.8,0.74,0.54,3.3,829,116,1,0
PUMP-1356,59.3,3.55,0.63,9.9,1242,44,28,0
PUMP-1357,59.5,4.53,1.26,14.1,1041,32,25,0
PUMP-1358,70.0,1.95,1.21,8.8,1644,75,10,0
PUMP-1359,49.4,2.92,0.62,5.6,3020,167,4,0
PUMP-1360,80.4,1.28,2.27,12.6,3042,205,29,1
PUMP-1361,62.1,2.31,0.7,1.7,3699,158,7,0
PUMP-1362,65.5,1.62,0.17,10.2,618,60,3,0
PUMP-1363,68.7,1.58,0.27,7.0,1986,232,21,0
PUMP-1364,60.1,0.47,0.78,1.0,307,185,20,0
PUMP-1365,68.8,5.37,0.08,4.2,896,154,27,1
PUMP-1366,75.9,5.67,1.31,8.4,1114,239,17,1
PUMP-1367,69.3,1.4,0.06,12.6,905,151,21,0
PUMP-1368,66.0,1.68,0.26,2.9,4178,169,7,0
PUMP-1369,68.6,0.44,0.89,7.7,2821,9,21,0
PUMP-1370,66.2,2.38,0.14,16.7,2624,2,27,0
PUMP-1371,79.5,5.67,0.05,15.1,4573,66,1,1
PUMP-1372,70.4,1.41,0.64,11.0,943,186,1,0
PUMP-1373,81.9,1.85,0.32,4.4,2720,100,16,0
PUMP-1374,73.1,4.73,0.37,12.1,305,101,8,0
PUMP-1375,60.9,2.93,0.32,4.6,641,157,9,0
PUMP-1376,75.0,7.42,2.84,12.5,2821,132,30,1
PUMP-1377,74.2,2.21,0.29,6.3,1051,143,23,0
PUMP-1378,65.7,1.23,0.38,7.1,873,118,5,0
PUMP-1379,66.0,2.4,0.62,10.9,2277,60,0,0
PUMP-1380,60.4,1.68,0.2,0.4,4714,120,16,0
PUMP-1381,64.7,0.3,0.33,14.0,650,216,30,0
PUMP-1382,56.5,0.2,0.91,16.2,2622,8,4,0
PUMP-1383,53.0,2.24,1.52,9.2,4873,169,8,0
PUMP-1384,62.2,0.49,0.63,14.0,4878,157,4,0
PUMP-1385,64.3,3.91,0.85,17.2,4381,165,28,0
PUMP-1386,54.0,5.31,0.12,2.1,170,16,20,0
PUMP-1387,76.4,1.79,0.55,12.4,1433,16,25,0
PUMP-1388,77.3,2.01,0.6,9.6,1674,25,28,0
PUMP-1389,55.2,0.2,1.11,7.0,2293,200,2,0
PUMP-1390,64.7,0.75,0.39,17.9,1761,162,29,0
PUMP-1391,79.7,2.78,0.65,8.9,2004,183,8,1
PUMP-1392,61.7,1.82,1.78,9.2,3036,203,29,1
PUMP-1393,54.9,2.74,0.56,10.6,375,46,29,0
PUMP-1394,72.8,4.86,0.44,7.9,3569,189,4,0
PUMP-1395,70.1,2.31,1.15,19.5,3655,125,0,0
PUMP-1396,57.6,4.74,0.27,4.9,1596,203,22,0
PUMP-1397,62.4,3.01,1.38,13.0,2659,40,7,0
PUMP-1398,75.5,1.04,0.79,4.6,1181,211,4,0
PUMP-1399,52.8,2.46,0.52,8.6,3574,147,14,0
PUMP-1400,50.6,2.38,1.18,16.7,827,121,8,0
PUMP-1401,76.2,7.27,0.59,6.0,3029,20,14,0
PUMP-1402,63.8,2.1,0.31,26.6,3304,164,24,1
PUMP-1403,68.8,0.26,0.41,8.0,2577,88,25,0
PUMP-1404,61.1,3.48,1.18,4.0,893,141,27,0
PUMP-1405,81.4,3.64,0.82,5.3,3976,37,4,0
PUMP-1406,71.3,3.73,0.3,5.5,2374,92,10,0
PUMP-1407,61.1,2.06,1.45,18.7,4581,89,9,0
PUMP-1408,56.0,1.48,0.33,24.8,1476,31,15,0
PUMP-1409,50.9,2.17,0.82,7.7,1032,17,5,0
PUMP-1410,50.7,4.19,0.83,19.2,2850,182,26,1
PUMP-1411,61.5,3.46,1.35,13.3,472,162,26,0
PUMP-1412,67.3,2.85,0.53,18.6,1896,26,4,0
PUMP-1413,83.4,0.99,0.68,26.3,2601,193,12,1
PUMP-1414,78.1,1.19,0.07,5.3,549,109,10,0
PUMP-1415,73.2,3.31,0.22,9.0,2914,211,27,0
PUMP-1416,63.6,1.59,1.18,1.1,2255,56,18,0
PUMP-1417,72.5,2.09,0.27,10.1,1867,196,25,1
PUMP-1418,81.8,5.76,1.24,9.1,1363,166,9,1
PUMP-1419,69.7,1.48,1.77,7.1,3144,40,3,0
PUMP-1420,60.7,1.7,1.03,8.5,203,16,6,0
PUMP-1421,68.2,6.65,0.22,8.4,3977,132,7,0
PUMP-1422,59.4,2.49,0.31,8.1,1931,122,4,0
PUMP-1423,57.7,1.18,0.59,13.0,4991,161,3,1
PUMP-1424,77.5,1.2,0.64,5.7,1276,230,29,1
PUMP-1425,75.7,0.45,0.42,11.2,2696,119,5,0
PUMP-1426,70.7,1.48,0.06,1.7,741,133,18,0
PUMP-1427,77.2,0.88,0.08,3.7,2799,152,27,0
PUMP-1428,71.6,3.43,0.38,22.4,1139,13,13,0
PUMP-1429,70.3,0.53,0.59,2.4,84,21,5,0
PUMP-1430,56.0,1.93,0.58,1.9,1593,107,28,0
PUMP-1431,68.6,2.5,0.84,6.4,1344,73,30,0
PUMP-1432,65.6,2.7,0.53,21.7,1083,38,22,1
PUMP-1433,70.5,0.52,0.15,3.5,3043,87,24,0
PUMP-1434,55.3,0.78,0.65,2.2,3406,62,1,0
PUMP-1435,76.7,1.6,0.74,3.3,3244,219,7,0
PUMP-1436,59.1,3.37,0.99,7.0,1853,130,14,0
PUMP-1437,61.5,2.73,0.22,3.3,2208,227,28,1
PUMP-1438,65.2,5.17,0.35,9.1,3272,6,23,0
PUMP-1439,60.0,1.75,0.44,25.2,3847,132,3,0
PUMP-1440,63.8,1.28,0.47,20.3,3492,224,16,1
PUMP-1441,70.7,1.83,0.61,7.6,2376,148,23,0
PUMP-1442,74.2,1.61,0.28,14.0,971,71,26,0
PUMP-1443,67.3,1.2,0.16,6.7,4797,79,2,0
PUMP-1444,68.9,3.56,0.88,10.6,473,43,15,0
PUMP-1445,68.5,2.01,0.99,3.0,827,232,27,0
PUMP-1446,57.5,2.8,0.8,16.7,4241,152,13,0
PUMP-1447,49.5,2.86,0.66,5.7,1236,52,18,0
PUMP-1448,65.1,5.01,1.58,11.7,1106,214,23,0
PUMP-1449,58.5,3.53,1.02,7.5,3841,94,29,1
PUMP-1450,68.7,1.2,0.43,3.5,797,184,27,0
PUMP-1451,71.2,4.05,0.3,18.1,2877,186,13,1
PUMP-1452,89.2,5.07,0.35,8.5,2388,211,15,1
PUMP-1453,76.3,1.74,1.6,13.3,4404,28,0,0
PUMP-1454,85.8,4.91,0.51,6.9,2073,117,17,1
PUMP-1455,57.8,1.31,0.33,7.8,2995,141,6,0
PUMP-1456,71.0,2.75,0.78,1.3,2643,153,17,1
PUMP-1457,49.5,3.59,0.29,0.4,3264,173,23,0
PUMP-1458,72.6,1.41,0.32,11.0,136,89,29,0
PUMP-1459,69.0,0.59,1.77,5.0,231,155,21,0
PUMP-1460,63.7,3.52,1.0,7.6,890,219,29,0
PUMP-1461,64.2,3.54,1.85,16.8,1735,133,8,1
PUMP-1462,75.7,3.88,1.03,20.0,2575,72,26,0
PUMP-1463,73.2,0.52,1.29,3.1,3424,166,30,0
PUMP-1464,72.2,1.59,0.23,16.0,3527,214,27,0
PUMP-1465,68.1,0.91,1.1,7.6,4075,130,4,0
PUMP-1466,84.4,1.61,1.0,12.4,3822,124,9,1
PUMP-1467,68.9,1.46,1.2,11.9,4910,220,30,1
PUMP-1468,68.8,1.24,0.59,3.4,2257,66,27,0
PUMP-1469,71.5,2.66,0.46,10.9,4102,151,27,0
PUMP-1470,55.2,0.7,0.41,22.7,3844,149,29,0
PUMP-1471,82.2,1.54,0.54,19.1,2719,69,18,0
PUMP-1472,62.1,0.3,0.23,19.3,941,110,5,0
PUMP-1473,58.7,3.34,0.56,9.4,3880,43,0,1
PUMP-1474,72.1,2.35,0.34,5.1,3157,153,12,0
PUMP-1475,61.7,1.9,0.36,4.0,2770,210,18,0
PUMP-1476,74.6,4.64,0.63,7.7,436,192,29,0
PUMP-1477,71.8,0.45,0.58,8.6,4350,190,3,0
PUMP-1478,65.7,0.95,0.61,24.4,850,122,0,0
PUMP-1479,56.5,0.36,1.32,7.0,4360,229,25,0
PUMP-1480,76.2,1.49,0.72,5.1,3183,32,19,0
PUMP-1481,61.5,6.6,0.39,16.6,3885,101,29,0
PUMP-1482,55.5,5.02,0.15,7.9,4143,131,12,0
PUMP-1483,61.2,1.1,0.64,3.9,1315,133,9,0
PUMP-1484,49.8,1.89,0.09,15.6,2272,225,16,1
PUMP-1485,52.1,1.79,1.08,10.3,124,5,12,0
PUMP-1486,46.5,0.83,0.05,8.4,4635,215,25,1
PUMP-1487,73.5,0.72,1.12,13.4,1171,19,17,0
PUMP-1488,68.8,1.36,0.25,10.9,4227,209,7,0
PUMP-1489,58.8,0.52,0.21,1.6,1316,30,16,0
PUMP-1490,60.7,3.32,0.46,12.9,2886,209,23,1
PUMP-1491,83.9,1.28,0.57,5.1,3113,92,1,0
PUMP-1492,67.7,1.3,0.63,6.0,3500,168,29,0
PUMP-1493,69.4,1.98,0.47,20.4,3347,97,2,0
PUMP-1494,51.2,1.56,0.11,9.9,4015,96,14,0
PUMP-1495,85.7,1.24,0.72,0.7,3966,150,28,1
PUMP-1496,64.4,2.1,1.09,9.9,4509,117,3,0
PUMP-1497,62.9,0.83,0.39,13.5,2516,204,20,0
PUMP-1498,58.7,1.34,0.45,24.3,300,92,14,0
PUMP-1499,65.9,2.51,0.58,18.0,3214,164,26,1
PUMP-1500,71.8,3.82,1.01,8.2,558,45,9,1
PUMP-1501,63.4,1.46,0.56,3.0,2873,170,28,0
PUMP-1502,66.5,1.49,0.57,16.0,2949,79,21,0
PUMP-1503,55.5,3.05,0.47,4.2,2330,178,28,1
PUMP-1504,65.0,4.38,0.18,7.8,4977,144,12,0
PUMP-1505,73.1,4.39,0.27,23.5,698,31,22,0
PUMP-1506,75.6,0.5,0.02,7.7,3520,72,2,0
PUMP-1507,64.0,1.53,0.55,11.9,3806,219,21,0
PUMP-1508,72.5,4.68,1.61,16.8,956,230,0,0
PUMP-1509,78.2,1.94,0.38,2.1,2850,237,4,1
PUMP-1510,70.8,2.96,0.05,20.1,2268,158,6,0
PUMP-1511,70.1,6.73,0.46,27.2,3068,193,23,1
PUMP-1512,59.5,1.15,0.23,5.1,4264,205,16,0
PUMP-1513,58.2,0.44,0.1,14.8,422,36,29,0
PUMP-1514,69.6,0.99,0.4,4.3,1173,63,8,0
PUMP-1515,75.6,0.85,1.39,12.0,837,169,25,0
PUMP-1516,71.7,1.35,0.8,9.6,136,39,27,0
PUMP-1517,70.4,1.44,0.43,0.9,4754,122,8,0
PUMP-1518,66.7,2.11,0.07,10.0,643,5,4,0
PUMP-1519,77.4,0.2,0.54,9.0,4754,168,28,0
PUMP-1520,62.2,0.95,0.75,4.2,1876,73,2,0
PUMP-1521,61.3,0.56,0.6,1.7,907,234,21,0
PUMP-1522,69.6,2.01,0.58,7.8,722,161,20,0
PUMP-1523,52.8,1.31,0.82,1.6,1526,229,12,0
PUMP-1524,74.3,0.73,0.31,7.0,3996,86,8,0
PUMP-1525,68.4,4.48,0.24,7.3,570,82,27,0
PUMP-1526,70.8,5.78,1.0,1.4,3344,60,2,0
PUMP-1527,82.6,0.78,0.33,3.7,2468,174,10,0
PUMP-1528,62.6,4.2,0.51,5.0,397,224,4,0
PUMP-1529,61.0,0.63,0.69,10.0,1479,33,2,0
PUMP-1530,58.7,0.44,2.48,8.0,2542,134,20,0
PUMP-1531,62.8,1.1,0.21,9.5,2184,99,7,0
PUMP-1532,67.8,2.08,0.69,1.8,4220,101,18,0
PUMP-1533,60.6,2.7,0.47,11.0,4690,139,11,1
PUMP-1534,65.2,4.36,1.53,10.4,1704,118,9,1
PUMP-1535,55.6,1.17,1.29,11.3,4449,158,18,0
PUMP-1536,86.0,2.49,1.06,3.9,883,134,26,0
PUMP-1537,66.3,4.33,0.55,12.5,2995,34,7,0
PUMP-1538,58.1,1.61,1.79,0.6,4972,129,17,0
PUMP-1539,65.2,0.56,0.32,2.7,1591,165,2,0
PUMP-1540,69.3,0.59,1.73,10.4,1596,112,25,0
PUMP-1541,68.1,1.82,0.06,9.7,175,98,21,0
PUMP-1542,62.4,2.62,0.18,11.7,3541,163,29,1
PUMP-1543,77.1,2.88,0.68,12.0,4966,94,28,1
PUMP-1544,66.9,1.37,0.72,12.9,4260,15,30,0
PUMP-1545,62.1,0.75,0.26,3.2,3431,199,28,0
PUMP-1546,60.0,2.46,0.15,6.7,1902,85,6,0
PUMP-1547,61.7,2.08,0.73,14.8,437,31,1,0
PUMP-1548,68.5,1.69,0.5,4.9,3878,95,20,0
PUMP-1549,56.4,5.49,0.45,18.7,3977,8,5,1
PUMP-1550,73.8,4.61,1.33,9.8,440,13,19,0
PUMP-1551,70.6,0.3,0.43,24.3,2498,36,13,0
PUMP-1552,69.3,1.83,0.1,9.5,4333,220,13,0
PUMP-1553,77.5,1.18,0.19,4.4,3697,17,28,0
PUMP-1554,42.8,3.47,0.73,14.0,2463,216,17,0
PUMP-1555,74.4,3.43,1.63,9.8,2514,83,14,1
PUMP-1556,61.6,1.16,0.75,11.7,863,225,28,0
PUMP-1557,75.9,0.5,0.26,15.0,4054,85,18,0
PUMP-1558,70.8,1.09,0.3,3.4,541,81,19,0
PUMP-1559,74.4,1.15,1.34,9.8,1543,13,19,0
PUMP-1560,70.0,3.12,0.36,8.8,4823,206,6,0
PUMP-1561,66.8,0.6,1.21,3.9,3560,137,24,0
PUMP-1562,65.4,2.92,0.67,1.3,2497,47,12,0
PUMP-1563,65.5,3.76,0.57,13.7,1503,199,17,1
PUMP-1564,62.3,2.55,0.22,6.1,4376,135,30,0
PUMP-1565,76.5,3.03,0.83,2.7,1716,209,12,1
PUMP-1566,58.0,2.17,0.35,4.9,2455,155,30,0
PUMP-1567,66.9,0.6,0.29,25.3,1443,29,12,0
PUMP-1568,73.4,0.29,1.2,22.1,586,126,19,1
PUMP-1569,63.5,2.01,1.13,6.9,4107,153,14,0
PUMP-1570,76.9,2.02,1.31,13.7,3826,83,25,0
PUMP-1571,73.9,2.65,0.16,2.9,2011,145,29,1
PUMP-1572,70.8,0.66,0.57,2.4,3484,122,20,1
PUMP-1573,56.7,7.31,0.57,6.5,3638,90,18,0
PUMP-1574,56.3,0.63,0.47,10.7,3404,89,26,0
PUMP-1575,78.1,1.46,0.62,2.5,866,135,26,0
PUMP-1576,66.9,1.41,1.15,3.7,2236,60,18,0
PUMP-1577,68.8,1.35,1.86,2.1,4313,97,30,0
PUMP-1578,60.2,2.3,0.45,13.9,3910,83,22,0
PUMP-1579,66.3,0.69,1.68,11.4,2685,200,30,0
PUMP-1580,67.5,3.46,0.36,22.4,445,56,15,0
PUMP-1581,56.4,0.58,0.4,7.8,927,181,30,0
PUMP-1582,65.0,3.07,1.44,10.6,1346,92,14,1
PUMP-1583,51.6,2.06,0.2,14.6,2500,71,28,0
PUMP-1584,79.9,1.83,0.32,4.8,3352,95,20,0
PUMP-1585,81.6,1.3,0.32,18.1,1486,84,7,0
PUMP-1586,77.4,1.63,0.85,3.6,4794,161,4,0
PUMP-1587,74.0,3.5,0.1,18.0,4807,27,8,0
PUMP-1588,66.4,1.15,1.12,1.6,3955,28,14,0
PUMP-1589,68.5,0.2,0.95,7.4,4460,185,3,0
PUMP-1590,64.2,4.01,0.05,2.2,2101,64,17,0
PUMP-1591,57.0,1.49,0.67,5.5,298,161,26,0
PUMP-1592,56.6,0.65,0.79,5.6,2888,14,24,0
PUMP-1593,54.1,2.83,0.64,2.8,1564,67,13,0
PUMP-1594,85.7,2.09,0.63,5.0,2995,113,23,1
PUMP-1595,57.1,3.19,0.7,0.5,4600,157,5,0
PUMP-1596,80.3,0.9,1.05,10.4,305,58,9,0
PUMP-1597,64.1,2.14,0.23,8.3,251,150,8,1
PUMP-1598,83.7,1.34,1.58,11.1,2877,87,19,0
PUMP-1599,51.7,2.37,0.73,2.5,3233,31,26,0
PUMP-1600,66.5,4.55,1.29,4.7,2776,111,14,0
PUMP-1601,66.4,1.11,0.45,12.8,3906,63,9,0
PUMP-1602,76.6,1.02,0.46,15.7,3220,239,3,0
PUMP-1603,58.0,2.55,0.86,20.7,856,155,5,0
PUMP-1604,52.7,0.43,0.5,11.6,1668,194,6,0
PUMP-1605,57.6,1.08,0.86,7.5,1551,46,22,0
PUMP-1606,69.7,1.97,0.46,8.3,1636,194,2,0
PUMP-1607,65.4,1.4,0.58,8.6,1570,123,6,0
PUMP-1608,61.0,4.33,0.37,9.7,4988,96,16,1
PUMP-1609,58.0,6.76,0.38,8.7,2824,14,5,0
PUMP-1610,62.0,1.81,0.5,4.1,3500,89,28,0
PUMP-1611,66.6,1.16,0.15,17.0,535,166,23,0
PUMP-1612,64.9,0.64,0.81,4.6,4720,171,28,0
PUMP-1613,45.7,0.41,1.11,6.7,4186,67,20,0
PUMP-1614,73.5,3.03,1.15,8.1,1909,224,5,0
PUMP-1615,71.4,2.03,0.32,5.7,1693,196,26,0
PUMP-1616,79.6,3.05,0.15,7.1,876,235,10,0
PUMP-1617,56.0,0.52,1.05,2.4,2294,58,2,0
PUMP-1618,59.9,1.28,0.25,19.7,2581,63,11,1
PUMP-1619,60.6,1.57,1.46,15.5,4853,224,6,0
PUMP-1620,78.9,1.01,0.19,1.9,2246,115,21,0
PUMP-1621,51.2,3.19,0.82,13.8,797,167,14,0
PUMP-1622,68.4,0.86,1.09,7.5,1599,41,1,0
PUMP-1623,67.2,0.5,1.23,19.8,2564,129,13,0
PUMP-1624,63.0,0.59,0.86,26.4,1448,14,30,0
PUMP-1625,61.9,2.03,0.91,5.5,3741,211,14,0
PUMP-1626,66.9,2.38,0.15,20.8,2038,97,4,1
PUMP-1627,71.4,2.56,1.2,6.6,1158,54,30,0
PUMP-1628,58.4,3.22,0.44,4.7,2413,70,16,0
PUMP-1629,65.2,1.52,0.63,18.3,858,136,17,0
PUMP-1630,63.0,1.39,1.46,10.5,4874,118,2,0
PUMP-1631,72.0,1.7,0.45,12.1,2481,99,9,0
PUMP-1632,61.7,1.04,0.46,15.8,3517,68,14,0
PUMP-1633,70.5,3.56,0.56,9.5,1564,92,14,0
PUMP-1634,68.3,1.36,0.61,24.2,1733,208,6,0
PUMP-1635,55.6,2.29,0.05,12.0,4946,209,25,0
PUMP-1636,60.8,4.47,0.6,3.8,2671,68,14,0
PUMP-1637,75.9,1.27,0.26,13.7,3950,1,24,0
PUMP-1638,63.7,5.34,0.35,26.7,1849,169,11,0
PUMP-1639,76.1,1.28,1.5,2.0,1953,236,2,1
PUMP-1640,56.6,1.08,0.23,7.0,4828,196,7,0
PUMP-1641,79.8,1.44,1.1,6.8,329,123,21,0
PUMP-1642,46.4,0.89,0.3,3.1,4777,31,21,0
PUMP-1643,69.0,0.56,0.6,6.7,1300,8,23,0
PUMP-1644,55.9,2.25,0.64,21.8,2153,114,12,0
PUMP-1645,52.6,4.94,0.44,7.1,3092,205,11,0
PUMP-1646,72.1,0.23,0.15,12.2,2028,124,20,0
PUMP-1647,58.6,0.92,0.64,2.2,1003,12,22,0
PUMP-1648,50.0,2.21,0.48,8.4,4999,146,5,0
PUMP-1649,63.8,0.85,0.62,26.9,1233,94,21,0
PUMP-1650,62.9,4.71,0.33,7.8,3976,84,8,1
PUMP-1651,55.5,1.33,0.4,9.8,4589,99,27,0
PUMP-1652,62.4,0.97,2.62,22.3,4913,88,20,1
PUMP-1653,63.5,3.7,0.12,11.3,413,160,15,0
PUMP-1654,67.6,2.03,0.15,7.8,2836,54,26,1
PUMP-1655,58.5,4.46,0.3,11.7,1945,64,5,1
PUMP-1656,60.1,0.93,1.06,6.1,4091,11,4,0
PUMP-1657,71.7,3.41,0.39,8.6,3237,65,24,0
PUMP-1658,74.4,0.76,0.2,1.3,2765,100,8,0
PUMP-1659,76.7,1.91,0.57,6.1,4695,47,19,0
PUMP-1660,74.4,1.9,0.65,10.3,4910,117,30,1
PUMP-1661,66.4,1.52,0.89,7.4,3119,201,6,0
PUMP-1662,81.5,6.03,0.56,11.8,4102,29,16,1
PUMP-1663,67.4,2.28,0.67,13.3,678,195,12,0
PUMP-1664,62.6,1.09,1.35,8.2,4340,186,28,0
PUMP-1665,66.4,0.49,0.5,7.7,1130,216,8,0
PUMP-1666,71.1,3.76,0.81,11.7,2732,167,18,0
PUMP-1667,70.0,0.5,0.97,11.1,1628,29,4,0
PUMP-1668,66.1,1.35,0.24,9.5,1217,140,17,0
PUMP-1669,79.6,1.9,0.29,2.9,3797,106,23,0
PUMP-1670,86.0,1.35,0.81,7.6,3288,159,24,1
PUMP-1671,66.2,2.47,0.18,7.7,3055,82,4,0
PUMP-1672,68.9,1.06,0.42,1.7,3681,41,7,0
PUMP-1673,74.1,4.34,0.94,4.3,2874,102,26,0
PUMP-1674,76.9,3.12,1.0,2.9,2464,77,19,0
PUMP-1675,76.6,5.45,0.67,5.4,2993,74,22,0
PUMP-1676,69.8,2.48,1.01,6.1,1483,169,6,0
PUMP-1677,71.5,3.79,0.68,9.6,449,63,9,0
PUMP-1678,63.1,2.51,0.72,14.2,682,217,25,0
PUMP-1679,73.3,1.13,0.11,8.9,4492,194,20,1
PUMP-1680,54.5,4.59,0.29,8.9,3444,75,7,0
PUMP-1681,64.7,0.81,2.32,1.1,4391,194,11,1
PUMP-1682,59.2,1.25,0.73,17.6,2949,124,12,0
PUMP-1683,60.1,2.36,0.74,5.0,2551,201,13,0
PUMP-1684,68.4,3.77,1.64,5.1,234,85,24,0
PUMP-1685,77.5,2.36,0.44,12.1,2360,187,8,1
PUMP-1686,78.3,0.98,0.65,11.8,2302,81,11,0
PUMP-1687,63.6,4.46,0.57,5.9,3702,79,18,1
PUMP-1688,67.1,1.27,0.38,10.1,3165,110,8,0
PUMP-1689,63.5,6.2,0.47,18.2,2888,23,5,0
PUMP-1690,75.4,1.68,1.05,5.9,916,226,6,0
PUMP-1691,60.8,1.35,0.22,6.1,881,112,4,0
PUMP-1692,70.2,2.73,0.91,6.6,409,97,8,0
PUMP-1693,60.4,2.81,0.53,3.7,4289,68,27,0
PUMP-1694,72.2,1.51,0.05,19.4,2267,227,15,0
PUMP-1695,59.6,4.65,0.69,12.1,3983,59,30,1
PUMP-1696,58.1,1.99,0.24,24.2,989,61,26,0
PUMP-1697,63.2,3.15,0.55,0.5,2545,86,25,1
PUMP-1698,67.0,1.57,0.51,7.5,4605,217,4,0
PUMP-1699,48.9,3.1,0.35,17.3,3139,102,3,0
PUMP-1700,68.7,1.62,0.24,6.8,4633,165,13,1
PUMP-1701,70.4,0.55,0.15,5.0,941,100,16,0
PUMP-1702,67.8,4.96,0.22,22.4,3799,156,4,1
PUMP-1703,68.6,5.7,0.58,11.5,4201,103,9,1
PUMP-1704,64.8,0.99,0.7,19.4,4113,29,20,0
PUMP-1705,72.3,0.28,0.17,21.4,1440,112,8,0
PUMP-1706,56.9,1.98,0.29,15.3,1701,43,28,0
PUMP-1707,46.0,2.1,0.66,17.3,590,47,30,0
PUMP-1708,68.1,6.9,0.64,2.7,4640,38,24,1
PUMP-1709,49.5,1.82,0.8,8.9,3374,3,21,0
PUMP-1710,49.8,4.27,0.19,6.2,848,227,8,0
PUMP-1711,54.2,0.29,0.51,10.4,4933,219,6,0
PUMP-1712,76.3,2.34,0.16,0.8,2580,231,13,1
PUMP-1713,64.6,1.58,0.82,3.7,4932,6,1,0
PUMP-1714,76.4,2.69,0.38,3.6,3397,173,5,0
PUMP-1715,56.0,1.01,0.7,16.9,2646,129,25,0
PUMP-1716,68.5,0.33,0.76,19.9,1033,189,1,1
PUMP-1717,69.6,3.45,0.54,10.1,884,22,14,0
PUMP-1718,72.4,3.28,0.96,12.3,2152,51,25,1
PUMP-1719,58.3,2.71,1.12,7.7,2846,103,5,0
PUMP-1720,62.7,0.68,0.53,11.0,2248,62,0,0
PUMP-1721,75.8,2.75,0.38,4.5,3215,236,26,1
PUMP-1722,72.2,0.88,0.19,6.3,1961,203,7,0
PUMP-1723,78.1,2.57,0.69,12.3,2894,133,1,0
PUMP-1724,73.9,1.54,0.03,4.4,1368,80,22,0
PUMP-1725,64.2,2.63,0.2,13.8,2764,6,15,0
PUMP-1726,70.7,3.1,1.5,3.7,3154,20,18,0
PUMP-1727,55.1,3.06,1.14,11.1,4320,173,29,1
PUMP-1728,69.3,4.27,0.08,13.6,1077,12,1,0
PUMP-1729,81.9,1.11,0.22,3.3,3936,172,22,1
PUMP-1730,61.5,2.86,0.05,4.3,1241,200,16,0
PUMP-1731,71.4,1.9,0.06,5.8,4317,46,18,1
PUMP-1732,77.6,3.15,0.91,17.9,1241,201,25,0
PUMP-1733,80.0,1.6,0.25,9.9,2703,165,30,0
PUMP-1734,64.1,0.68,0.41,6.9,4703,100,9,0
PUMP-1735,65.4,2.41,0.3,11.2,3417,88,5,0
PUMP-1736,68.6,0.92,0.25,16.0,4657,208,30,1
PUMP-1737,54.4,1.14,0.25,16.6,3915,63,13,0
PUMP-1738,63.7,3.88,1.26,3.9,820,42,10,0
PUMP-1739,57.1,1.01,0.71,5.5,3810,224,22,0
PUMP-1740,47.0,2.53,0.32,20.6,2075,146,4,0
PUMP-1741,77.1,2.69,0.41,17.5,2209,38,24,0
PUMP-1742,64.6,0.83,1.34,14.6,667,157,6,0
PUMP-1743,70.0,1.25,0.43,21.9,2608,238,18,0
PUMP-1744,61.4,0.2,0.36,12.4,3296,136,0,0
PUMP-1745,78.0,0.62,2.03,3.4,4854,22,16,0
PUMP-1746,75.4,1.84,0.3,3.1,93,165,21,0
PUMP-1747,63.5,3.08,0.65,22.9,2500,202,0,0
PUMP-1748,67.6,3.63,0.34,12.9,884,33,6,0
PUMP-1749,56.6,1.16,0.65,10.0,665,142,23,0
PUMP-1750,56.9,1.27,0.37,8.0,475,203,30,0
PUMP-1751,64.8,2.64,0.17,2.0,3744,58,23,0
PUMP-1752,62.2,1.4,0.51,3.7,629,164,28,0
PUMP-1753,65.4,1.89,0.49,2.2,4843,146,16,0
PUMP-1754,67.4,1.19,0.59,11.7,1939,166,0,0
PUMP-1755,47.3,1.11,0.62,4.0,3209,163,7,0
PUMP-1756,67.8,2.1,0.2,11.5,984,74,23,0
PUMP-1757,56.3,1.72,0.49,20.9,4635,44,26,0
PUMP-1758,63.2,1.6,0.21,7.5,2639,123,17,1
PUMP-1759,62.8,3.26,0.44,13.2,2545,123,5,0
PUMP-1760,63.0,4.5,1.14,8.7,126,40,19,0
PUMP-1761,73.0,0.99,3.2,12.0,1432,161,7,1
PUMP-1762,70.9,2.3,1.04,12.2,360,235,4,1
PUMP-1763,49.3,6.98,0.75,5.1,147,55,29,0
PUMP-1764,61.1,1.1,0.5,8.4,2445,63,6,0
PUMP-1765,54.0,2.73,0.69,12.4,3034,47,25,0
PUMP-1766,58.1,0.53,0.35,8.9,4102,120,19,0
PUMP-1767,63.8,0.22,0.8,3.5,4985,47,7,0
PUMP-1768,73.1,1.81,0.54,2.9,3443,132,19,0
PUMP-1769,58.6,0.83,0.42,12.7,3447,35,28,0
PUMP-1770,64.0,6.6,0.71,20.2,342,224,20,1
PUMP-1771,77.5,0.48,0.69,10.7,4129,109,20,0
PUMP-1772,61.9,1.21,0.71,20.0,878,41,15,0
PUMP-1773,53.6,3.73,0.8,7.9,3611,68,23,0
PUMP-1774,69.1,2.89,1.37,12.5,4152,6,3,0
PUMP-1775,71.5,1.79,0.62,16.2,4628,52,4,0
PUMP-1776,62.7,1.42,1.04,0.6,2120,42,11,0
PUMP-1777,67.7,0.85,0.26,8.6,178,54,17,0
PUMP-1778,52.9,0.57,0.82,14.2,4505,55,14,0
PUMP-1779,69.3,2.07,0.4,16.7,1132,197,24,1
PUMP-1780,50.9,1.03,0.54,15.6,780,156,24,0
PUMP-1781,57.7,0.29,0.88,22.0,1190,82,22,0
PUMP-1782,62.7,3.74,0.47,4.2,305,63,0,0
PUMP-1783,65.8,4.76,0.43,24.5,3941,146,13,0
PUMP-1784,58.6,0.59,1.57,16.5,3783,148,6,1
PUMP-1785,38.0,0.42,0.16,20.7,3461,114,14,0
PUMP-1786,62.3,2.1,0.85,15.4,3920,28,3,0
PUMP-1787,65.8,1.31,1.11,5.0,2092,200,5,0
PUMP-1788,73.8,3.17,0.46,10.6,4587,17,9,0
PUMP-1789,61.9,0.67,0.37,19.5,4321,59,17,1
PUMP-1790,56.1,2.44,0.21,20.7,1595,94,0,0
PUMP-1791,63.1,1.19,0.61,1.3,765,206,25,0
PUMP-1792,68.5,2.09,0.17,16.3,1874,74,1,0
PUMP-1793,58.1,0.49,1.09,2.4,4453,2,25,0
PUMP-1794,70.7,3.98,0.23,5.7,2717,14,8,0
PUMP-1795,70.2,1.06,0.15,11.9,3153,88,6,0
PUMP-1796,81.1,3.31,0.3,7.6,1854,183,1,1
PUMP-1797,78.7,0.48,0.67,3.7,3254,105,13,0
PUMP-1798,73.8,3.25,1.19,0.8,2591,237,12,0
PUMP-1799,62.0,2.18,0.28,3.6,2488,216,22,0
PUMP-1800,63.6,1.11,0.45,2.8,2849,32,28,0
