forecast_start,target_date,horizon_day,actual_requests,direct_xgboost,recursive_xgboost,seasonal_naive
2025-02-24,2025-02-24,1,190,176.5885,176.5885,163.0000
2025-02-24,2025-02-25,2,169,163.9891,170.3219,159.0000
2025-02-24,2025-02-26,3,168,159.5092,165.7243,159.0000
2025-02-24,2025-02-27,4,164,162.6740,161.8166,165.0000
2025-02-24,2025-02-28,5,161,158.5766,156.9785,150.0000
2025-02-24,2025-03-01,6,133,130.9087,143.3749,140.0000
2025-02-24,2025-03-02,7,126,138.9707,137.6288,143.0000
2025-02-24,2025-03-03,8,177,164.3954,176.6097,163.0000
2025-02-24,2025-03-04,9,183,159.8680,169.4805,159.0000
2025-02-24,2025-03-05,10,174,157.2653,162.1164,159.0000
2025-02-24,2025-03-06,11,170,156.4265,159.7054,165.0000
2025-02-24,2025-03-07,12,168,152.1084,157.1197,150.0000
2025-02-24,2025-03-08,13,149,132.4816,143.3295,140.0000
2025-02-24,2025-03-09,14,138,135.6169,133.8687,143.0000
2025-03-10,2025-03-10,1,184,173.2466,173.2466,177.0000
2025-03-10,2025-03-11,2,172,164.7900,161.9058,183.0000
2025-03-10,2025-03-12,3,172,160.6717,156.3932,174.0000
2025-03-10,2025-03-13,4,155,163.4868,156.9152,170.0000
2025-03-10,2025-03-14,5,158,162.3729,157.2512,168.0000
2025-03-10,2025-03-15,6,143,141.0012,141.6650,149.0000
2025-03-10,2025-03-16,7,138,142.2489,133.7800,138.0000
2025-03-10,2025-03-17,8,181,173.8388,175.1311,177.0000
2025-03-10,2025-03-18,9,166,168.7350,166.7630,183.0000
2025-03-10,2025-03-19,10,174,161.9778,160.9109,174.0000
2025-03-10,2025-03-20,11,163,163.0529,158.6357,170.0000
2025-03-10,2025-03-21,12,153,156.6887,158.0196,168.0000
2025-03-10,2025-03-22,13,142,135.8206,146.0205,149.0000
2025-03-10,2025-03-23,14,149,137.0937,132.9603,138.0000
2025-03-24,2025-03-24,1,191,179.6531,179.6531,181.0000
2025-03-24,2025-03-25,2,175,170.1204,166.2982,166.0000
2025-03-24,2025-03-26,3,165,166.7318,162.5555,174.0000
2025-03-24,2025-03-27,4,172,164.4431,161.6845,163.0000
2025-03-24,2025-03-28,5,168,161.6561,156.9282,153.0000
2025-03-24,2025-03-29,6,146,140.6257,140.6307,142.0000
2025-03-24,2025-03-30,7,133,143.5181,137.1210,149.0000
2025-03-24,2025-03-31,8,175,174.1383,182.0811,181.0000
2025-03-24,2025-04-01,9,171,169.5682,169.1402,166.0000
2025-03-24,2025-04-02,10,160,165.1323,163.8179,174.0000
2025-03-24,2025-04-03,11,158,163.3340,161.5085,163.0000
2025-03-24,2025-04-04,12,146,156.6989,159.3563,153.0000
2025-03-24,2025-04-05,13,127,143.3714,143.7300,142.0000
2025-03-24,2025-04-06,14,123,144.9838,143.7464,149.0000
2025-04-07,2025-04-07,1,164,169.6225,169.6225,175.0000
2025-04-07,2025-04-08,2,162,167.3968,162.1133,171.0000
2025-04-07,2025-04-09,3,162,160.8974,156.7672,160.0000
2025-04-07,2025-04-10,4,154,159.0704,157.4264,158.0000
2025-04-07,2025-04-11,5,158,153.2722,150.7395,146.0000
2025-04-07,2025-04-12,6,143,140.0250,133.9161,127.0000
2025-04-07,2025-04-13,7,142,128.8425,126.9126,123.0000
2025-04-07,2025-04-14,8,186,177.5157,171.1577,175.0000
2025-04-07,2025-04-15,9,173,168.3464,163.8099,171.0000
2025-04-07,2025-04-16,10,159,164.5581,156.6196,160.0000
2025-04-07,2025-04-17,11,163,162.6858,157.2655,158.0000
2025-04-07,2025-04-18,12,164,156.0328,148.4148,146.0000
2025-04-07,2025-04-19,13,147,139.9175,132.5602,127.0000
2025-04-07,2025-04-20,14,124,125.7433,128.1601,123.0000
2025-04-21,2025-04-21,1,172,173.1649,173.1649,186.0000
2025-04-21,2025-04-22,2,168,170.3525,166.7334,173.0000
2025-04-21,2025-04-23,3,162,162.5834,165.2302,159.0000
2025-04-21,2025-04-24,4,151,157.7096,162.9774,163.0000
2025-04-21,2025-04-25,5,141,153.3519,159.6532,164.0000
2025-04-21,2025-04-26,6,140,139.7158,144.7635,147.0000
2025-04-21,2025-04-27,7,132,132.2699,134.7970,124.0000
2025-04-21,2025-04-28,8,169,179.6089,181.5753,186.0000
2025-04-21,2025-04-29,9,164,170.2888,169.3270,173.0000
2025-04-21,2025-04-30,10,165,165.5431,165.7675,159.0000
2025-04-21,2025-05-01,11,148,161.6178,164.3641,163.0000
2025-04-21,2025-05-02,12,142,158.8490,161.3763,164.0000
2025-04-21,2025-05-03,13,127,143.2980,145.8075,147.0000
2025-04-21,2025-05-04,14,120,132.8178,134.5139,124.0000
2025-05-05,2025-05-05,1,173,164.8067,164.8067,169.0000
2025-05-05,2025-05-06,2,167,160.7661,161.0921,164.0000
2025-05-05,2025-05-07,3,162,156.7239,156.8611,165.0000
2025-05-05,2025-05-08,4,154,153.2316,152.3641,148.0000
2025-05-05,2025-05-09,5,152,149.2766,142.9851,142.0000
2025-05-05,2025-05-10,6,143,133.2539,130.4172,127.0000
2025-05-05,2025-05-11,7,142,128.9369,123.9474,120.0000
2025-05-05,2025-05-12,8,180,174.2978,167.6432,169.0000
2025-05-05,2025-05-13,9,170,162.9857,161.9905,164.0000
2025-05-05,2025-05-14,10,159,160.8291,157.8482,165.0000
2025-05-05,2025-05-15,11,164,155.7156,152.6846,148.0000
2025-05-05,2025-05-16,12,158,150.9362,143.3183,142.0000
2025-05-05,2025-05-17,13,150,135.8705,129.2729,127.0000
2025-05-05,2025-05-18,14,126,129.5014,122.0201,120.0000
2025-05-19,2025-05-19,1,180,173.7789,173.7789,180.0000
2025-05-19,2025-05-20,2,172,168.0853,166.4556,170.0000
2025-05-19,2025-05-21,3,169,161.0087,163.6784,159.0000
2025-05-19,2025-05-22,4,157,155.4719,160.9690,164.0000
2025-05-19,2025-05-23,5,163,151.7863,158.0951,158.0000
2025-05-19,2025-05-24,6,148,135.2841,143.0714,150.0000
2025-05-19,2025-05-25,7,136,130.2419,134.9864,126.0000
2025-05-19,2025-05-26,8,188,173.2452,180.9103,180.0000
2025-05-19,2025-05-27,9,189,164.6819,170.4651,170.0000
2025-05-19,2025-05-28,10,180,159.4731,162.4408,159.0000
2025-05-19,2025-05-29,11,172,154.5748,160.1996,164.0000
2025-05-19,2025-05-30,12,185,153.7834,158.0946,158.0000
2025-05-19,2025-05-31,13,155,139.9694,145.3828,150.0000
2025-05-19,2025-06-01,14,141,130.7379,133.6777,126.0000
2025-06-02,2025-06-02,1,199,185.4421,185.4421,188.0000
2025-06-02,2025-06-03,2,179,177.7694,176.4022,189.0000
2025-06-02,2025-06-04,3,169,172.2463,173.2362,180.0000
2025-06-02,2025-06-05,4,180,169.5749,171.9829,172.0000
2025-06-02,2025-06-06,5,160,168.4801,168.1524,185.0000
2025-06-02,2025-06-07,6,150,146.2902,160.3921,155.0000
2025-06-02,2025-06-08,7,140,139.3760,149.8262,141.0000
2025-06-02,2025-06-09,8,192,174.7835,184.5553,188.0000
2025-06-02,2025-06-10,9,184,176.1569,175.3569,189.0000
2025-06-02,2025-06-11,10,164,171.1211,172.8843,180.0000
2025-06-02,2025-06-12,11,173,166.6557,170.7820,172.0000
2025-06-02,2025-06-13,12,168,165.4482,168.2689,185.0000
2025-06-02,2025-06-14,13,156,151.0443,162.1411,155.0000
2025-06-02,2025-06-15,14,156,144.8700,149.9223,141.0000
2025-06-16,2025-06-16,1,197,189.2846,189.2846,192.0000
2025-06-16,2025-06-17,2,185,178.1981,179.9458,184.0000
2025-06-16,2025-06-18,3,194,170.3649,171.3961,164.0000
2025-06-16,2025-06-19,4,166,172.6685,170.3696,173.0000
2025-06-16,2025-06-20,5,163,170.0293,169.8554,168.0000
2025-06-16,2025-06-21,6,149,150.4820,160.3384,156.0000
2025-06-16,2025-06-22,7,132,164.2190,154.8232,156.0000
2025-06-16,2025-06-23,8,179,184.9727,189.2846,192.0000
2025-06-16,2025-06-24,9,177,179.2808,179.7809,184.0000
2025-06-16,2025-06-25,10,174,169.4374,171.2862,164.0000
2025-06-16,2025-06-26,11,175,172.8166,169.4739,173.0000
2025-06-16,2025-06-27,12,172,170.4590,168.8919,168.0000
2025-06-16,2025-06-28,13,145,151.5898,159.8023,156.0000
2025-06-16,2025-06-29,14,138,158.1223,154.7020,156.0000
2025-06-30,2025-06-30,1,184,187.8359,187.8359,179.0000
2025-06-30,2025-07-01,2,176,179.3978,180.1844,177.0000
2025-06-30,2025-07-02,3,163,175.6931,172.9502,174.0000
2025-06-30,2025-07-03,4,153,171.7300,169.1836,175.0000
2025-06-30,2025-07-04,5,155,167.5418,164.8974,172.0000
2025-06-30,2025-07-05,6,136,151.3318,149.4445,145.0000
2025-06-30,2025-07-06,7,124,142.9854,136.3806,138.0000
2025-06-30,2025-07-07,8,162,184.4647,187.5881,179.0000
2025-06-30,2025-07-08,9,159,178.0643,180.6249,177.0000
2025-06-30,2025-07-09,10,164,174.4186,172.4257,174.0000
2025-06-30,2025-07-10,11,158,168.3676,171.5399,175.0000
2025-06-30,2025-07-11,12,157,164.7486,167.7651,172.0000
2025-06-30,2025-07-12,13,142,146.0303,148.1326,145.0000
2025-06-30,2025-07-13,14,143,135.9518,136.0407,138.0000
